29-Aug-2025 11:29:17.435 INFO [main] org.apache.catalina.startup.VersionLoggerListener.log Server version name:   Apache Tomcat/9.0.98
29-Aug-2025 11:29:17.439 INFO [main] org.apache.catalina.startup.VersionLoggerListener.log Server built:          Dec 5 2024 19:50:29 UTC
29-Aug-2025 11:29:17.439 INFO [main] org.apache.catalina.startup.VersionLoggerListener.log Server version number: 9.0.98.0
29-Aug-2025 11:29:17.440 INFO [main] org.apache.catalina.startup.VersionLoggerListener.log OS Name:               Windows 10
29-Aug-2025 11:29:17.440 INFO [main] org.apache.catalina.startup.VersionLoggerListener.log OS Version:            10.0
29-Aug-2025 11:29:17.440 INFO [main] org.apache.catalina.startup.VersionLoggerListener.log Architecture:          amd64
29-Aug-2025 11:29:17.445 INFO [main] org.apache.catalina.startup.VersionLoggerListener.log Java Home:             C:\Program Files\Java\jdk-17.0.2
29-Aug-2025 11:29:17.445 INFO [main] org.apache.catalina.startup.VersionLoggerListener.log JVM Version:           17.0.2+8-LTS-86
29-Aug-2025 11:29:17.445 INFO [main] org.apache.catalina.startup.VersionLoggerListener.log JVM Vendor:            Oracle Corporation
29-Aug-2025 11:29:17.445 INFO [main] org.apache.catalina.startup.VersionLoggerListener.log CATALINA_BASE:         D:\PahanaeduBookshop\PahanaeduBookshop
29-Aug-2025 11:29:17.446 INFO [main] org.apache.catalina.startup.VersionLoggerListener.log CATALINA_HOME:         G:\ICBT\1st_Semester\PROGRAMMING\apache-tomcat-9.0.98\apache-tomcat-9.0.98
29-Aug-2025 11:29:17.460 INFO [main] org.apache.catalina.startup.VersionLoggerListener.log Command line argument: --add-opens=java.base/java.lang=ALL-UNNAMED
29-Aug-2025 11:29:17.460 INFO [main] org.apache.catalina.startup.VersionLoggerListener.log Command line argument: --add-opens=java.base/java.io=ALL-UNNAMED
29-Aug-2025 11:29:17.461 INFO [main] org.apache.catalina.startup.VersionLoggerListener.log Command line argument: --add-opens=java.base/java.util=ALL-UNNAMED
29-Aug-2025 11:29:17.461 INFO [main] org.apache.catalina.startup.VersionLoggerListener.log Command line argument: --add-opens=java.base/java.util.concurrent=ALL-UNNAMED
29-Aug-2025 11:29:17.461 INFO [main] org.apache.catalina.startup.VersionLoggerListener.log Command line argument: --add-opens=java.rmi/sun.rmi.transport=ALL-UNNAMED
29-Aug-2025 11:29:17.461 INFO [main] org.apache.catalina.startup.VersionLoggerListener.log Command line argument: -Dcatalina.home=G:\ICBT\1st_Semester\PROGRAMMING\apache-tomcat-9.0.98\apache-tomcat-9.0.98
29-Aug-2025 11:29:17.461 INFO [main] org.apache.catalina.startup.VersionLoggerListener.log Command line argument: -Dcatalina.base=D:\PahanaeduBookshop\PahanaeduBookshop
29-Aug-2025 11:29:17.461 INFO [main] org.apache.catalina.startup.VersionLoggerListener.log Command line argument: -Djava.io.tmpdir=D:\PahanaeduBookshop\PahanaeduBookshop\temp
29-Aug-2025 11:29:17.462 INFO [main] org.apache.catalina.startup.VersionLoggerListener.log Command line argument: -Djava.util.logging.config.file=D:\PahanaeduBookshop\PahanaeduBookshop\conf\logging.properties
29-Aug-2025 11:29:17.462 INFO [main] org.apache.catalina.startup.VersionLoggerListener.log Command line argument: -Djava.util.logging.manager=org.apache.juli.ClassLoaderLogManager
29-Aug-2025 11:29:17.462 INFO [main] org.apache.catalina.startup.VersionLoggerListener.log Command line argument: -javaagent:C:\Program Files\JetBrains\IntelliJ IDEA Community Edition 2024.3.1.1\lib\idea_rt.jar=54200:C:\Program Files\JetBrains\IntelliJ IDEA Community Edition 2024.3.1.1\bin
29-Aug-2025 11:29:17.462 INFO [main] org.apache.catalina.startup.VersionLoggerListener.log Command line argument: -Dfile.encoding=UTF-8
29-Aug-2025 11:29:17.717 INFO [main] org.apache.catalina.core.AprLifecycleListener.lifecycleEvent Loaded Apache Tomcat Native library [1.3.1] using APR version [1.7.4].
29-Aug-2025 11:29:17.717 INFO [main] org.apache.catalina.core.AprLifecycleListener.lifecycleEvent APR capabilities: IPv6 [true], sendfile [true], accept filters [false], random [true], UDS [true].
29-Aug-2025 11:29:17.717 INFO [main] org.apache.catalina.core.AprLifecycleListener.lifecycleEvent APR/OpenSSL configuration: useAprConnector [false], useOpenSSL [true]
29-Aug-2025 11:29:18.167 INFO [main] org.apache.catalina.core.AprLifecycleListener.initializeSSL OpenSSL successfully initialized [OpenSSL 3.0.14 4 Jun 2024]
29-Aug-2025 11:29:18.924 INFO [main] org.apache.coyote.AbstractProtocol.init Initializing ProtocolHandler ["http-nio-8080"]
29-Aug-2025 11:29:18.981 INFO [main] org.apache.catalina.startup.Catalina.load Server initialization in [2760] milliseconds
29-Aug-2025 11:29:19.237 INFO [main] org.apache.catalina.core.StandardService.startInternal Starting service [Catalina]
29-Aug-2025 11:29:19.238 INFO [main] org.apache.catalina.core.StandardEngine.startInternal Starting Servlet engine: [Apache Tomcat/9.0.98]
29-Aug-2025 11:29:19.324 INFO [main] org.apache.catalina.startup.HostConfig.deployDescriptor Deploying deployment descriptor [D:\PahanaeduBookshop\PahanaeduBookshop\conf\Catalina\localhost\PahanaeduBookshop.xml]
29-Aug-2025 11:29:20.633 INFO [main] org.apache.catalina.startup.HostConfig.deployDescriptor Deployment of deployment descriptor [D:\PahanaeduBookshop\PahanaeduBookshop\conf\Catalina\localhost\PahanaeduBookshop.xml] has finished in [1,310] ms
29-Aug-2025 11:29:20.639 INFO [main] org.apache.coyote.AbstractProtocol.start Starting ProtocolHandler ["http-nio-8080"]
29-Aug-2025 11:29:20.765 INFO [main] org.apache.catalina.startup.Catalina.start Server startup in [1783] milliseconds
29-Aug-2025 11:33:41.919 INFO [main] org.apache.catalina.startup.VersionLoggerListener.log Server version name:   Apache Tomcat/9.0.98
29-Aug-2025 11:33:41.935 INFO [main] org.apache.catalina.startup.VersionLoggerListener.log Server built:          Dec 5 2024 19:50:29 UTC
29-Aug-2025 11:33:41.936 INFO [main] org.apache.catalina.startup.VersionLoggerListener.log Server version number: 9.0.98.0
29-Aug-2025 11:33:41.937 INFO [main] org.apache.catalina.startup.VersionLoggerListener.log OS Name:               Windows 10
29-Aug-2025 11:33:41.938 INFO [main] org.apache.catalina.startup.VersionLoggerListener.log OS Version:            10.0
29-Aug-2025 11:33:41.938 INFO [main] org.apache.catalina.startup.VersionLoggerListener.log Architecture:          amd64
29-Aug-2025 11:33:41.939 INFO [main] org.apache.catalina.startup.VersionLoggerListener.log Java Home:             C:\Program Files\Java\jdk-17.0.2
29-Aug-2025 11:33:41.940 INFO [main] org.apache.catalina.startup.VersionLoggerListener.log JVM Version:           17.0.2+8-LTS-86
29-Aug-2025 11:33:41.941 INFO [main] org.apache.catalina.startup.VersionLoggerListener.log JVM Vendor:            Oracle Corporation
29-Aug-2025 11:33:41.941 INFO [main] org.apache.catalina.startup.VersionLoggerListener.log CATALINA_BASE:         D:\PahanaeduBookshop\PahanaeduBookshop
29-Aug-2025 11:33:41.941 INFO [main] org.apache.catalina.startup.VersionLoggerListener.log CATALINA_HOME:         G:\ICBT\1st_Semester\PROGRAMMING\apache-tomcat-9.0.98\apache-tomcat-9.0.98
29-Aug-2025 11:33:41.960 INFO [main] org.apache.catalina.startup.VersionLoggerListener.log Command line argument: --add-opens=java.base/java.lang=ALL-UNNAMED
29-Aug-2025 11:33:41.960 INFO [main] org.apache.catalina.startup.VersionLoggerListener.log Command line argument: --add-opens=java.base/java.io=ALL-UNNAMED
29-Aug-2025 11:33:41.961 INFO [main] org.apache.catalina.startup.VersionLoggerListener.log Command line argument: --add-opens=java.base/java.util=ALL-UNNAMED
29-Aug-2025 11:33:41.961 INFO [main] org.apache.catalina.startup.VersionLoggerListener.log Command line argument: --add-opens=java.base/java.util.concurrent=ALL-UNNAMED
29-Aug-2025 11:33:41.961 INFO [main] org.apache.catalina.startup.VersionLoggerListener.log Command line argument: --add-opens=java.rmi/sun.rmi.transport=ALL-UNNAMED
29-Aug-2025 11:33:41.962 INFO [main] org.apache.catalina.startup.VersionLoggerListener.log Command line argument: -Dcatalina.home=G:\ICBT\1st_Semester\PROGRAMMING\apache-tomcat-9.0.98\apache-tomcat-9.0.98
29-Aug-2025 11:33:41.962 INFO [main] org.apache.catalina.startup.VersionLoggerListener.log Command line argument: -Dcatalina.base=D:\PahanaeduBookshop\PahanaeduBookshop
29-Aug-2025 11:33:41.962 INFO [main] org.apache.catalina.startup.VersionLoggerListener.log Command line argument: -Djava.io.tmpdir=D:\PahanaeduBookshop\PahanaeduBookshop\temp
29-Aug-2025 11:33:41.963 INFO [main] org.apache.catalina.startup.VersionLoggerListener.log Command line argument: -Djava.util.logging.config.file=D:\PahanaeduBookshop\PahanaeduBookshop\conf\logging.properties
29-Aug-2025 11:33:41.963 INFO [main] org.apache.catalina.startup.VersionLoggerListener.log Command line argument: -Djava.util.logging.manager=org.apache.juli.ClassLoaderLogManager
29-Aug-2025 11:33:41.963 INFO [main] org.apache.catalina.startup.VersionLoggerListener.log Command line argument: -javaagent:C:\Program Files\JetBrains\IntelliJ IDEA Community Edition 2024.3.1.1\lib\idea_rt.jar=54248:C:\Program Files\JetBrains\IntelliJ IDEA Community Edition 2024.3.1.1\bin
29-Aug-2025 11:33:41.963 INFO [main] org.apache.catalina.startup.VersionLoggerListener.log Command line argument: -Dfile.encoding=UTF-8
29-Aug-2025 11:33:42.359 INFO [main] org.apache.catalina.core.AprLifecycleListener.lifecycleEvent Loaded Apache Tomcat Native library [1.3.1] using APR version [1.7.4].
29-Aug-2025 11:33:42.361 INFO [main] org.apache.catalina.core.AprLifecycleListener.lifecycleEvent APR capabilities: IPv6 [true], sendfile [true], accept filters [false], random [true], UDS [true].
29-Aug-2025 11:33:42.361 INFO [main] org.apache.catalina.core.AprLifecycleListener.lifecycleEvent APR/OpenSSL configuration: useAprConnector [false], useOpenSSL [true]
29-Aug-2025 11:33:42.520 INFO [main] org.apache.catalina.core.AprLifecycleListener.initializeSSL OpenSSL successfully initialized [OpenSSL 3.0.14 4 Jun 2024]
29-Aug-2025 11:33:46.410 INFO [main] org.apache.coyote.AbstractProtocol.init Initializing ProtocolHandler ["http-nio-8080"]
29-Aug-2025 11:33:46.946 INFO [main] org.apache.catalina.startup.Catalina.load Server initialization in [13765] milliseconds
29-Aug-2025 11:33:47.798 INFO [main] org.apache.catalina.core.StandardService.startInternal Starting service [Catalina]
29-Aug-2025 11:33:47.799 INFO [main] org.apache.catalina.core.StandardEngine.startInternal Starting Servlet engine: [Apache Tomcat/9.0.98]
29-Aug-2025 11:33:48.227 INFO [main] org.apache.catalina.startup.HostConfig.deployDescriptor Deploying deployment descriptor [D:\PahanaeduBookshop\PahanaeduBookshop\conf\Catalina\localhost\PahanaeduBookshop.xml]
29-Aug-2025 11:33:58.295 INFO [main] org.apache.catalina.startup.HostConfig.deployDescriptor Deployment of deployment descriptor [D:\PahanaeduBookshop\PahanaeduBookshop\conf\Catalina\localhost\PahanaeduBookshop.xml] has finished in [10,067] ms
29-Aug-2025 11:33:58.316 INFO [main] org.apache.coyote.AbstractProtocol.start Starting ProtocolHandler ["http-nio-8080"]
29-Aug-2025 11:33:58.733 INFO [main] org.apache.catalina.startup.Catalina.start Server startup in [11786] milliseconds
29-Aug-2025 11:43:29.802 INFO [Catalina-utility-2] org.apache.catalina.startup.HostConfig.reload Reloading context [/PahanaeduBookshop]
29-Aug-2025 11:43:30.333 INFO [Catalina-utility-2] org.apache.catalina.core.StandardContext.reload Reloading Context with name [/PahanaeduBookshop] has started
29-Aug-2025 11:43:39.755 INFO [Catalina-utility-2] org.apache.catalina.core.StandardContext.reload Reloading Context with name [/PahanaeduBookshop] is completed
29-Aug-2025 11:43:40.002 INFO [Thread-1] org.apache.coyote.AbstractProtocol.pause Pausing ProtocolHandler ["http-nio-8080"]
29-Aug-2025 11:43:40.172 INFO [Thread-1] org.apache.catalina.core.StandardService.stopInternal Stopping service [Catalina]
29-Aug-2025 11:43:40.189 INFO [Thread-1] org.apache.coyote.AbstractProtocol.stop Stopping ProtocolHandler ["http-nio-8080"]
29-Aug-2025 11:43:40.459 INFO [Thread-1] org.apache.coyote.AbstractProtocol.destroy Destroying ProtocolHandler ["http-nio-8080"]
29-Aug-2025 11:44:09.310 INFO [main] org.apache.catalina.startup.VersionLoggerListener.log Server version name:   Apache Tomcat/9.0.98
29-Aug-2025 11:44:09.314 INFO [main] org.apache.catalina.startup.VersionLoggerListener.log Server built:          Dec 5 2024 19:50:29 UTC
29-Aug-2025 11:44:09.314 INFO [main] org.apache.catalina.startup.VersionLoggerListener.log Server version number: 9.0.98.0
29-Aug-2025 11:44:09.314 INFO [main] org.apache.catalina.startup.VersionLoggerListener.log OS Name:               Windows 10
29-Aug-2025 11:44:09.315 INFO [main] org.apache.catalina.startup.VersionLoggerListener.log OS Version:            10.0
29-Aug-2025 11:44:09.315 INFO [main] org.apache.catalina.startup.VersionLoggerListener.log Architecture:          amd64
29-Aug-2025 11:44:09.315 INFO [main] org.apache.catalina.startup.VersionLoggerListener.log Java Home:             C:\Program Files\Java\jdk-17.0.2
29-Aug-2025 11:44:09.315 INFO [main] org.apache.catalina.startup.VersionLoggerListener.log JVM Version:           17.0.2+8-LTS-86
29-Aug-2025 11:44:09.315 INFO [main] org.apache.catalina.startup.VersionLoggerListener.log JVM Vendor:            Oracle Corporation
29-Aug-2025 11:44:09.315 INFO [main] org.apache.catalina.startup.VersionLoggerListener.log CATALINA_BASE:         D:\PahanaeduBookshop\PahanaeduBookshop
29-Aug-2025 11:44:09.315 INFO [main] org.apache.catalina.startup.VersionLoggerListener.log CATALINA_HOME:         G:\ICBT\1st_Semester\PROGRAMMING\apache-tomcat-9.0.98\apache-tomcat-9.0.98
29-Aug-2025 11:44:09.385 INFO [main] org.apache.catalina.startup.VersionLoggerListener.log Command line argument: --add-opens=java.base/java.lang=ALL-UNNAMED
29-Aug-2025 11:44:09.385 INFO [main] org.apache.catalina.startup.VersionLoggerListener.log Command line argument: --add-opens=java.base/java.io=ALL-UNNAMED
29-Aug-2025 11:44:09.385 INFO [main] org.apache.catalina.startup.VersionLoggerListener.log Command line argument: --add-opens=java.base/java.util=ALL-UNNAMED
29-Aug-2025 11:44:09.386 INFO [main] org.apache.catalina.startup.VersionLoggerListener.log Command line argument: --add-opens=java.base/java.util.concurrent=ALL-UNNAMED
29-Aug-2025 11:44:09.386 INFO [main] org.apache.catalina.startup.VersionLoggerListener.log Command line argument: --add-opens=java.rmi/sun.rmi.transport=ALL-UNNAMED
29-Aug-2025 11:44:09.387 INFO [main] org.apache.catalina.startup.VersionLoggerListener.log Command line argument: -Dcatalina.home=G:\ICBT\1st_Semester\PROGRAMMING\apache-tomcat-9.0.98\apache-tomcat-9.0.98
29-Aug-2025 11:44:09.387 INFO [main] org.apache.catalina.startup.VersionLoggerListener.log Command line argument: -Dcatalina.base=D:\PahanaeduBookshop\PahanaeduBookshop
29-Aug-2025 11:44:09.387 INFO [main] org.apache.catalina.startup.VersionLoggerListener.log Command line argument: -Djava.io.tmpdir=D:\PahanaeduBookshop\PahanaeduBookshop\temp
29-Aug-2025 11:44:09.387 INFO [main] org.apache.catalina.startup.VersionLoggerListener.log Command line argument: -Djava.util.logging.config.file=D:\PahanaeduBookshop\PahanaeduBookshop\conf\logging.properties
29-Aug-2025 11:44:09.388 INFO [main] org.apache.catalina.startup.VersionLoggerListener.log Command line argument: -Djava.util.logging.manager=org.apache.juli.ClassLoaderLogManager
29-Aug-2025 11:44:09.388 INFO [main] org.apache.catalina.startup.VersionLoggerListener.log Command line argument: -javaagent:C:\Program Files\JetBrains\IntelliJ IDEA Community Edition 2024.3.1.1\lib\idea_rt.jar=54299:C:\Program Files\JetBrains\IntelliJ IDEA Community Edition 2024.3.1.1\bin
29-Aug-2025 11:44:09.388 INFO [main] org.apache.catalina.startup.VersionLoggerListener.log Command line argument: -Dfile.encoding=UTF-8
29-Aug-2025 11:44:09.628 INFO [main] org.apache.catalina.core.AprLifecycleListener.lifecycleEvent Loaded Apache Tomcat Native library [1.3.1] using APR version [1.7.4].
29-Aug-2025 11:44:09.628 INFO [main] org.apache.catalina.core.AprLifecycleListener.lifecycleEvent APR capabilities: IPv6 [true], sendfile [true], accept filters [false], random [true], UDS [true].
29-Aug-2025 11:44:09.629 INFO [main] org.apache.catalina.core.AprLifecycleListener.lifecycleEvent APR/OpenSSL configuration: useAprConnector [false], useOpenSSL [true]
29-Aug-2025 11:44:11.000 INFO [main] org.apache.catalina.core.AprLifecycleListener.initializeSSL OpenSSL successfully initialized [OpenSSL 3.0.14 4 Jun 2024]
29-Aug-2025 11:44:11.524 INFO [main] org.apache.coyote.AbstractProtocol.init Initializing ProtocolHandler ["http-nio-8080"]
29-Aug-2025 11:44:11.606 INFO [main] org.apache.catalina.startup.Catalina.load Server initialization in [3437] milliseconds
29-Aug-2025 11:44:11.825 INFO [main] org.apache.catalina.core.StandardService.startInternal Starting service [Catalina]
29-Aug-2025 11:44:11.826 INFO [main] org.apache.catalina.core.StandardEngine.startInternal Starting Servlet engine: [Apache Tomcat/9.0.98]
29-Aug-2025 11:44:11.856 INFO [main] org.apache.catalina.startup.HostConfig.deployDescriptor Deploying deployment descriptor [D:\PahanaeduBookshop\PahanaeduBookshop\conf\Catalina\localhost\PahanaeduBookshop.xml]
29-Aug-2025 11:44:13.487 WARNING [main] org.apache.catalina.util.SessionIdGeneratorBase.createSecureRandom Creation of SecureRandom instance for session ID generation using [SHA1PRNG] took [467] milliseconds.
29-Aug-2025 11:44:13.993 INFO [main] org.apache.catalina.startup.HostConfig.deployDescriptor Deployment of deployment descriptor [D:\PahanaeduBookshop\PahanaeduBookshop\conf\Catalina\localhost\PahanaeduBookshop.xml] has finished in [2,137] ms
29-Aug-2025 11:44:14.021 INFO [main] org.apache.coyote.AbstractProtocol.start Starting ProtocolHandler ["http-nio-8080"]
29-Aug-2025 11:44:14.344 INFO [main] org.apache.catalina.startup.Catalina.start Server startup in [2736] milliseconds
29-Aug-2025 11:48:33.723 INFO [Thread-1] org.apache.coyote.AbstractProtocol.pause Pausing ProtocolHandler ["http-nio-8080"]
29-Aug-2025 11:48:33.860 INFO [Thread-1] org.apache.catalina.core.StandardService.stopInternal Stopping service [Catalina]
29-Aug-2025 11:48:33.882 INFO [Thread-1] org.apache.coyote.AbstractProtocol.stop Stopping ProtocolHandler ["http-nio-8080"]
29-Aug-2025 11:48:33.899 INFO [Thread-1] org.apache.coyote.AbstractProtocol.destroy Destroying ProtocolHandler ["http-nio-8080"]
29-Aug-2025 11:50:42.627 INFO [main] org.apache.catalina.startup.VersionLoggerListener.log Server version name:   Apache Tomcat/9.0.98
29-Aug-2025 11:50:42.638 INFO [main] org.apache.catalina.startup.VersionLoggerListener.log Server built:          Dec 5 2024 19:50:29 UTC
29-Aug-2025 11:50:42.638 INFO [main] org.apache.catalina.startup.VersionLoggerListener.log Server version number: 9.0.98.0
29-Aug-2025 11:50:42.639 INFO [main] org.apache.catalina.startup.VersionLoggerListener.log OS Name:               Windows 10
29-Aug-2025 11:50:42.639 INFO [main] org.apache.catalina.startup.VersionLoggerListener.log OS Version:            10.0
29-Aug-2025 11:50:42.639 INFO [main] org.apache.catalina.startup.VersionLoggerListener.log Architecture:          amd64
29-Aug-2025 11:50:42.640 INFO [main] org.apache.catalina.startup.VersionLoggerListener.log Java Home:             C:\Program Files\Java\jdk-17.0.2
29-Aug-2025 11:50:42.640 INFO [main] org.apache.catalina.startup.VersionLoggerListener.log JVM Version:           17.0.2+8-LTS-86
29-Aug-2025 11:50:42.640 INFO [main] org.apache.catalina.startup.VersionLoggerListener.log JVM Vendor:            Oracle Corporation
29-Aug-2025 11:50:42.640 INFO [main] org.apache.catalina.startup.VersionLoggerListener.log CATALINA_BASE:         D:\PahanaeduBookshop\PahanaeduBookshop
29-Aug-2025 11:50:42.640 INFO [main] org.apache.catalina.startup.VersionLoggerListener.log CATALINA_HOME:         G:\ICBT\1st_Semester\PROGRAMMING\apache-tomcat-9.0.98\apache-tomcat-9.0.98
29-Aug-2025 11:50:42.680 INFO [main] org.apache.catalina.startup.VersionLoggerListener.log Command line argument: --add-opens=java.base/java.lang=ALL-UNNAMED
29-Aug-2025 11:50:42.681 INFO [main] org.apache.catalina.startup.VersionLoggerListener.log Command line argument: --add-opens=java.base/java.io=ALL-UNNAMED
29-Aug-2025 11:50:42.681 INFO [main] org.apache.catalina.startup.VersionLoggerListener.log Command line argument: --add-opens=java.base/java.util=ALL-UNNAMED
29-Aug-2025 11:50:42.681 INFO [main] org.apache.catalina.startup.VersionLoggerListener.log Command line argument: --add-opens=java.base/java.util.concurrent=ALL-UNNAMED
29-Aug-2025 11:50:42.681 INFO [main] org.apache.catalina.startup.VersionLoggerListener.log Command line argument: --add-opens=java.rmi/sun.rmi.transport=ALL-UNNAMED
29-Aug-2025 11:50:42.681 INFO [main] org.apache.catalina.startup.VersionLoggerListener.log Command line argument: -agentlib:jdwp=transport=dt_socket,address=127.0.0.1:54333,suspend=y,server=n
29-Aug-2025 11:50:42.681 INFO [main] org.apache.catalina.startup.VersionLoggerListener.log Command line argument: -Dcatalina.home=G:\ICBT\1st_Semester\PROGRAMMING\apache-tomcat-9.0.98\apache-tomcat-9.0.98
29-Aug-2025 11:50:42.681 INFO [main] org.apache.catalina.startup.VersionLoggerListener.log Command line argument: -Dcatalina.base=D:\PahanaeduBookshop\PahanaeduBookshop
29-Aug-2025 11:50:42.683 INFO [main] org.apache.catalina.startup.VersionLoggerListener.log Command line argument: -Djava.io.tmpdir=D:\PahanaeduBookshop\PahanaeduBookshop\temp
29-Aug-2025 11:50:42.683 INFO [main] org.apache.catalina.startup.VersionLoggerListener.log Command line argument: -Djava.util.logging.config.file=D:\PahanaeduBookshop\PahanaeduBookshop\conf\logging.properties
29-Aug-2025 11:50:42.683 INFO [main] org.apache.catalina.startup.VersionLoggerListener.log Command line argument: -Djava.util.logging.manager=org.apache.juli.ClassLoaderLogManager
29-Aug-2025 11:50:42.683 INFO [main] org.apache.catalina.startup.VersionLoggerListener.log Command line argument: -javaagent:C:\Users\BINUKA~1\AppData\Local\Temp\captureAgent7jars\debugger-agent.jar
29-Aug-2025 11:50:42.684 INFO [main] org.apache.catalina.startup.VersionLoggerListener.log Command line argument: -Dkotlinx.coroutines.debug.enable.creation.stack.trace=false
29-Aug-2025 11:50:42.684 INFO [main] org.apache.catalina.startup.VersionLoggerListener.log Command line argument: -Ddebugger.agent.enable.coroutines=true
29-Aug-2025 11:50:42.684 INFO [main] org.apache.catalina.startup.VersionLoggerListener.log Command line argument: -Dkotlinx.coroutines.debug.enable.flows.stack.trace=true
29-Aug-2025 11:50:42.685 INFO [main] org.apache.catalina.startup.VersionLoggerListener.log Command line argument: -Dkotlinx.coroutines.debug.enable.mutable.state.flows.stack.trace=true
29-Aug-2025 11:50:42.685 INFO [main] org.apache.catalina.startup.VersionLoggerListener.log Command line argument: -Dfile.encoding=UTF-8
29-Aug-2025 11:50:42.950 INFO [main] org.apache.catalina.core.AprLifecycleListener.lifecycleEvent Loaded Apache Tomcat Native library [1.3.1] using APR version [1.7.4].
29-Aug-2025 11:50:42.951 INFO [main] org.apache.catalina.core.AprLifecycleListener.lifecycleEvent APR capabilities: IPv6 [true], sendfile [true], accept filters [false], random [true], UDS [true].
29-Aug-2025 11:50:42.951 INFO [main] org.apache.catalina.core.AprLifecycleListener.lifecycleEvent APR/OpenSSL configuration: useAprConnector [false], useOpenSSL [true]
29-Aug-2025 11:50:43.489 INFO [main] org.apache.catalina.core.AprLifecycleListener.initializeSSL OpenSSL successfully initialized [OpenSSL 3.0.14 4 Jun 2024]
29-Aug-2025 11:50:44.379 INFO [main] org.apache.coyote.AbstractProtocol.init Initializing ProtocolHandler ["http-nio-8080"]
29-Aug-2025 11:50:44.446 INFO [main] org.apache.catalina.startup.Catalina.load Server initialization in [4340] milliseconds
29-Aug-2025 11:50:44.675 INFO [main] org.apache.catalina.core.StandardService.startInternal Starting service [Catalina]
29-Aug-2025 11:50:44.675 INFO [main] org.apache.catalina.core.StandardEngine.startInternal Starting Servlet engine: [Apache Tomcat/9.0.98]
29-Aug-2025 11:50:44.728 INFO [main] org.apache.catalina.startup.HostConfig.deployDescriptor Deploying deployment descriptor [D:\PahanaeduBookshop\PahanaeduBookshop\conf\Catalina\localhost\PahanaeduBookshop.xml]
29-Aug-2025 11:50:46.436 INFO [main] org.apache.jasper.servlet.TldScanner.scanJars At least one JAR was scanned for TLDs yet contained no TLDs. Enable debug logging for this logger for a complete list of JARs that were scanned but no TLDs were found in them. Skipping unneeded JARs during scanning can improve startup time and JSP compilation time.
29-Aug-2025 11:50:47.131 INFO [main] org.apache.catalina.startup.HostConfig.deployDescriptor Deployment of deployment descriptor [D:\PahanaeduBookshop\PahanaeduBookshop\conf\Catalina\localhost\PahanaeduBookshop.xml] has finished in [2,401] ms
29-Aug-2025 11:50:47.173 INFO [main] org.apache.coyote.AbstractProtocol.start Starting ProtocolHandler ["http-nio-8080"]
29-Aug-2025 11:50:47.864 INFO [main] org.apache.catalina.startup.Catalina.start Server startup in [3417] milliseconds
29-Aug-2025 11:54:00.029 INFO [Thread-1] org.apache.coyote.AbstractProtocol.pause Pausing ProtocolHandler ["http-nio-8080"]
29-Aug-2025 11:54:00.172 INFO [Thread-1] org.apache.catalina.core.StandardService.stopInternal Stopping service [Catalina]
29-Aug-2025 11:54:00.291 INFO [Thread-1] org.apache.coyote.AbstractProtocol.stop Stopping ProtocolHandler ["http-nio-8080"]
29-Aug-2025 11:54:39.499 INFO [main] org.apache.catalina.startup.VersionLoggerListener.log Server version name:   Apache Tomcat/9.0.98
29-Aug-2025 11:54:39.504 INFO [main] org.apache.catalina.startup.VersionLoggerListener.log Server built:          Dec 5 2024 19:50:29 UTC
29-Aug-2025 11:54:39.505 INFO [main] org.apache.catalina.startup.VersionLoggerListener.log Server version number: 9.0.98.0
29-Aug-2025 11:54:39.505 INFO [main] org.apache.catalina.startup.VersionLoggerListener.log OS Name:               Windows 10
29-Aug-2025 11:54:39.505 INFO [main] org.apache.catalina.startup.VersionLoggerListener.log OS Version:            10.0
29-Aug-2025 11:54:39.506 INFO [main] org.apache.catalina.startup.VersionLoggerListener.log Architecture:          amd64
29-Aug-2025 11:54:39.507 INFO [main] org.apache.catalina.startup.VersionLoggerListener.log Java Home:             C:\Program Files\Java\jdk-17.0.2
29-Aug-2025 11:54:39.507 INFO [main] org.apache.catalina.startup.VersionLoggerListener.log JVM Version:           17.0.2+8-LTS-86
29-Aug-2025 11:54:39.508 INFO [main] org.apache.catalina.startup.VersionLoggerListener.log JVM Vendor:            Oracle Corporation
29-Aug-2025 11:54:39.508 INFO [main] org.apache.catalina.startup.VersionLoggerListener.log CATALINA_BASE:         D:\PahanaeduBookshop\PahanaeduBookshop
29-Aug-2025 11:54:39.508 INFO [main] org.apache.catalina.startup.VersionLoggerListener.log CATALINA_HOME:         G:\ICBT\1st_Semester\PROGRAMMING\apache-tomcat-9.0.98\apache-tomcat-9.0.98
29-Aug-2025 11:54:39.523 INFO [main] org.apache.catalina.startup.VersionLoggerListener.log Command line argument: --add-opens=java.base/java.lang=ALL-UNNAMED
29-Aug-2025 11:54:39.523 INFO [main] org.apache.catalina.startup.VersionLoggerListener.log Command line argument: --add-opens=java.base/java.io=ALL-UNNAMED
29-Aug-2025 11:54:39.524 INFO [main] org.apache.catalina.startup.VersionLoggerListener.log Command line argument: --add-opens=java.base/java.util=ALL-UNNAMED
29-Aug-2025 11:54:39.524 INFO [main] org.apache.catalina.startup.VersionLoggerListener.log Command line argument: --add-opens=java.base/java.util.concurrent=ALL-UNNAMED
29-Aug-2025 11:54:39.524 INFO [main] org.apache.catalina.startup.VersionLoggerListener.log Command line argument: --add-opens=java.rmi/sun.rmi.transport=ALL-UNNAMED
29-Aug-2025 11:54:39.524 INFO [main] org.apache.catalina.startup.VersionLoggerListener.log Command line argument: -Dcatalina.home=G:\ICBT\1st_Semester\PROGRAMMING\apache-tomcat-9.0.98\apache-tomcat-9.0.98
29-Aug-2025 11:54:39.525 INFO [main] org.apache.catalina.startup.VersionLoggerListener.log Command line argument: -Dcatalina.base=D:\PahanaeduBookshop\PahanaeduBookshop
29-Aug-2025 11:54:39.525 INFO [main] org.apache.catalina.startup.VersionLoggerListener.log Command line argument: -Djava.io.tmpdir=D:\PahanaeduBookshop\PahanaeduBookshop\temp
29-Aug-2025 11:54:39.525 INFO [main] org.apache.catalina.startup.VersionLoggerListener.log Command line argument: -Djava.util.logging.config.file=D:\PahanaeduBookshop\PahanaeduBookshop\conf\logging.properties
29-Aug-2025 11:54:39.525 INFO [main] org.apache.catalina.startup.VersionLoggerListener.log Command line argument: -Djava.util.logging.manager=org.apache.juli.ClassLoaderLogManager
29-Aug-2025 11:54:39.525 INFO [main] org.apache.catalina.startup.VersionLoggerListener.log Command line argument: -javaagent:C:\Program Files\JetBrains\IntelliJ IDEA Community Edition 2024.3.1.1\lib\idea_rt.jar=54348:C:\Program Files\JetBrains\IntelliJ IDEA Community Edition 2024.3.1.1\bin
29-Aug-2025 11:54:39.525 INFO [main] org.apache.catalina.startup.VersionLoggerListener.log Command line argument: -Dfile.encoding=UTF-8
29-Aug-2025 11:54:39.558 INFO [main] org.apache.catalina.core.AprLifecycleListener.lifecycleEvent Loaded Apache Tomcat Native library [1.3.1] using APR version [1.7.4].
29-Aug-2025 11:54:39.558 INFO [main] org.apache.catalina.core.AprLifecycleListener.lifecycleEvent APR capabilities: IPv6 [true], sendfile [true], accept filters [false], random [true], UDS [true].
29-Aug-2025 11:54:39.558 INFO [main] org.apache.catalina.core.AprLifecycleListener.lifecycleEvent APR/OpenSSL configuration: useAprConnector [false], useOpenSSL [true]
29-Aug-2025 11:54:39.568 INFO [main] org.apache.catalina.core.AprLifecycleListener.initializeSSL OpenSSL successfully initialized [OpenSSL 3.0.14 4 Jun 2024]
29-Aug-2025 11:54:40.146 INFO [main] org.apache.coyote.AbstractProtocol.init Initializing ProtocolHandler ["http-nio-8005"]
29-Aug-2025 11:54:40.180 INFO [main] org.apache.catalina.startup.Catalina.load Server initialization in [1081] milliseconds
29-Aug-2025 11:54:40.252 INFO [main] org.apache.catalina.core.StandardService.startInternal Starting service [Catalina]
29-Aug-2025 11:54:40.253 INFO [main] org.apache.catalina.core.StandardEngine.startInternal Starting Servlet engine: [Apache Tomcat/9.0.98]
29-Aug-2025 11:54:40.267 INFO [main] org.apache.catalina.startup.HostConfig.deployDescriptor Deploying deployment descriptor [D:\PahanaeduBookshop\PahanaeduBookshop\conf\Catalina\localhost\PahanaeduBookshop.xml]
29-Aug-2025 11:54:40.985 INFO [main] org.apache.catalina.startup.HostConfig.deployDescriptor Deployment of deployment descriptor [D:\PahanaeduBookshop\PahanaeduBookshop\conf\Catalina\localhost\PahanaeduBookshop.xml] has finished in [716] ms
29-Aug-2025 11:54:40.992 INFO [main] org.apache.coyote.AbstractProtocol.start Starting ProtocolHandler ["http-nio-8005"]
29-Aug-2025 11:54:41.067 INFO [main] org.apache.catalina.startup.Catalina.start Server startup in [887] milliseconds
29-Aug-2025 11:55:37.889 INFO [Thread-1] org.apache.coyote.AbstractProtocol.pause Pausing ProtocolHandler ["http-nio-8005"]
29-Aug-2025 11:55:38.020 INFO [Thread-1] org.apache.catalina.core.StandardService.stopInternal Stopping service [Catalina]
29-Aug-2025 11:55:38.058 INFO [Thread-1] org.apache.coyote.AbstractProtocol.stop Stopping ProtocolHandler ["http-nio-8005"]
29-Aug-2025 11:55:38.075 INFO [Thread-1] org.apache.coyote.AbstractProtocol.destroy Destroying ProtocolHandler ["http-nio-8005"]
29-Aug-2025 11:55:43.575 INFO [main] org.apache.catalina.startup.VersionLoggerListener.log Server version name:   Apache Tomcat/9.0.98
29-Aug-2025 11:55:43.582 INFO [main] org.apache.catalina.startup.VersionLoggerListener.log Server built:          Dec 5 2024 19:50:29 UTC
29-Aug-2025 11:55:43.582 INFO [main] org.apache.catalina.startup.VersionLoggerListener.log Server version number: 9.0.98.0
29-Aug-2025 11:55:43.582 INFO [main] org.apache.catalina.startup.VersionLoggerListener.log OS Name:               Windows 10
29-Aug-2025 11:55:43.582 INFO [main] org.apache.catalina.startup.VersionLoggerListener.log OS Version:            10.0
29-Aug-2025 11:55:43.582 INFO [main] org.apache.catalina.startup.VersionLoggerListener.log Architecture:          amd64
29-Aug-2025 11:55:43.582 INFO [main] org.apache.catalina.startup.VersionLoggerListener.log Java Home:             C:\Program Files\Java\jdk-17.0.2
29-Aug-2025 11:55:43.582 INFO [main] org.apache.catalina.startup.VersionLoggerListener.log JVM Version:           17.0.2+8-LTS-86
29-Aug-2025 11:55:43.582 INFO [main] org.apache.catalina.startup.VersionLoggerListener.log JVM Vendor:            Oracle Corporation
29-Aug-2025 11:55:43.582 INFO [main] org.apache.catalina.startup.VersionLoggerListener.log CATALINA_BASE:         D:\PahanaeduBookshop\PahanaeduBookshop
29-Aug-2025 11:55:43.582 INFO [main] org.apache.catalina.startup.VersionLoggerListener.log CATALINA_HOME:         G:\ICBT\1st_Semester\PROGRAMMING\apache-tomcat-9.0.98\apache-tomcat-9.0.98
29-Aug-2025 11:55:43.597 INFO [main] org.apache.catalina.startup.VersionLoggerListener.log Command line argument: --add-opens=java.base/java.lang=ALL-UNNAMED
29-Aug-2025 11:55:43.597 INFO [main] org.apache.catalina.startup.VersionLoggerListener.log Command line argument: --add-opens=java.base/java.io=ALL-UNNAMED
29-Aug-2025 11:55:43.597 INFO [main] org.apache.catalina.startup.VersionLoggerListener.log Command line argument: --add-opens=java.base/java.util=ALL-UNNAMED
29-Aug-2025 11:55:43.597 INFO [main] org.apache.catalina.startup.VersionLoggerListener.log Command line argument: --add-opens=java.base/java.util.concurrent=ALL-UNNAMED
29-Aug-2025 11:55:43.597 INFO [main] org.apache.catalina.startup.VersionLoggerListener.log Command line argument: --add-opens=java.rmi/sun.rmi.transport=ALL-UNNAMED
29-Aug-2025 11:55:43.597 INFO [main] org.apache.catalina.startup.VersionLoggerListener.log Command line argument: -Dcatalina.home=G:\ICBT\1st_Semester\PROGRAMMING\apache-tomcat-9.0.98\apache-tomcat-9.0.98
29-Aug-2025 11:55:43.597 INFO [main] org.apache.catalina.startup.VersionLoggerListener.log Command line argument: -Dcatalina.base=D:\PahanaeduBookshop\PahanaeduBookshop
29-Aug-2025 11:55:43.597 INFO [main] org.apache.catalina.startup.VersionLoggerListener.log Command line argument: -Djava.io.tmpdir=D:\PahanaeduBookshop\PahanaeduBookshop\temp
29-Aug-2025 11:55:43.597 INFO [main] org.apache.catalina.startup.VersionLoggerListener.log Command line argument: -Djava.util.logging.config.file=D:\PahanaeduBookshop\PahanaeduBookshop\conf\logging.properties
29-Aug-2025 11:55:43.597 INFO [main] org.apache.catalina.startup.VersionLoggerListener.log Command line argument: -Djava.util.logging.manager=org.apache.juli.ClassLoaderLogManager
29-Aug-2025 11:55:43.597 INFO [main] org.apache.catalina.startup.VersionLoggerListener.log Command line argument: -javaagent:C:\Program Files\JetBrains\IntelliJ IDEA Community Edition 2024.3.1.1\lib\idea_rt.jar=54360:C:\Program Files\JetBrains\IntelliJ IDEA Community Edition 2024.3.1.1\bin
29-Aug-2025 11:55:43.597 INFO [main] org.apache.catalina.startup.VersionLoggerListener.log Command line argument: -Dfile.encoding=UTF-8
29-Aug-2025 11:55:43.660 INFO [main] org.apache.catalina.core.AprLifecycleListener.lifecycleEvent Loaded Apache Tomcat Native library [1.3.1] using APR version [1.7.4].
29-Aug-2025 11:55:43.660 INFO [main] org.apache.catalina.core.AprLifecycleListener.lifecycleEvent APR capabilities: IPv6 [true], sendfile [true], accept filters [false], random [true], UDS [true].
29-Aug-2025 11:55:43.660 INFO [main] org.apache.catalina.core.AprLifecycleListener.lifecycleEvent APR/OpenSSL configuration: useAprConnector [false], useOpenSSL [true]
29-Aug-2025 11:55:43.837 INFO [main] org.apache.catalina.core.AprLifecycleListener.initializeSSL OpenSSL successfully initialized [OpenSSL 3.0.14 4 Jun 2024]
29-Aug-2025 11:55:44.627 INFO [main] org.apache.coyote.AbstractProtocol.init Initializing ProtocolHandler ["http-nio-8005"]
29-Aug-2025 11:55:44.680 INFO [main] org.apache.catalina.startup.Catalina.load Server initialization in [1560] milliseconds
29-Aug-2025 11:55:44.746 INFO [main] org.apache.catalina.core.StandardService.startInternal Starting service [Catalina]
29-Aug-2025 11:55:44.746 INFO [main] org.apache.catalina.core.StandardEngine.startInternal Starting Servlet engine: [Apache Tomcat/9.0.98]
29-Aug-2025 11:55:44.759 INFO [main] org.apache.catalina.startup.HostConfig.deployDescriptor Deploying deployment descriptor [D:\PahanaeduBookshop\PahanaeduBookshop\conf\Catalina\localhost\PahanaeduBookshop.xml]
29-Aug-2025 11:55:45.410 INFO [main] org.apache.catalina.startup.HostConfig.deployDescriptor Deployment of deployment descriptor [D:\PahanaeduBookshop\PahanaeduBookshop\conf\Catalina\localhost\PahanaeduBookshop.xml] has finished in [648] ms
29-Aug-2025 11:55:45.416 INFO [main] org.apache.coyote.AbstractProtocol.start Starting ProtocolHandler ["http-nio-8005"]
29-Aug-2025 11:55:45.492 INFO [main] org.apache.catalina.startup.Catalina.start Server startup in [811] milliseconds
29-Aug-2025 11:59:50.666 INFO [Thread-1] org.apache.coyote.AbstractProtocol.pause Pausing ProtocolHandler ["http-nio-8005"]
29-Aug-2025 11:59:50.877 INFO [Thread-1] org.apache.catalina.core.StandardService.stopInternal Stopping service [Catalina]
29-Aug-2025 11:59:50.888 INFO [Thread-1] org.apache.coyote.AbstractProtocol.stop Stopping ProtocolHandler ["http-nio-8005"]
29-Aug-2025 11:59:50.919 INFO [Thread-1] org.apache.coyote.AbstractProtocol.destroy Destroying ProtocolHandler ["http-nio-8005"]
29-Aug-2025 12:00:01.222 INFO [main] org.apache.catalina.startup.VersionLoggerListener.log Server version name:   Apache Tomcat/9.0.98
29-Aug-2025 12:00:01.226 INFO [main] org.apache.catalina.startup.VersionLoggerListener.log Server built:          Dec 5 2024 19:50:29 UTC
29-Aug-2025 12:00:01.226 INFO [main] org.apache.catalina.startup.VersionLoggerListener.log Server version number: 9.0.98.0
29-Aug-2025 12:00:01.227 INFO [main] org.apache.catalina.startup.VersionLoggerListener.log OS Name:               Windows 10
29-Aug-2025 12:00:01.227 INFO [main] org.apache.catalina.startup.VersionLoggerListener.log OS Version:            10.0
29-Aug-2025 12:00:01.227 INFO [main] org.apache.catalina.startup.VersionLoggerListener.log Architecture:          amd64
29-Aug-2025 12:00:01.227 INFO [main] org.apache.catalina.startup.VersionLoggerListener.log Java Home:             C:\Program Files\Java\jdk-17.0.2
29-Aug-2025 12:00:01.227 INFO [main] org.apache.catalina.startup.VersionLoggerListener.log JVM Version:           17.0.2+8-LTS-86
29-Aug-2025 12:00:01.227 INFO [main] org.apache.catalina.startup.VersionLoggerListener.log JVM Vendor:            Oracle Corporation
29-Aug-2025 12:00:01.227 INFO [main] org.apache.catalina.startup.VersionLoggerListener.log CATALINA_BASE:         D:\PahanaeduBookshop\PahanaeduBookshop
29-Aug-2025 12:00:01.228 INFO [main] org.apache.catalina.startup.VersionLoggerListener.log CATALINA_HOME:         G:\ICBT\1st_Semester\PROGRAMMING\apache-tomcat-9.0.98\apache-tomcat-9.0.98
29-Aug-2025 12:00:01.240 INFO [main] org.apache.catalina.startup.VersionLoggerListener.log Command line argument: --add-opens=java.base/java.lang=ALL-UNNAMED
29-Aug-2025 12:00:01.241 INFO [main] org.apache.catalina.startup.VersionLoggerListener.log Command line argument: --add-opens=java.base/java.io=ALL-UNNAMED
29-Aug-2025 12:00:01.241 INFO [main] org.apache.catalina.startup.VersionLoggerListener.log Command line argument: --add-opens=java.base/java.util=ALL-UNNAMED
29-Aug-2025 12:00:01.241 INFO [main] org.apache.catalina.startup.VersionLoggerListener.log Command line argument: --add-opens=java.base/java.util.concurrent=ALL-UNNAMED
29-Aug-2025 12:00:01.241 INFO [main] org.apache.catalina.startup.VersionLoggerListener.log Command line argument: --add-opens=java.rmi/sun.rmi.transport=ALL-UNNAMED
29-Aug-2025 12:00:01.241 INFO [main] org.apache.catalina.startup.VersionLoggerListener.log Command line argument: -Dcatalina.home=G:\ICBT\1st_Semester\PROGRAMMING\apache-tomcat-9.0.98\apache-tomcat-9.0.98
29-Aug-2025 12:00:01.241 INFO [main] org.apache.catalina.startup.VersionLoggerListener.log Command line argument: -Dcatalina.base=D:\PahanaeduBookshop\PahanaeduBookshop
29-Aug-2025 12:00:01.241 INFO [main] org.apache.catalina.startup.VersionLoggerListener.log Command line argument: -Djava.io.tmpdir=D:\PahanaeduBookshop\PahanaeduBookshop\temp
29-Aug-2025 12:00:01.242 INFO [main] org.apache.catalina.startup.VersionLoggerListener.log Command line argument: -Djava.util.logging.config.file=D:\PahanaeduBookshop\PahanaeduBookshop\conf\logging.properties
29-Aug-2025 12:00:01.242 INFO [main] org.apache.catalina.startup.VersionLoggerListener.log Command line argument: -Djava.util.logging.manager=org.apache.juli.ClassLoaderLogManager
29-Aug-2025 12:00:01.242 INFO [main] org.apache.catalina.startup.VersionLoggerListener.log Command line argument: -javaagent:C:\Program Files\JetBrains\IntelliJ IDEA Community Edition 2024.3.1.1\lib\idea_rt.jar=54385:C:\Program Files\JetBrains\IntelliJ IDEA Community Edition 2024.3.1.1\bin
29-Aug-2025 12:00:01.242 INFO [main] org.apache.catalina.startup.VersionLoggerListener.log Command line argument: -Dfile.encoding=UTF-8
29-Aug-2025 12:00:01.349 INFO [main] org.apache.catalina.core.AprLifecycleListener.lifecycleEvent Loaded Apache Tomcat Native library [1.3.1] using APR version [1.7.4].
29-Aug-2025 12:00:01.350 INFO [main] org.apache.catalina.core.AprLifecycleListener.lifecycleEvent APR capabilities: IPv6 [true], sendfile [true], accept filters [false], random [true], UDS [true].
29-Aug-2025 12:00:01.350 INFO [main] org.apache.catalina.core.AprLifecycleListener.lifecycleEvent APR/OpenSSL configuration: useAprConnector [false], useOpenSSL [true]
29-Aug-2025 12:00:01.385 INFO [main] org.apache.catalina.core.AprLifecycleListener.initializeSSL OpenSSL successfully initialized [OpenSSL 3.0.14 4 Jun 2024]
29-Aug-2025 12:00:01.940 INFO [main] org.apache.coyote.AbstractProtocol.init Initializing ProtocolHandler ["http-nio-8080"]
29-Aug-2025 12:00:01.970 INFO [main] org.apache.catalina.startup.Catalina.load Server initialization in [1561] milliseconds
29-Aug-2025 12:00:02.035 INFO [main] org.apache.catalina.core.StandardService.startInternal Starting service [Catalina]
29-Aug-2025 12:00:02.036 INFO [main] org.apache.catalina.core.StandardEngine.startInternal Starting Servlet engine: [Apache Tomcat/9.0.98]
29-Aug-2025 12:00:02.046 INFO [main] org.apache.catalina.startup.HostConfig.deployDescriptor Deploying deployment descriptor [D:\PahanaeduBookshop\PahanaeduBookshop\conf\Catalina\localhost\PahanaeduBookshop.xml]
29-Aug-2025 12:00:02.784 INFO [main] org.apache.catalina.startup.HostConfig.deployDescriptor Deployment of deployment descriptor [D:\PahanaeduBookshop\PahanaeduBookshop\conf\Catalina\localhost\PahanaeduBookshop.xml] has finished in [738] ms
29-Aug-2025 12:00:02.791 INFO [main] org.apache.coyote.AbstractProtocol.start Starting ProtocolHandler ["http-nio-8080"]
29-Aug-2025 12:00:02.886 INFO [main] org.apache.catalina.startup.Catalina.start Server startup in [915] milliseconds
29-Aug-2025 12:01:27.980 INFO [Thread-1] org.apache.coyote.AbstractProtocol.pause Pausing ProtocolHandler ["http-nio-8080"]
29-Aug-2025 12:01:28.138 INFO [Thread-1] org.apache.catalina.core.StandardService.stopInternal Stopping service [Catalina]
29-Aug-2025 12:01:28.186 INFO [Thread-1] org.apache.coyote.AbstractProtocol.stop Stopping ProtocolHandler ["http-nio-8080"]
29-Aug-2025 12:01:28.202 INFO [Thread-1] org.apache.coyote.AbstractProtocol.destroy Destroying ProtocolHandler ["http-nio-8080"]
29-Aug-2025 12:01:34.230 INFO [main] org.apache.catalina.startup.VersionLoggerListener.log Server version name:   Apache Tomcat/9.0.98
29-Aug-2025 12:01:34.236 INFO [main] org.apache.catalina.startup.VersionLoggerListener.log Server built:          Dec 5 2024 19:50:29 UTC
29-Aug-2025 12:01:34.237 INFO [main] org.apache.catalina.startup.VersionLoggerListener.log Server version number: 9.0.98.0
29-Aug-2025 12:01:34.237 INFO [main] org.apache.catalina.startup.VersionLoggerListener.log OS Name:               Windows 10
29-Aug-2025 12:01:34.237 INFO [main] org.apache.catalina.startup.VersionLoggerListener.log OS Version:            10.0
29-Aug-2025 12:01:34.237 INFO [main] org.apache.catalina.startup.VersionLoggerListener.log Architecture:          amd64
29-Aug-2025 12:01:34.237 INFO [main] org.apache.catalina.startup.VersionLoggerListener.log Java Home:             C:\Program Files\Java\jdk-17.0.2
29-Aug-2025 12:01:34.237 INFO [main] org.apache.catalina.startup.VersionLoggerListener.log JVM Version:           17.0.2+8-LTS-86
29-Aug-2025 12:01:34.238 INFO [main] org.apache.catalina.startup.VersionLoggerListener.log JVM Vendor:            Oracle Corporation
29-Aug-2025 12:01:34.238 INFO [main] org.apache.catalina.startup.VersionLoggerListener.log CATALINA_BASE:         D:\PahanaeduBookshop\PahanaeduBookshop
29-Aug-2025 12:01:34.238 INFO [main] org.apache.catalina.startup.VersionLoggerListener.log CATALINA_HOME:         G:\ICBT\1st_Semester\PROGRAMMING\apache-tomcat-9.0.98\apache-tomcat-9.0.98
29-Aug-2025 12:01:34.253 INFO [main] org.apache.catalina.startup.VersionLoggerListener.log Command line argument: --add-opens=java.base/java.lang=ALL-UNNAMED
29-Aug-2025 12:01:34.253 INFO [main] org.apache.catalina.startup.VersionLoggerListener.log Command line argument: --add-opens=java.base/java.io=ALL-UNNAMED
29-Aug-2025 12:01:34.253 INFO [main] org.apache.catalina.startup.VersionLoggerListener.log Command line argument: --add-opens=java.base/java.util=ALL-UNNAMED
29-Aug-2025 12:01:34.253 INFO [main] org.apache.catalina.startup.VersionLoggerListener.log Command line argument: --add-opens=java.base/java.util.concurrent=ALL-UNNAMED
29-Aug-2025 12:01:34.254 INFO [main] org.apache.catalina.startup.VersionLoggerListener.log Command line argument: --add-opens=java.rmi/sun.rmi.transport=ALL-UNNAMED
29-Aug-2025 12:01:34.254 INFO [main] org.apache.catalina.startup.VersionLoggerListener.log Command line argument: -Dcatalina.home=G:\ICBT\1st_Semester\PROGRAMMING\apache-tomcat-9.0.98\apache-tomcat-9.0.98
29-Aug-2025 12:01:34.254 INFO [main] org.apache.catalina.startup.VersionLoggerListener.log Command line argument: -Dcatalina.base=D:\PahanaeduBookshop\PahanaeduBookshop
29-Aug-2025 12:01:34.254 INFO [main] org.apache.catalina.startup.VersionLoggerListener.log Command line argument: -Djava.io.tmpdir=D:\PahanaeduBookshop\PahanaeduBookshop\temp
29-Aug-2025 12:01:34.254 INFO [main] org.apache.catalina.startup.VersionLoggerListener.log Command line argument: -Djava.util.logging.config.file=D:\PahanaeduBookshop\PahanaeduBookshop\conf\logging.properties
29-Aug-2025 12:01:34.254 INFO [main] org.apache.catalina.startup.VersionLoggerListener.log Command line argument: -Djava.util.logging.manager=org.apache.juli.ClassLoaderLogManager
29-Aug-2025 12:01:34.255 INFO [main] org.apache.catalina.startup.VersionLoggerListener.log Command line argument: -javaagent:C:\Program Files\JetBrains\IntelliJ IDEA Community Edition 2024.3.1.1\lib\idea_rt.jar=54391:C:\Program Files\JetBrains\IntelliJ IDEA Community Edition 2024.3.1.1\bin
29-Aug-2025 12:01:34.255 INFO [main] org.apache.catalina.startup.VersionLoggerListener.log Command line argument: -Dfile.encoding=UTF-8
29-Aug-2025 12:01:34.338 INFO [main] org.apache.catalina.core.AprLifecycleListener.lifecycleEvent Loaded Apache Tomcat Native library [1.3.1] using APR version [1.7.4].
29-Aug-2025 12:01:34.338 INFO [main] org.apache.catalina.core.AprLifecycleListener.lifecycleEvent APR capabilities: IPv6 [true], sendfile [true], accept filters [false], random [true], UDS [true].
29-Aug-2025 12:01:34.338 INFO [main] org.apache.catalina.core.AprLifecycleListener.lifecycleEvent APR/OpenSSL configuration: useAprConnector [false], useOpenSSL [true]
29-Aug-2025 12:01:34.394 INFO [main] org.apache.catalina.core.AprLifecycleListener.initializeSSL OpenSSL successfully initialized [OpenSSL 3.0.14 4 Jun 2024]
29-Aug-2025 12:01:34.941 INFO [main] org.apache.coyote.AbstractProtocol.init Initializing ProtocolHandler ["http-nio-8080"]
29-Aug-2025 12:01:34.975 INFO [main] org.apache.catalina.startup.Catalina.load Server initialization in [1163] milliseconds
29-Aug-2025 12:01:35.046 INFO [main] org.apache.catalina.core.StandardService.startInternal Starting service [Catalina]
29-Aug-2025 12:01:35.046 INFO [main] org.apache.catalina.core.StandardEngine.startInternal Starting Servlet engine: [Apache Tomcat/9.0.98]
29-Aug-2025 12:01:35.057 INFO [main] org.apache.catalina.startup.HostConfig.deployDescriptor Deploying deployment descriptor [D:\PahanaeduBookshop\PahanaeduBookshop\conf\Catalina\localhost\PahanaeduBookshop.xml]
29-Aug-2025 12:01:35.792 INFO [main] org.apache.catalina.startup.HostConfig.deployDescriptor Deployment of deployment descriptor [D:\PahanaeduBookshop\PahanaeduBookshop\conf\Catalina\localhost\PahanaeduBookshop.xml] has finished in [734] ms
29-Aug-2025 12:01:35.798 INFO [main] org.apache.coyote.AbstractProtocol.start Starting ProtocolHandler ["http-nio-8080"]
29-Aug-2025 12:01:35.896 INFO [main] org.apache.catalina.startup.Catalina.start Server startup in [921] milliseconds
29-Aug-2025 12:01:48.729 INFO [Thread-1] org.apache.coyote.AbstractProtocol.pause Pausing ProtocolHandler ["http-nio-8080"]
29-Aug-2025 12:01:48.889 INFO [Thread-1] org.apache.catalina.core.StandardService.stopInternal Stopping service [Catalina]
29-Aug-2025 12:01:48.914 INFO [Thread-1] org.apache.coyote.AbstractProtocol.stop Stopping ProtocolHandler ["http-nio-8080"]
29-Aug-2025 12:01:48.923 INFO [Thread-1] org.apache.coyote.AbstractProtocol.destroy Destroying ProtocolHandler ["http-nio-8080"]
29-Aug-2025 12:01:54.366 INFO [main] org.apache.catalina.startup.VersionLoggerListener.log Server version name:   Apache Tomcat/9.0.98
29-Aug-2025 12:01:54.375 INFO [main] org.apache.catalina.startup.VersionLoggerListener.log Server built:          Dec 5 2024 19:50:29 UTC
29-Aug-2025 12:01:54.375 INFO [main] org.apache.catalina.startup.VersionLoggerListener.log Server version number: 9.0.98.0
29-Aug-2025 12:01:54.376 INFO [main] org.apache.catalina.startup.VersionLoggerListener.log OS Name:               Windows 10
29-Aug-2025 12:01:54.376 INFO [main] org.apache.catalina.startup.VersionLoggerListener.log OS Version:            10.0
29-Aug-2025 12:01:54.377 INFO [main] org.apache.catalina.startup.VersionLoggerListener.log Architecture:          amd64
29-Aug-2025 12:01:54.377 INFO [main] org.apache.catalina.startup.VersionLoggerListener.log Java Home:             C:\Program Files\Java\jdk-17.0.2
29-Aug-2025 12:01:54.377 INFO [main] org.apache.catalina.startup.VersionLoggerListener.log JVM Version:           17.0.2+8-LTS-86
29-Aug-2025 12:01:54.377 INFO [main] org.apache.catalina.startup.VersionLoggerListener.log JVM Vendor:            Oracle Corporation
29-Aug-2025 12:01:54.378 INFO [main] org.apache.catalina.startup.VersionLoggerListener.log CATALINA_BASE:         D:\PahanaeduBookshop\PahanaeduBookshop
29-Aug-2025 12:01:54.378 INFO [main] org.apache.catalina.startup.VersionLoggerListener.log CATALINA_HOME:         G:\ICBT\1st_Semester\PROGRAMMING\apache-tomcat-9.0.98\apache-tomcat-9.0.98
29-Aug-2025 12:01:54.402 INFO [main] org.apache.catalina.startup.VersionLoggerListener.log Command line argument: --add-opens=java.base/java.lang=ALL-UNNAMED
29-Aug-2025 12:01:54.403 INFO [main] org.apache.catalina.startup.VersionLoggerListener.log Command line argument: --add-opens=java.base/java.io=ALL-UNNAMED
29-Aug-2025 12:01:54.403 INFO [main] org.apache.catalina.startup.VersionLoggerListener.log Command line argument: --add-opens=java.base/java.util=ALL-UNNAMED
29-Aug-2025 12:01:54.403 INFO [main] org.apache.catalina.startup.VersionLoggerListener.log Command line argument: --add-opens=java.base/java.util.concurrent=ALL-UNNAMED
29-Aug-2025 12:01:54.404 INFO [main] org.apache.catalina.startup.VersionLoggerListener.log Command line argument: --add-opens=java.rmi/sun.rmi.transport=ALL-UNNAMED
29-Aug-2025 12:01:54.405 INFO [main] org.apache.catalina.startup.VersionLoggerListener.log Command line argument: -agentlib:jdwp=transport=dt_socket,address=127.0.0.1:54395,suspend=y,server=n
29-Aug-2025 12:01:54.405 INFO [main] org.apache.catalina.startup.VersionLoggerListener.log Command line argument: -Dcatalina.home=G:\ICBT\1st_Semester\PROGRAMMING\apache-tomcat-9.0.98\apache-tomcat-9.0.98
29-Aug-2025 12:01:54.405 INFO [main] org.apache.catalina.startup.VersionLoggerListener.log Command line argument: -Dcatalina.base=D:\PahanaeduBookshop\PahanaeduBookshop
29-Aug-2025 12:01:54.405 INFO [main] org.apache.catalina.startup.VersionLoggerListener.log Command line argument: -Djava.io.tmpdir=D:\PahanaeduBookshop\PahanaeduBookshop\temp
29-Aug-2025 12:01:54.405 INFO [main] org.apache.catalina.startup.VersionLoggerListener.log Command line argument: -Djava.util.logging.config.file=D:\PahanaeduBookshop\PahanaeduBookshop\conf\logging.properties
29-Aug-2025 12:01:54.406 INFO [main] org.apache.catalina.startup.VersionLoggerListener.log Command line argument: -Djava.util.logging.manager=org.apache.juli.ClassLoaderLogManager
29-Aug-2025 12:01:54.406 INFO [main] org.apache.catalina.startup.VersionLoggerListener.log Command line argument: -javaagent:C:\Users\BINUKA~1\AppData\Local\Temp\captureAgent8jars\debugger-agent.jar
29-Aug-2025 12:01:54.406 INFO [main] org.apache.catalina.startup.VersionLoggerListener.log Command line argument: -Dkotlinx.coroutines.debug.enable.creation.stack.trace=false
29-Aug-2025 12:01:54.407 INFO [main] org.apache.catalina.startup.VersionLoggerListener.log Command line argument: -Ddebugger.agent.enable.coroutines=true
29-Aug-2025 12:01:54.407 INFO [main] org.apache.catalina.startup.VersionLoggerListener.log Command line argument: -Dkotlinx.coroutines.debug.enable.flows.stack.trace=true
29-Aug-2025 12:01:54.407 INFO [main] org.apache.catalina.startup.VersionLoggerListener.log Command line argument: -Dkotlinx.coroutines.debug.enable.mutable.state.flows.stack.trace=true
29-Aug-2025 12:01:54.407 INFO [main] org.apache.catalina.startup.VersionLoggerListener.log Command line argument: -Dfile.encoding=UTF-8
29-Aug-2025 12:01:54.413 INFO [main] org.apache.catalina.core.AprLifecycleListener.lifecycleEvent Loaded Apache Tomcat Native library [1.3.1] using APR version [1.7.4].
29-Aug-2025 12:01:54.413 INFO [main] org.apache.catalina.core.AprLifecycleListener.lifecycleEvent APR capabilities: IPv6 [true], sendfile [true], accept filters [false], random [true], UDS [true].
29-Aug-2025 12:01:54.414 INFO [main] org.apache.catalina.core.AprLifecycleListener.lifecycleEvent APR/OpenSSL configuration: useAprConnector [false], useOpenSSL [true]
29-Aug-2025 12:01:54.424 INFO [main] org.apache.catalina.core.AprLifecycleListener.initializeSSL OpenSSL successfully initialized [OpenSSL 3.0.14 4 Jun 2024]
29-Aug-2025 12:01:55.050 INFO [main] org.apache.coyote.AbstractProtocol.init Initializing ProtocolHandler ["http-nio-8080"]
29-Aug-2025 12:01:55.091 INFO [main] org.apache.catalina.startup.Catalina.load Server initialization in [1162] milliseconds
29-Aug-2025 12:01:55.183 INFO [main] org.apache.catalina.core.StandardService.startInternal Starting service [Catalina]
29-Aug-2025 12:01:55.184 INFO [main] org.apache.catalina.core.StandardEngine.startInternal Starting Servlet engine: [Apache Tomcat/9.0.98]
29-Aug-2025 12:01:55.202 INFO [main] org.apache.catalina.startup.HostConfig.deployDescriptor Deploying deployment descriptor [D:\PahanaeduBookshop\PahanaeduBookshop\conf\Catalina\localhost\PahanaeduBookshop.xml]
29-Aug-2025 12:01:55.955 INFO [main] org.apache.jasper.servlet.TldScanner.scanJars At least one JAR was scanned for TLDs yet contained no TLDs. Enable debug logging for this logger for a complete list of JARs that were scanned but no TLDs were found in them. Skipping unneeded JARs during scanning can improve startup time and JSP compilation time.
29-Aug-2025 12:01:56.099 WARNING [main] org.apache.catalina.util.SessionIdGeneratorBase.createSecureRandom Creation of SecureRandom instance for session ID generation using [SHA1PRNG] took [101] milliseconds.
29-Aug-2025 12:01:56.246 INFO [main] org.apache.catalina.startup.HostConfig.deployDescriptor Deployment of deployment descriptor [D:\PahanaeduBookshop\PahanaeduBookshop\conf\Catalina\localhost\PahanaeduBookshop.xml] has finished in [1,044] ms
29-Aug-2025 12:01:56.246 INFO [main] org.apache.coyote.AbstractProtocol.start Starting ProtocolHandler ["http-nio-8080"]
29-Aug-2025 12:01:56.449 INFO [main] org.apache.catalina.startup.Catalina.start Server startup in [1365] milliseconds
29-Aug-2025 12:02:29.135 INFO [Thread-1] org.apache.coyote.AbstractProtocol.pause Pausing ProtocolHandler ["http-nio-8080"]
29-Aug-2025 12:02:29.309 INFO [Thread-1] org.apache.catalina.core.StandardService.stopInternal Stopping service [Catalina]
29-Aug-2025 12:02:29.334 INFO [Thread-1] org.apache.coyote.AbstractProtocol.stop Stopping ProtocolHandler ["http-nio-8080"]
29-Aug-2025 12:02:29.354 INFO [Thread-1] org.apache.coyote.AbstractProtocol.destroy Destroying ProtocolHandler ["http-nio-8080"]
29-Aug-2025 12:02:33.404 INFO [main] org.apache.catalina.startup.VersionLoggerListener.log Server version name:   Apache Tomcat/9.0.98
29-Aug-2025 12:02:33.413 INFO [main] org.apache.catalina.startup.VersionLoggerListener.log Server built:          Dec 5 2024 19:50:29 UTC
29-Aug-2025 12:02:33.414 INFO [main] org.apache.catalina.startup.VersionLoggerListener.log Server version number: 9.0.98.0
29-Aug-2025 12:02:33.414 INFO [main] org.apache.catalina.startup.VersionLoggerListener.log OS Name:               Windows 10
29-Aug-2025 12:02:33.414 INFO [main] org.apache.catalina.startup.VersionLoggerListener.log OS Version:            10.0
29-Aug-2025 12:02:33.416 INFO [main] org.apache.catalina.startup.VersionLoggerListener.log Architecture:          amd64
29-Aug-2025 12:02:33.417 INFO [main] org.apache.catalina.startup.VersionLoggerListener.log Java Home:             C:\Program Files\Java\jdk-17.0.2
29-Aug-2025 12:02:33.417 INFO [main] org.apache.catalina.startup.VersionLoggerListener.log JVM Version:           17.0.2+8-LTS-86
29-Aug-2025 12:02:33.417 INFO [main] org.apache.catalina.startup.VersionLoggerListener.log JVM Vendor:            Oracle Corporation
29-Aug-2025 12:02:33.421 INFO [main] org.apache.catalina.startup.VersionLoggerListener.log CATALINA_BASE:         D:\PahanaeduBookshop\PahanaeduBookshop
29-Aug-2025 12:02:33.422 INFO [main] org.apache.catalina.startup.VersionLoggerListener.log CATALINA_HOME:         G:\ICBT\1st_Semester\PROGRAMMING\apache-tomcat-9.0.98\apache-tomcat-9.0.98
29-Aug-2025 12:02:33.445 INFO [main] org.apache.catalina.startup.VersionLoggerListener.log Command line argument: --add-opens=java.base/java.lang=ALL-UNNAMED
29-Aug-2025 12:02:33.446 INFO [main] org.apache.catalina.startup.VersionLoggerListener.log Command line argument: --add-opens=java.base/java.io=ALL-UNNAMED
29-Aug-2025 12:02:33.446 INFO [main] org.apache.catalina.startup.VersionLoggerListener.log Command line argument: --add-opens=java.base/java.util=ALL-UNNAMED
29-Aug-2025 12:02:33.446 INFO [main] org.apache.catalina.startup.VersionLoggerListener.log Command line argument: --add-opens=java.base/java.util.concurrent=ALL-UNNAMED
29-Aug-2025 12:02:33.447 INFO [main] org.apache.catalina.startup.VersionLoggerListener.log Command line argument: --add-opens=java.rmi/sun.rmi.transport=ALL-UNNAMED
29-Aug-2025 12:02:33.447 INFO [main] org.apache.catalina.startup.VersionLoggerListener.log Command line argument: -agentlib:jdwp=transport=dt_socket,address=127.0.0.1:54404,suspend=y,server=n
29-Aug-2025 12:02:33.448 INFO [main] org.apache.catalina.startup.VersionLoggerListener.log Command line argument: -Dcatalina.home=G:\ICBT\1st_Semester\PROGRAMMING\apache-tomcat-9.0.98\apache-tomcat-9.0.98
29-Aug-2025 12:02:33.448 INFO [main] org.apache.catalina.startup.VersionLoggerListener.log Command line argument: -Dcatalina.base=D:\PahanaeduBookshop\PahanaeduBookshop
29-Aug-2025 12:02:33.448 INFO [main] org.apache.catalina.startup.VersionLoggerListener.log Command line argument: -Djava.io.tmpdir=D:\PahanaeduBookshop\PahanaeduBookshop\temp
29-Aug-2025 12:02:33.448 INFO [main] org.apache.catalina.startup.VersionLoggerListener.log Command line argument: -Djava.util.logging.config.file=D:\PahanaeduBookshop\PahanaeduBookshop\conf\logging.properties
29-Aug-2025 12:02:33.448 INFO [main] org.apache.catalina.startup.VersionLoggerListener.log Command line argument: -Djava.util.logging.manager=org.apache.juli.ClassLoaderLogManager
29-Aug-2025 12:02:33.449 INFO [main] org.apache.catalina.startup.VersionLoggerListener.log Command line argument: -javaagent:C:\Users\BINUKA~1\AppData\Local\Temp\captureAgent11jars\debugger-agent.jar
29-Aug-2025 12:02:33.449 INFO [main] org.apache.catalina.startup.VersionLoggerListener.log Command line argument: -Dkotlinx.coroutines.debug.enable.creation.stack.trace=false
29-Aug-2025 12:02:33.449 INFO [main] org.apache.catalina.startup.VersionLoggerListener.log Command line argument: -Ddebugger.agent.enable.coroutines=true
29-Aug-2025 12:02:33.450 INFO [main] org.apache.catalina.startup.VersionLoggerListener.log Command line argument: -Dkotlinx.coroutines.debug.enable.flows.stack.trace=true
29-Aug-2025 12:02:33.450 INFO [main] org.apache.catalina.startup.VersionLoggerListener.log Command line argument: -Dkotlinx.coroutines.debug.enable.mutable.state.flows.stack.trace=true
29-Aug-2025 12:02:33.450 INFO [main] org.apache.catalina.startup.VersionLoggerListener.log Command line argument: -Dfile.encoding=UTF-8
29-Aug-2025 12:02:33.524 INFO [main] org.apache.catalina.core.AprLifecycleListener.lifecycleEvent Loaded Apache Tomcat Native library [1.3.1] using APR version [1.7.4].
29-Aug-2025 12:02:33.524 INFO [main] org.apache.catalina.core.AprLifecycleListener.lifecycleEvent APR capabilities: IPv6 [true], sendfile [true], accept filters [false], random [true], UDS [true].
29-Aug-2025 12:02:33.524 INFO [main] org.apache.catalina.core.AprLifecycleListener.lifecycleEvent APR/OpenSSL configuration: useAprConnector [false], useOpenSSL [true]
29-Aug-2025 12:02:33.563 INFO [main] org.apache.catalina.core.AprLifecycleListener.initializeSSL OpenSSL successfully initialized [OpenSSL 3.0.14 4 Jun 2024]
29-Aug-2025 12:02:34.155 INFO [main] org.apache.coyote.AbstractProtocol.init Initializing ProtocolHandler ["http-nio-8080"]
29-Aug-2025 12:02:34.214 INFO [main] org.apache.catalina.startup.Catalina.load Server initialization in [1244] milliseconds
29-Aug-2025 12:02:34.299 INFO [main] org.apache.catalina.core.StandardService.startInternal Starting service [Catalina]
29-Aug-2025 12:02:34.299 INFO [main] org.apache.catalina.core.StandardEngine.startInternal Starting Servlet engine: [Apache Tomcat/9.0.98]
29-Aug-2025 12:02:34.314 INFO [main] org.apache.catalina.startup.HostConfig.deployDescriptor Deploying deployment descriptor [D:\PahanaeduBookshop\PahanaeduBookshop\conf\Catalina\localhost\PahanaeduBookshop.xml]
29-Aug-2025 12:02:34.935 INFO [main] org.apache.jasper.servlet.TldScanner.scanJars At least one JAR was scanned for TLDs yet contained no TLDs. Enable debug logging for this logger for a complete list of JARs that were scanned but no TLDs were found in them. Skipping unneeded JARs during scanning can improve startup time and JSP compilation time.
29-Aug-2025 12:02:35.101 INFO [main] org.apache.catalina.startup.HostConfig.deployDescriptor Deployment of deployment descriptor [D:\PahanaeduBookshop\PahanaeduBookshop\conf\Catalina\localhost\PahanaeduBookshop.xml] has finished in [784] ms
29-Aug-2025 12:02:35.110 INFO [main] org.apache.coyote.AbstractProtocol.start Starting ProtocolHandler ["http-nio-8080"]
29-Aug-2025 12:02:35.212 INFO [main] org.apache.catalina.startup.Catalina.start Server startup in [997] milliseconds
29-Aug-2025 12:02:37.130 INFO [Thread-1] org.apache.coyote.AbstractProtocol.pause Pausing ProtocolHandler ["http-nio-8080"]
29-Aug-2025 12:02:37.266 INFO [Thread-1] org.apache.catalina.core.StandardService.stopInternal Stopping service [Catalina]
29-Aug-2025 12:02:37.296 INFO [Thread-1] org.apache.coyote.AbstractProtocol.stop Stopping ProtocolHandler ["http-nio-8080"]
29-Aug-2025 12:02:37.307 INFO [Thread-1] org.apache.coyote.AbstractProtocol.destroy Destroying ProtocolHandler ["http-nio-8080"]
29-Aug-2025 12:02:39.158 INFO [main] org.apache.catalina.startup.VersionLoggerListener.log Server version name:   Apache Tomcat/9.0.98
29-Aug-2025 12:02:39.165 INFO [main] org.apache.catalina.startup.VersionLoggerListener.log Server built:          Dec 5 2024 19:50:29 UTC
29-Aug-2025 12:02:39.165 INFO [main] org.apache.catalina.startup.VersionLoggerListener.log Server version number: 9.0.98.0
29-Aug-2025 12:02:39.166 INFO [main] org.apache.catalina.startup.VersionLoggerListener.log OS Name:               Windows 10
29-Aug-2025 12:02:39.166 INFO [main] org.apache.catalina.startup.VersionLoggerListener.log OS Version:            10.0
29-Aug-2025 12:02:39.166 INFO [main] org.apache.catalina.startup.VersionLoggerListener.log Architecture:          amd64
29-Aug-2025 12:02:39.166 INFO [main] org.apache.catalina.startup.VersionLoggerListener.log Java Home:             C:\Program Files\Java\jdk-17.0.2
29-Aug-2025 12:02:39.167 INFO [main] org.apache.catalina.startup.VersionLoggerListener.log JVM Version:           17.0.2+8-LTS-86
29-Aug-2025 12:02:39.167 INFO [main] org.apache.catalina.startup.VersionLoggerListener.log JVM Vendor:            Oracle Corporation
29-Aug-2025 12:02:39.167 INFO [main] org.apache.catalina.startup.VersionLoggerListener.log CATALINA_BASE:         D:\PahanaeduBookshop\PahanaeduBookshop
29-Aug-2025 12:02:39.167 INFO [main] org.apache.catalina.startup.VersionLoggerListener.log CATALINA_HOME:         G:\ICBT\1st_Semester\PROGRAMMING\apache-tomcat-9.0.98\apache-tomcat-9.0.98
29-Aug-2025 12:02:39.182 INFO [main] org.apache.catalina.startup.VersionLoggerListener.log Command line argument: --add-opens=java.base/java.lang=ALL-UNNAMED
29-Aug-2025 12:02:39.182 INFO [main] org.apache.catalina.startup.VersionLoggerListener.log Command line argument: --add-opens=java.base/java.io=ALL-UNNAMED
29-Aug-2025 12:02:39.183 INFO [main] org.apache.catalina.startup.VersionLoggerListener.log Command line argument: --add-opens=java.base/java.util=ALL-UNNAMED
29-Aug-2025 12:02:39.184 INFO [main] org.apache.catalina.startup.VersionLoggerListener.log Command line argument: --add-opens=java.base/java.util.concurrent=ALL-UNNAMED
29-Aug-2025 12:02:39.184 INFO [main] org.apache.catalina.startup.VersionLoggerListener.log Command line argument: --add-opens=java.rmi/sun.rmi.transport=ALL-UNNAMED
29-Aug-2025 12:02:39.184 INFO [main] org.apache.catalina.startup.VersionLoggerListener.log Command line argument: -Dcatalina.home=G:\ICBT\1st_Semester\PROGRAMMING\apache-tomcat-9.0.98\apache-tomcat-9.0.98
29-Aug-2025 12:02:39.184 INFO [main] org.apache.catalina.startup.VersionLoggerListener.log Command line argument: -Dcatalina.base=D:\PahanaeduBookshop\PahanaeduBookshop
29-Aug-2025 12:02:39.185 INFO [main] org.apache.catalina.startup.VersionLoggerListener.log Command line argument: -Djava.io.tmpdir=D:\PahanaeduBookshop\PahanaeduBookshop\temp
29-Aug-2025 12:02:39.185 INFO [main] org.apache.catalina.startup.VersionLoggerListener.log Command line argument: -Djava.util.logging.config.file=D:\PahanaeduBookshop\PahanaeduBookshop\conf\logging.properties
29-Aug-2025 12:02:39.185 INFO [main] org.apache.catalina.startup.VersionLoggerListener.log Command line argument: -Djava.util.logging.manager=org.apache.juli.ClassLoaderLogManager
29-Aug-2025 12:02:39.185 INFO [main] org.apache.catalina.startup.VersionLoggerListener.log Command line argument: -javaagent:C:\Program Files\JetBrains\IntelliJ IDEA Community Edition 2024.3.1.1\lib\idea_rt.jar=54408:C:\Program Files\JetBrains\IntelliJ IDEA Community Edition 2024.3.1.1\bin
29-Aug-2025 12:02:39.185 INFO [main] org.apache.catalina.startup.VersionLoggerListener.log Command line argument: -Dfile.encoding=UTF-8
29-Aug-2025 12:02:39.190 INFO [main] org.apache.catalina.core.AprLifecycleListener.lifecycleEvent Loaded Apache Tomcat Native library [1.3.1] using APR version [1.7.4].
29-Aug-2025 12:02:39.190 INFO [main] org.apache.catalina.core.AprLifecycleListener.lifecycleEvent APR capabilities: IPv6 [true], sendfile [true], accept filters [false], random [true], UDS [true].
29-Aug-2025 12:02:39.190 INFO [main] org.apache.catalina.core.AprLifecycleListener.lifecycleEvent APR/OpenSSL configuration: useAprConnector [false], useOpenSSL [true]
29-Aug-2025 12:02:39.199 INFO [main] org.apache.catalina.core.AprLifecycleListener.initializeSSL OpenSSL successfully initialized [OpenSSL 3.0.14 4 Jun 2024]
29-Aug-2025 12:02:39.698 INFO [main] org.apache.coyote.AbstractProtocol.init Initializing ProtocolHandler ["http-nio-8080"]
29-Aug-2025 12:02:39.728 INFO [main] org.apache.catalina.startup.Catalina.load Server initialization in [980] milliseconds
29-Aug-2025 12:02:39.795 INFO [main] org.apache.catalina.core.StandardService.startInternal Starting service [Catalina]
29-Aug-2025 12:02:39.795 INFO [main] org.apache.catalina.core.StandardEngine.startInternal Starting Servlet engine: [Apache Tomcat/9.0.98]
29-Aug-2025 12:02:39.809 INFO [main] org.apache.catalina.startup.HostConfig.deployDescriptor Deploying deployment descriptor [D:\PahanaeduBookshop\PahanaeduBookshop\conf\Catalina\localhost\PahanaeduBookshop.xml]
29-Aug-2025 12:02:40.462 INFO [main] org.apache.catalina.startup.HostConfig.deployDescriptor Deployment of deployment descriptor [D:\PahanaeduBookshop\PahanaeduBookshop\conf\Catalina\localhost\PahanaeduBookshop.xml] has finished in [652] ms
29-Aug-2025 12:02:40.468 INFO [main] org.apache.coyote.AbstractProtocol.start Starting ProtocolHandler ["http-nio-8080"]
29-Aug-2025 12:02:40.541 INFO [main] org.apache.catalina.startup.Catalina.start Server startup in [813] milliseconds
29-Aug-2025 12:05:14.627 INFO [Thread-1] org.apache.coyote.AbstractProtocol.pause Pausing ProtocolHandler ["http-nio-8080"]
29-Aug-2025 12:05:14.907 INFO [Thread-1] org.apache.catalina.core.StandardService.stopInternal Stopping service [Catalina]
29-Aug-2025 12:05:14.940 INFO [Thread-1] org.apache.coyote.AbstractProtocol.stop Stopping ProtocolHandler ["http-nio-8080"]
29-Aug-2025 12:05:14.948 INFO [Thread-1] org.apache.coyote.AbstractProtocol.destroy Destroying ProtocolHandler ["http-nio-8080"]
29-Aug-2025 12:05:37.423 INFO [main] org.apache.catalina.startup.VersionLoggerListener.log Server version name:   Apache Tomcat/9.0.98
29-Aug-2025 12:05:37.431 INFO [main] org.apache.catalina.startup.VersionLoggerListener.log Server built:          Dec 5 2024 19:50:29 UTC
29-Aug-2025 12:05:37.431 INFO [main] org.apache.catalina.startup.VersionLoggerListener.log Server version number: 9.0.98.0
29-Aug-2025 12:05:37.432 INFO [main] org.apache.catalina.startup.VersionLoggerListener.log OS Name:               Windows 10
29-Aug-2025 12:05:37.432 INFO [main] org.apache.catalina.startup.VersionLoggerListener.log OS Version:            10.0
29-Aug-2025 12:05:37.433 INFO [main] org.apache.catalina.startup.VersionLoggerListener.log Architecture:          amd64
29-Aug-2025 12:05:37.433 INFO [main] org.apache.catalina.startup.VersionLoggerListener.log Java Home:             C:\Program Files\Java\jdk-17.0.2
29-Aug-2025 12:05:37.434 INFO [main] org.apache.catalina.startup.VersionLoggerListener.log JVM Version:           17.0.2+8-LTS-86
29-Aug-2025 12:05:37.435 INFO [main] org.apache.catalina.startup.VersionLoggerListener.log JVM Vendor:            Oracle Corporation
29-Aug-2025 12:05:37.435 INFO [main] org.apache.catalina.startup.VersionLoggerListener.log CATALINA_BASE:         D:\PahanaeduBookshop\PahanaeduBookshop
29-Aug-2025 12:05:37.435 INFO [main] org.apache.catalina.startup.VersionLoggerListener.log CATALINA_HOME:         G:\ICBT\1st_Semester\PROGRAMMING\apache-tomcat-9.0.98\apache-tomcat-9.0.98
29-Aug-2025 12:05:37.459 INFO [main] org.apache.catalina.startup.VersionLoggerListener.log Command line argument: --add-opens=java.base/java.lang=ALL-UNNAMED
29-Aug-2025 12:05:37.459 INFO [main] org.apache.catalina.startup.VersionLoggerListener.log Command line argument: --add-opens=java.base/java.io=ALL-UNNAMED
29-Aug-2025 12:05:37.459 INFO [main] org.apache.catalina.startup.VersionLoggerListener.log Command line argument: --add-opens=java.base/java.util=ALL-UNNAMED
29-Aug-2025 12:05:37.459 INFO [main] org.apache.catalina.startup.VersionLoggerListener.log Command line argument: --add-opens=java.base/java.util.concurrent=ALL-UNNAMED
29-Aug-2025 12:05:37.459 INFO [main] org.apache.catalina.startup.VersionLoggerListener.log Command line argument: --add-opens=java.rmi/sun.rmi.transport=ALL-UNNAMED
29-Aug-2025 12:05:37.460 INFO [main] org.apache.catalina.startup.VersionLoggerListener.log Command line argument: -Dcatalina.home=G:\ICBT\1st_Semester\PROGRAMMING\apache-tomcat-9.0.98\apache-tomcat-9.0.98
29-Aug-2025 12:05:37.460 INFO [main] org.apache.catalina.startup.VersionLoggerListener.log Command line argument: -Dcatalina.base=D:\PahanaeduBookshop\PahanaeduBookshop
29-Aug-2025 12:05:37.460 INFO [main] org.apache.catalina.startup.VersionLoggerListener.log Command line argument: -Djava.io.tmpdir=D:\PahanaeduBookshop\PahanaeduBookshop\temp
29-Aug-2025 12:05:37.460 INFO [main] org.apache.catalina.startup.VersionLoggerListener.log Command line argument: -Djava.util.logging.config.file=D:\PahanaeduBookshop\PahanaeduBookshop\conf\logging.properties
29-Aug-2025 12:05:37.460 INFO [main] org.apache.catalina.startup.VersionLoggerListener.log Command line argument: -Djava.util.logging.manager=org.apache.juli.ClassLoaderLogManager
29-Aug-2025 12:05:37.460 INFO [main] org.apache.catalina.startup.VersionLoggerListener.log Command line argument: -javaagent:C:\Program Files\JetBrains\IntelliJ IDEA Community Edition 2024.3.1.1\lib\idea_rt.jar=54419:C:\Program Files\JetBrains\IntelliJ IDEA Community Edition 2024.3.1.1\bin
29-Aug-2025 12:05:37.460 INFO [main] org.apache.catalina.startup.VersionLoggerListener.log Command line argument: -Dfile.encoding=UTF-8
29-Aug-2025 12:05:37.601 INFO [main] org.apache.catalina.core.AprLifecycleListener.lifecycleEvent Loaded Apache Tomcat Native library [1.3.1] using APR version [1.7.4].
29-Aug-2025 12:05:37.602 INFO [main] org.apache.catalina.core.AprLifecycleListener.lifecycleEvent APR capabilities: IPv6 [true], sendfile [true], accept filters [false], random [true], UDS [true].
29-Aug-2025 12:05:37.603 INFO [main] org.apache.catalina.core.AprLifecycleListener.lifecycleEvent APR/OpenSSL configuration: useAprConnector [false], useOpenSSL [true]
29-Aug-2025 12:05:37.672 INFO [main] org.apache.catalina.core.AprLifecycleListener.initializeSSL OpenSSL successfully initialized [OpenSSL 3.0.14 4 Jun 2024]
29-Aug-2025 12:05:38.109 INFO [main] org.apache.coyote.AbstractProtocol.init Initializing ProtocolHandler ["http-nio-8080"]
29-Aug-2025 12:05:38.133 INFO [main] org.apache.catalina.startup.Catalina.load Server initialization in [1218] milliseconds
29-Aug-2025 12:05:38.188 INFO [main] org.apache.catalina.core.StandardService.startInternal Starting service [Catalina]
29-Aug-2025 12:05:38.188 INFO [main] org.apache.catalina.core.StandardEngine.startInternal Starting Servlet engine: [Apache Tomcat/9.0.98]
29-Aug-2025 12:05:38.200 INFO [main] org.apache.catalina.startup.HostConfig.deployDescriptor Deploying deployment descriptor [D:\PahanaeduBookshop\PahanaeduBookshop\conf\Catalina\localhost\PahanaeduBookshop.xml]
29-Aug-2025 12:05:38.757 INFO [main] org.apache.catalina.startup.HostConfig.deployDescriptor Deployment of deployment descriptor [D:\PahanaeduBookshop\PahanaeduBookshop\conf\Catalina\localhost\PahanaeduBookshop.xml] has finished in [556] ms
29-Aug-2025 12:05:38.764 INFO [main] org.apache.coyote.AbstractProtocol.start Starting ProtocolHandler ["http-nio-8080"]
29-Aug-2025 12:05:38.821 INFO [main] org.apache.catalina.startup.Catalina.start Server startup in [687] milliseconds
29-Aug-2025 12:07:13.626 INFO [Thread-1] org.apache.coyote.AbstractProtocol.pause Pausing ProtocolHandler ["http-nio-8080"]
29-Aug-2025 12:07:13.759 INFO [Thread-1] org.apache.catalina.core.StandardService.stopInternal Stopping service [Catalina]
29-Aug-2025 12:07:13.780 INFO [Thread-1] org.apache.coyote.AbstractProtocol.stop Stopping ProtocolHandler ["http-nio-8080"]
29-Aug-2025 12:07:13.790 INFO [Thread-1] org.apache.coyote.AbstractProtocol.destroy Destroying ProtocolHandler ["http-nio-8080"]
29-Aug-2025 12:07:19.169 INFO [main] org.apache.catalina.startup.VersionLoggerListener.log Server version name:   Apache Tomcat/9.0.98
29-Aug-2025 12:07:19.190 INFO [main] org.apache.catalina.startup.VersionLoggerListener.log Server built:          Dec 5 2024 19:50:29 UTC
29-Aug-2025 12:07:19.190 INFO [main] org.apache.catalina.startup.VersionLoggerListener.log Server version number: 9.0.98.0
29-Aug-2025 12:07:19.190 INFO [main] org.apache.catalina.startup.VersionLoggerListener.log OS Name:               Windows 10
29-Aug-2025 12:07:19.190 INFO [main] org.apache.catalina.startup.VersionLoggerListener.log OS Version:            10.0
29-Aug-2025 12:07:19.190 INFO [main] org.apache.catalina.startup.VersionLoggerListener.log Architecture:          amd64
29-Aug-2025 12:07:19.190 INFO [main] org.apache.catalina.startup.VersionLoggerListener.log Java Home:             C:\Program Files\Java\jdk-17.0.2
29-Aug-2025 12:07:19.190 INFO [main] org.apache.catalina.startup.VersionLoggerListener.log JVM Version:           17.0.2+8-LTS-86
29-Aug-2025 12:07:19.190 INFO [main] org.apache.catalina.startup.VersionLoggerListener.log JVM Vendor:            Oracle Corporation
29-Aug-2025 12:07:19.190 INFO [main] org.apache.catalina.startup.VersionLoggerListener.log CATALINA_BASE:         D:\PahanaeduBookshop\PahanaeduBookshop
29-Aug-2025 12:07:19.190 INFO [main] org.apache.catalina.startup.VersionLoggerListener.log CATALINA_HOME:         G:\ICBT\1st_Semester\PROGRAMMING\apache-tomcat-9.0.98\apache-tomcat-9.0.98
29-Aug-2025 12:07:19.206 INFO [main] org.apache.catalina.startup.VersionLoggerListener.log Command line argument: --add-opens=java.base/java.lang=ALL-UNNAMED
29-Aug-2025 12:07:19.206 INFO [main] org.apache.catalina.startup.VersionLoggerListener.log Command line argument: --add-opens=java.base/java.io=ALL-UNNAMED
29-Aug-2025 12:07:19.206 INFO [main] org.apache.catalina.startup.VersionLoggerListener.log Command line argument: --add-opens=java.base/java.util=ALL-UNNAMED
29-Aug-2025 12:07:19.206 INFO [main] org.apache.catalina.startup.VersionLoggerListener.log Command line argument: --add-opens=java.base/java.util.concurrent=ALL-UNNAMED
29-Aug-2025 12:07:19.206 INFO [main] org.apache.catalina.startup.VersionLoggerListener.log Command line argument: --add-opens=java.rmi/sun.rmi.transport=ALL-UNNAMED
29-Aug-2025 12:07:19.206 INFO [main] org.apache.catalina.startup.VersionLoggerListener.log Command line argument: -Dcatalina.home=G:\ICBT\1st_Semester\PROGRAMMING\apache-tomcat-9.0.98\apache-tomcat-9.0.98
29-Aug-2025 12:07:19.206 INFO [main] org.apache.catalina.startup.VersionLoggerListener.log Command line argument: -Dcatalina.base=D:\PahanaeduBookshop\PahanaeduBookshop
29-Aug-2025 12:07:19.206 INFO [main] org.apache.catalina.startup.VersionLoggerListener.log Command line argument: -Djava.io.tmpdir=D:\PahanaeduBookshop\PahanaeduBookshop\temp
29-Aug-2025 12:07:19.206 INFO [main] org.apache.catalina.startup.VersionLoggerListener.log Command line argument: -Djava.util.logging.config.file=D:\PahanaeduBookshop\PahanaeduBookshop\conf\logging.properties
29-Aug-2025 12:07:19.206 INFO [main] org.apache.catalina.startup.VersionLoggerListener.log Command line argument: -Djava.util.logging.manager=org.apache.juli.ClassLoaderLogManager
29-Aug-2025 12:07:19.206 INFO [main] org.apache.catalina.startup.VersionLoggerListener.log Command line argument: -javaagent:C:\Program Files\JetBrains\IntelliJ IDEA Community Edition 2024.3.1.1\lib\idea_rt.jar=54441:C:\Program Files\JetBrains\IntelliJ IDEA Community Edition 2024.3.1.1\bin
29-Aug-2025 12:07:19.206 INFO [main] org.apache.catalina.startup.VersionLoggerListener.log Command line argument: -Dfile.encoding=UTF-8
29-Aug-2025 12:07:19.304 INFO [main] org.apache.catalina.core.AprLifecycleListener.lifecycleEvent Loaded Apache Tomcat Native library [1.3.1] using APR version [1.7.4].
29-Aug-2025 12:07:19.304 INFO [main] org.apache.catalina.core.AprLifecycleListener.lifecycleEvent APR capabilities: IPv6 [true], sendfile [true], accept filters [false], random [true], UDS [true].
29-Aug-2025 12:07:19.304 INFO [main] org.apache.catalina.core.AprLifecycleListener.lifecycleEvent APR/OpenSSL configuration: useAprConnector [false], useOpenSSL [true]
29-Aug-2025 12:07:19.581 INFO [main] org.apache.catalina.core.AprLifecycleListener.initializeSSL OpenSSL successfully initialized [OpenSSL 3.0.14 4 Jun 2024]
29-Aug-2025 12:07:20.266 INFO [main] org.apache.coyote.AbstractProtocol.init Initializing ProtocolHandler ["http-nio-8080"]
29-Aug-2025 12:07:20.297 INFO [main] org.apache.catalina.startup.Catalina.load Server initialization in [1481] milliseconds
29-Aug-2025 12:07:20.361 INFO [main] org.apache.catalina.core.StandardService.startInternal Starting service [Catalina]
29-Aug-2025 12:07:20.361 INFO [main] org.apache.catalina.core.StandardEngine.startInternal Starting Servlet engine: [Apache Tomcat/9.0.98]
29-Aug-2025 12:07:20.399 INFO [main] org.apache.catalina.startup.HostConfig.deployDescriptor Deploying deployment descriptor [D:\PahanaeduBookshop\PahanaeduBookshop\conf\Catalina\localhost\PahanaeduBookshop.xml]
29-Aug-2025 12:07:21.082 WARNING [main] org.apache.catalina.util.SessionIdGeneratorBase.createSecureRandom Creation of SecureRandom instance for session ID generation using [SHA1PRNG] took [218] milliseconds.
29-Aug-2025 12:07:21.168 INFO [main] org.apache.catalina.startup.HostConfig.deployDescriptor Deployment of deployment descriptor [D:\PahanaeduBookshop\PahanaeduBookshop\conf\Catalina\localhost\PahanaeduBookshop.xml] has finished in [769] ms
29-Aug-2025 12:07:21.174 INFO [main] org.apache.coyote.AbstractProtocol.start Starting ProtocolHandler ["http-nio-8080"]
29-Aug-2025 12:07:21.234 INFO [main] org.apache.catalina.startup.Catalina.start Server startup in [936] milliseconds
29-Aug-2025 12:07:49.536 INFO [Thread-1] org.apache.coyote.AbstractProtocol.pause Pausing ProtocolHandler ["http-nio-8080"]
29-Aug-2025 12:07:49.664 INFO [Thread-1] org.apache.catalina.core.StandardService.stopInternal Stopping service [Catalina]
29-Aug-2025 12:07:49.687 INFO [Thread-1] org.apache.coyote.AbstractProtocol.stop Stopping ProtocolHandler ["http-nio-8080"]
29-Aug-2025 12:07:49.699 INFO [Thread-1] org.apache.coyote.AbstractProtocol.destroy Destroying ProtocolHandler ["http-nio-8080"]
29-Aug-2025 12:22:36.137 INFO [main] org.apache.catalina.startup.VersionLoggerListener.log Server version name:   Apache Tomcat/9.0.98
29-Aug-2025 12:22:36.145 INFO [main] org.apache.catalina.startup.VersionLoggerListener.log Server built:          Dec 5 2024 19:50:29 UTC
29-Aug-2025 12:22:36.146 INFO [main] org.apache.catalina.startup.VersionLoggerListener.log Server version number: 9.0.98.0
29-Aug-2025 12:22:36.146 INFO [main] org.apache.catalina.startup.VersionLoggerListener.log OS Name:               Windows 10
29-Aug-2025 12:22:36.147 INFO [main] org.apache.catalina.startup.VersionLoggerListener.log OS Version:            10.0
29-Aug-2025 12:22:36.147 INFO [main] org.apache.catalina.startup.VersionLoggerListener.log Architecture:          amd64
29-Aug-2025 12:22:36.148 INFO [main] org.apache.catalina.startup.VersionLoggerListener.log Java Home:             C:\Program Files\Java\jdk-17.0.2
29-Aug-2025 12:22:36.148 INFO [main] org.apache.catalina.startup.VersionLoggerListener.log JVM Version:           17.0.2+8-LTS-86
29-Aug-2025 12:22:36.149 INFO [main] org.apache.catalina.startup.VersionLoggerListener.log JVM Vendor:            Oracle Corporation
29-Aug-2025 12:22:36.149 INFO [main] org.apache.catalina.startup.VersionLoggerListener.log CATALINA_BASE:         D:\PahanaeduBookshop\PahanaeduBookshop
29-Aug-2025 12:22:36.150 INFO [main] org.apache.catalina.startup.VersionLoggerListener.log CATALINA_HOME:         G:\ICBT\1st_Semester\PROGRAMMING\apache-tomcat-9.0.98\apache-tomcat-9.0.98
29-Aug-2025 12:22:36.177 INFO [main] org.apache.catalina.startup.VersionLoggerListener.log Command line argument: --add-opens=java.base/java.lang=ALL-UNNAMED
29-Aug-2025 12:22:36.178 INFO [main] org.apache.catalina.startup.VersionLoggerListener.log Command line argument: --add-opens=java.base/java.io=ALL-UNNAMED
29-Aug-2025 12:22:36.181 INFO [main] org.apache.catalina.startup.VersionLoggerListener.log Command line argument: --add-opens=java.base/java.util=ALL-UNNAMED
29-Aug-2025 12:22:36.183 INFO [main] org.apache.catalina.startup.VersionLoggerListener.log Command line argument: --add-opens=java.base/java.util.concurrent=ALL-UNNAMED
29-Aug-2025 12:22:36.183 INFO [main] org.apache.catalina.startup.VersionLoggerListener.log Command line argument: --add-opens=java.rmi/sun.rmi.transport=ALL-UNNAMED
29-Aug-2025 12:22:36.183 INFO [main] org.apache.catalina.startup.VersionLoggerListener.log Command line argument: -Dcatalina.home=G:\ICBT\1st_Semester\PROGRAMMING\apache-tomcat-9.0.98\apache-tomcat-9.0.98
29-Aug-2025 12:22:36.184 INFO [main] org.apache.catalina.startup.VersionLoggerListener.log Command line argument: -Dcatalina.base=D:\PahanaeduBookshop\PahanaeduBookshop
29-Aug-2025 12:22:36.184 INFO [main] org.apache.catalina.startup.VersionLoggerListener.log Command line argument: -Djava.io.tmpdir=D:\PahanaeduBookshop\PahanaeduBookshop\temp
29-Aug-2025 12:22:36.184 INFO [main] org.apache.catalina.startup.VersionLoggerListener.log Command line argument: -Djava.util.logging.config.file=D:\PahanaeduBookshop\PahanaeduBookshop\conf\logging.properties
29-Aug-2025 12:22:36.184 INFO [main] org.apache.catalina.startup.VersionLoggerListener.log Command line argument: -Djava.util.logging.manager=org.apache.juli.ClassLoaderLogManager
29-Aug-2025 12:22:36.184 INFO [main] org.apache.catalina.startup.VersionLoggerListener.log Command line argument: -javaagent:C:\Program Files\JetBrains\IntelliJ IDEA Community Edition 2024.3.1.1\lib\idea_rt.jar=58565:C:\Program Files\JetBrains\IntelliJ IDEA Community Edition 2024.3.1.1\bin
29-Aug-2025 12:22:36.184 INFO [main] org.apache.catalina.startup.VersionLoggerListener.log Command line argument: -Dfile.encoding=UTF-8
29-Aug-2025 12:22:36.333 INFO [main] org.apache.catalina.core.AprLifecycleListener.lifecycleEvent Loaded Apache Tomcat Native library [1.3.1] using APR version [1.7.4].
29-Aug-2025 12:22:36.333 INFO [main] org.apache.catalina.core.AprLifecycleListener.lifecycleEvent APR capabilities: IPv6 [true], sendfile [true], accept filters [false], random [true], UDS [true].
29-Aug-2025 12:22:36.333 INFO [main] org.apache.catalina.core.AprLifecycleListener.lifecycleEvent APR/OpenSSL configuration: useAprConnector [false], useOpenSSL [true]
29-Aug-2025 12:22:36.503 INFO [main] org.apache.catalina.core.AprLifecycleListener.initializeSSL OpenSSL successfully initialized [OpenSSL 3.0.14 4 Jun 2024]
29-Aug-2025 12:22:37.167 INFO [main] org.apache.coyote.AbstractProtocol.init Initializing ProtocolHandler ["http-nio-8080"]
29-Aug-2025 12:22:37.351 INFO [main] org.apache.catalina.startup.Catalina.load Server initialization in [1917] milliseconds
29-Aug-2025 12:22:37.457 INFO [main] org.apache.catalina.core.StandardService.startInternal Starting service [Catalina]
29-Aug-2025 12:22:37.457 INFO [main] org.apache.catalina.core.StandardEngine.startInternal Starting Servlet engine: [Apache Tomcat/9.0.98]
29-Aug-2025 12:22:37.470 INFO [main] org.apache.catalina.startup.HostConfig.deployDescriptor Deploying deployment descriptor [D:\PahanaeduBookshop\PahanaeduBookshop\conf\Catalina\localhost\PahanaeduBookshop.xml]
29-Aug-2025 12:22:38.123 INFO [main] org.apache.catalina.startup.HostConfig.deployDescriptor Deployment of deployment descriptor [D:\PahanaeduBookshop\PahanaeduBookshop\conf\Catalina\localhost\PahanaeduBookshop.xml] has finished in [652] ms
29-Aug-2025 12:22:38.133 INFO [main] org.apache.coyote.AbstractProtocol.start Starting ProtocolHandler ["http-nio-8080"]
29-Aug-2025 12:22:38.229 INFO [main] org.apache.catalina.startup.Catalina.start Server startup in [877] milliseconds
29-Aug-2025 12:25:31.699 INFO [Thread-1] org.apache.coyote.AbstractProtocol.pause Pausing ProtocolHandler ["http-nio-8080"]
29-Aug-2025 12:25:31.834 INFO [Thread-1] org.apache.catalina.core.StandardService.stopInternal Stopping service [Catalina]
29-Aug-2025 12:25:31.858 INFO [Thread-1] org.apache.coyote.AbstractProtocol.stop Stopping ProtocolHandler ["http-nio-8080"]
29-Aug-2025 12:25:31.870 INFO [Thread-1] org.apache.coyote.AbstractProtocol.destroy Destroying ProtocolHandler ["http-nio-8080"]
29-Aug-2025 12:25:40.504 INFO [main] org.apache.catalina.startup.VersionLoggerListener.log Server version name:   Apache Tomcat/9.0.98
29-Aug-2025 12:25:40.508 INFO [main] org.apache.catalina.startup.VersionLoggerListener.log Server built:          Dec 5 2024 19:50:29 UTC
29-Aug-2025 12:25:40.529 INFO [main] org.apache.catalina.startup.VersionLoggerListener.log Server version number: 9.0.98.0
29-Aug-2025 12:25:40.530 INFO [main] org.apache.catalina.startup.VersionLoggerListener.log OS Name:               Windows 10
29-Aug-2025 12:25:40.530 INFO [main] org.apache.catalina.startup.VersionLoggerListener.log OS Version:            10.0
29-Aug-2025 12:25:40.530 INFO [main] org.apache.catalina.startup.VersionLoggerListener.log Architecture:          amd64
29-Aug-2025 12:25:40.530 INFO [main] org.apache.catalina.startup.VersionLoggerListener.log Java Home:             C:\Program Files\Java\jdk-17.0.2
29-Aug-2025 12:25:40.530 INFO [main] org.apache.catalina.startup.VersionLoggerListener.log JVM Version:           17.0.2+8-LTS-86
29-Aug-2025 12:25:40.530 INFO [main] org.apache.catalina.startup.VersionLoggerListener.log JVM Vendor:            Oracle Corporation
29-Aug-2025 12:25:40.530 INFO [main] org.apache.catalina.startup.VersionLoggerListener.log CATALINA_BASE:         D:\PahanaeduBookshop\PahanaeduBookshop
29-Aug-2025 12:25:40.530 INFO [main] org.apache.catalina.startup.VersionLoggerListener.log CATALINA_HOME:         G:\ICBT\1st_Semester\PROGRAMMING\apache-tomcat-9.0.98\apache-tomcat-9.0.98
29-Aug-2025 12:25:40.545 INFO [main] org.apache.catalina.startup.VersionLoggerListener.log Command line argument: --add-opens=java.base/java.lang=ALL-UNNAMED
29-Aug-2025 12:25:40.545 INFO [main] org.apache.catalina.startup.VersionLoggerListener.log Command line argument: --add-opens=java.base/java.io=ALL-UNNAMED
29-Aug-2025 12:25:40.545 INFO [main] org.apache.catalina.startup.VersionLoggerListener.log Command line argument: --add-opens=java.base/java.util=ALL-UNNAMED
29-Aug-2025 12:25:40.545 INFO [main] org.apache.catalina.startup.VersionLoggerListener.log Command line argument: --add-opens=java.base/java.util.concurrent=ALL-UNNAMED
29-Aug-2025 12:25:40.546 INFO [main] org.apache.catalina.startup.VersionLoggerListener.log Command line argument: --add-opens=java.rmi/sun.rmi.transport=ALL-UNNAMED
29-Aug-2025 12:25:40.546 INFO [main] org.apache.catalina.startup.VersionLoggerListener.log Command line argument: -Dcatalina.home=G:\ICBT\1st_Semester\PROGRAMMING\apache-tomcat-9.0.98\apache-tomcat-9.0.98
29-Aug-2025 12:25:40.546 INFO [main] org.apache.catalina.startup.VersionLoggerListener.log Command line argument: -Dcatalina.base=D:\PahanaeduBookshop\PahanaeduBookshop
29-Aug-2025 12:25:40.546 INFO [main] org.apache.catalina.startup.VersionLoggerListener.log Command line argument: -Djava.io.tmpdir=D:\PahanaeduBookshop\PahanaeduBookshop\temp
29-Aug-2025 12:25:40.546 INFO [main] org.apache.catalina.startup.VersionLoggerListener.log Command line argument: -Djava.util.logging.config.file=D:\PahanaeduBookshop\PahanaeduBookshop\conf\logging.properties
29-Aug-2025 12:25:40.546 INFO [main] org.apache.catalina.startup.VersionLoggerListener.log Command line argument: -Djava.util.logging.manager=org.apache.juli.ClassLoaderLogManager
29-Aug-2025 12:25:40.546 INFO [main] org.apache.catalina.startup.VersionLoggerListener.log Command line argument: -javaagent:C:\Program Files\JetBrains\IntelliJ IDEA Community Edition 2024.3.1.1\lib\idea_rt.jar=58592:C:\Program Files\JetBrains\IntelliJ IDEA Community Edition 2024.3.1.1\bin
29-Aug-2025 12:25:40.547 INFO [main] org.apache.catalina.startup.VersionLoggerListener.log Command line argument: -Dfile.encoding=UTF-8
29-Aug-2025 12:25:40.634 INFO [main] org.apache.catalina.core.AprLifecycleListener.lifecycleEvent Loaded Apache Tomcat Native library [1.3.1] using APR version [1.7.4].
29-Aug-2025 12:25:40.634 INFO [main] org.apache.catalina.core.AprLifecycleListener.lifecycleEvent APR capabilities: IPv6 [true], sendfile [true], accept filters [false], random [true], UDS [true].
29-Aug-2025 12:25:40.635 INFO [main] org.apache.catalina.core.AprLifecycleListener.lifecycleEvent APR/OpenSSL configuration: useAprConnector [false], useOpenSSL [true]
29-Aug-2025 12:25:40.645 INFO [main] org.apache.catalina.core.AprLifecycleListener.initializeSSL OpenSSL successfully initialized [OpenSSL 3.0.14 4 Jun 2024]
29-Aug-2025 12:25:41.154 INFO [main] org.apache.coyote.AbstractProtocol.init Initializing ProtocolHandler ["http-nio-8080"]
29-Aug-2025 12:25:41.211 INFO [main] org.apache.catalina.startup.Catalina.load Server initialization in [1284] milliseconds
29-Aug-2025 12:25:41.316 INFO [main] org.apache.catalina.core.StandardService.startInternal Starting service [Catalina]
29-Aug-2025 12:25:41.316 INFO [main] org.apache.catalina.core.StandardEngine.startInternal Starting Servlet engine: [Apache Tomcat/9.0.98]
29-Aug-2025 12:25:41.326 INFO [main] org.apache.catalina.startup.HostConfig.deployDescriptor Deploying deployment descriptor [D:\PahanaeduBookshop\PahanaeduBookshop\conf\Catalina\localhost\PahanaeduBookshop.xml]
29-Aug-2025 12:25:42.036 INFO [main] org.apache.catalina.startup.HostConfig.deployDescriptor Deployment of deployment descriptor [D:\PahanaeduBookshop\PahanaeduBookshop\conf\Catalina\localhost\PahanaeduBookshop.xml] has finished in [710] ms
29-Aug-2025 12:25:42.044 INFO [main] org.apache.coyote.AbstractProtocol.start Starting ProtocolHandler ["http-nio-8080"]
29-Aug-2025 12:25:42.112 INFO [main] org.apache.catalina.startup.Catalina.start Server startup in [900] milliseconds
29-Aug-2025 12:26:44.380 INFO [Thread-1] org.apache.coyote.AbstractProtocol.pause Pausing ProtocolHandler ["http-nio-8080"]
29-Aug-2025 12:26:44.542 INFO [Thread-1] org.apache.catalina.core.StandardService.stopInternal Stopping service [Catalina]
29-Aug-2025 12:26:44.564 INFO [Thread-1] org.apache.coyote.AbstractProtocol.stop Stopping ProtocolHandler ["http-nio-8080"]
29-Aug-2025 12:26:44.574 INFO [Thread-1] org.apache.coyote.AbstractProtocol.destroy Destroying ProtocolHandler ["http-nio-8080"]
29-Aug-2025 12:26:48.391 INFO [main] org.apache.catalina.startup.VersionLoggerListener.log Server version name:   Apache Tomcat/9.0.98
29-Aug-2025 12:26:48.397 INFO [main] org.apache.catalina.startup.VersionLoggerListener.log Server built:          Dec 5 2024 19:50:29 UTC
29-Aug-2025 12:26:48.398 INFO [main] org.apache.catalina.startup.VersionLoggerListener.log Server version number: 9.0.98.0
29-Aug-2025 12:26:48.398 INFO [main] org.apache.catalina.startup.VersionLoggerListener.log OS Name:               Windows 10
29-Aug-2025 12:26:48.398 INFO [main] org.apache.catalina.startup.VersionLoggerListener.log OS Version:            10.0
29-Aug-2025 12:26:48.398 INFO [main] org.apache.catalina.startup.VersionLoggerListener.log Architecture:          amd64
29-Aug-2025 12:26:48.399 INFO [main] org.apache.catalina.startup.VersionLoggerListener.log Java Home:             C:\Program Files\Java\jdk-17.0.2
29-Aug-2025 12:26:48.399 INFO [main] org.apache.catalina.startup.VersionLoggerListener.log JVM Version:           17.0.2+8-LTS-86
29-Aug-2025 12:26:48.399 INFO [main] org.apache.catalina.startup.VersionLoggerListener.log JVM Vendor:            Oracle Corporation
29-Aug-2025 12:26:48.400 INFO [main] org.apache.catalina.startup.VersionLoggerListener.log CATALINA_BASE:         D:\PahanaeduBookshop\PahanaeduBookshop
29-Aug-2025 12:26:48.400 INFO [main] org.apache.catalina.startup.VersionLoggerListener.log CATALINA_HOME:         G:\ICBT\1st_Semester\PROGRAMMING\apache-tomcat-9.0.98\apache-tomcat-9.0.98
29-Aug-2025 12:26:48.416 INFO [main] org.apache.catalina.startup.VersionLoggerListener.log Command line argument: --add-opens=java.base/java.lang=ALL-UNNAMED
29-Aug-2025 12:26:48.416 INFO [main] org.apache.catalina.startup.VersionLoggerListener.log Command line argument: --add-opens=java.base/java.io=ALL-UNNAMED
29-Aug-2025 12:26:48.417 INFO [main] org.apache.catalina.startup.VersionLoggerListener.log Command line argument: --add-opens=java.base/java.util=ALL-UNNAMED
29-Aug-2025 12:26:48.418 INFO [main] org.apache.catalina.startup.VersionLoggerListener.log Command line argument: --add-opens=java.base/java.util.concurrent=ALL-UNNAMED
29-Aug-2025 12:26:48.418 INFO [main] org.apache.catalina.startup.VersionLoggerListener.log Command line argument: --add-opens=java.rmi/sun.rmi.transport=ALL-UNNAMED
29-Aug-2025 12:26:48.419 INFO [main] org.apache.catalina.startup.VersionLoggerListener.log Command line argument: -Dcatalina.home=G:\ICBT\1st_Semester\PROGRAMMING\apache-tomcat-9.0.98\apache-tomcat-9.0.98
29-Aug-2025 12:26:48.421 INFO [main] org.apache.catalina.startup.VersionLoggerListener.log Command line argument: -Dcatalina.base=D:\PahanaeduBookshop\PahanaeduBookshop
29-Aug-2025 12:26:48.422 INFO [main] org.apache.catalina.startup.VersionLoggerListener.log Command line argument: -Djava.io.tmpdir=D:\PahanaeduBookshop\PahanaeduBookshop\temp
29-Aug-2025 12:26:48.422 INFO [main] org.apache.catalina.startup.VersionLoggerListener.log Command line argument: -Djava.util.logging.config.file=D:\PahanaeduBookshop\PahanaeduBookshop\conf\logging.properties
29-Aug-2025 12:26:48.422 INFO [main] org.apache.catalina.startup.VersionLoggerListener.log Command line argument: -Djava.util.logging.manager=org.apache.juli.ClassLoaderLogManager
29-Aug-2025 12:26:48.423 INFO [main] org.apache.catalina.startup.VersionLoggerListener.log Command line argument: -javaagent:C:\Program Files\JetBrains\IntelliJ IDEA Community Edition 2024.3.1.1\lib\idea_rt.jar=58605:C:\Program Files\JetBrains\IntelliJ IDEA Community Edition 2024.3.1.1\bin
29-Aug-2025 12:26:48.423 INFO [main] org.apache.catalina.startup.VersionLoggerListener.log Command line argument: -Dfile.encoding=UTF-8
29-Aug-2025 12:26:48.509 INFO [main] org.apache.catalina.core.AprLifecycleListener.lifecycleEvent Loaded Apache Tomcat Native library [1.3.1] using APR version [1.7.4].
29-Aug-2025 12:26:48.509 INFO [main] org.apache.catalina.core.AprLifecycleListener.lifecycleEvent APR capabilities: IPv6 [true], sendfile [true], accept filters [false], random [true], UDS [true].
29-Aug-2025 12:26:48.509 INFO [main] org.apache.catalina.core.AprLifecycleListener.lifecycleEvent APR/OpenSSL configuration: useAprConnector [false], useOpenSSL [true]
29-Aug-2025 12:26:48.535 INFO [main] org.apache.catalina.core.AprLifecycleListener.initializeSSL OpenSSL successfully initialized [OpenSSL 3.0.14 4 Jun 2024]
29-Aug-2025 12:26:49.264 INFO [main] org.apache.coyote.AbstractProtocol.init Initializing ProtocolHandler ["http-nio-8080"]
29-Aug-2025 12:26:49.295 INFO [main] org.apache.catalina.startup.Catalina.load Server initialization in [1452] milliseconds
29-Aug-2025 12:26:49.375 INFO [main] org.apache.catalina.core.StandardService.startInternal Starting service [Catalina]
29-Aug-2025 12:26:49.376 INFO [main] org.apache.catalina.core.StandardEngine.startInternal Starting Servlet engine: [Apache Tomcat/9.0.98]
29-Aug-2025 12:26:49.390 INFO [main] org.apache.catalina.startup.HostConfig.deployDescriptor Deploying deployment descriptor [D:\PahanaeduBookshop\PahanaeduBookshop\conf\Catalina\localhost\PahanaeduBookshop.xml]
29-Aug-2025 12:26:50.106 INFO [main] org.apache.catalina.startup.HostConfig.deployDescriptor Deployment of deployment descriptor [D:\PahanaeduBookshop\PahanaeduBookshop\conf\Catalina\localhost\PahanaeduBookshop.xml] has finished in [715] ms
29-Aug-2025 12:26:50.116 INFO [main] org.apache.coyote.AbstractProtocol.start Starting ProtocolHandler ["http-nio-8080"]
29-Aug-2025 12:26:50.203 INFO [main] org.apache.catalina.startup.Catalina.start Server startup in [906] milliseconds
29-Aug-2025 12:27:23.297 INFO [Thread-1] org.apache.coyote.AbstractProtocol.pause Pausing ProtocolHandler ["http-nio-8080"]
29-Aug-2025 12:27:23.440 INFO [Thread-1] org.apache.catalina.core.StandardService.stopInternal Stopping service [Catalina]
29-Aug-2025 12:27:23.462 INFO [Thread-1] org.apache.coyote.AbstractProtocol.stop Stopping ProtocolHandler ["http-nio-8080"]
29-Aug-2025 12:27:23.476 INFO [Thread-1] org.apache.coyote.AbstractProtocol.destroy Destroying ProtocolHandler ["http-nio-8080"]
29-Aug-2025 12:27:27.239 INFO [main] org.apache.catalina.startup.VersionLoggerListener.log Server version name:   Apache Tomcat/9.0.98
29-Aug-2025 12:27:27.244 INFO [main] org.apache.catalina.startup.VersionLoggerListener.log Server built:          Dec 5 2024 19:50:29 UTC
29-Aug-2025 12:27:27.245 INFO [main] org.apache.catalina.startup.VersionLoggerListener.log Server version number: 9.0.98.0
29-Aug-2025 12:27:27.245 INFO [main] org.apache.catalina.startup.VersionLoggerListener.log OS Name:               Windows 10
29-Aug-2025 12:27:27.245 INFO [main] org.apache.catalina.startup.VersionLoggerListener.log OS Version:            10.0
29-Aug-2025 12:27:27.245 INFO [main] org.apache.catalina.startup.VersionLoggerListener.log Architecture:          amd64
29-Aug-2025 12:27:27.245 INFO [main] org.apache.catalina.startup.VersionLoggerListener.log Java Home:             C:\Program Files\Java\jdk-17.0.2
29-Aug-2025 12:27:27.245 INFO [main] org.apache.catalina.startup.VersionLoggerListener.log JVM Version:           17.0.2+8-LTS-86
29-Aug-2025 12:27:27.245 INFO [main] org.apache.catalina.startup.VersionLoggerListener.log JVM Vendor:            Oracle Corporation
29-Aug-2025 12:27:27.246 INFO [main] org.apache.catalina.startup.VersionLoggerListener.log CATALINA_BASE:         D:\PahanaeduBookshop\PahanaeduBookshop
29-Aug-2025 12:27:27.246 INFO [main] org.apache.catalina.startup.VersionLoggerListener.log CATALINA_HOME:         G:\ICBT\1st_Semester\PROGRAMMING\apache-tomcat-9.0.98\apache-tomcat-9.0.98
29-Aug-2025 12:27:27.261 INFO [main] org.apache.catalina.startup.VersionLoggerListener.log Command line argument: --add-opens=java.base/java.lang=ALL-UNNAMED
29-Aug-2025 12:27:27.262 INFO [main] org.apache.catalina.startup.VersionLoggerListener.log Command line argument: --add-opens=java.base/java.io=ALL-UNNAMED
29-Aug-2025 12:27:27.262 INFO [main] org.apache.catalina.startup.VersionLoggerListener.log Command line argument: --add-opens=java.base/java.util=ALL-UNNAMED
29-Aug-2025 12:27:27.262 INFO [main] org.apache.catalina.startup.VersionLoggerListener.log Command line argument: --add-opens=java.base/java.util.concurrent=ALL-UNNAMED
29-Aug-2025 12:27:27.262 INFO [main] org.apache.catalina.startup.VersionLoggerListener.log Command line argument: --add-opens=java.rmi/sun.rmi.transport=ALL-UNNAMED
29-Aug-2025 12:27:27.262 INFO [main] org.apache.catalina.startup.VersionLoggerListener.log Command line argument: -Dcatalina.home=G:\ICBT\1st_Semester\PROGRAMMING\apache-tomcat-9.0.98\apache-tomcat-9.0.98
29-Aug-2025 12:27:27.262 INFO [main] org.apache.catalina.startup.VersionLoggerListener.log Command line argument: -Dcatalina.base=D:\PahanaeduBookshop\PahanaeduBookshop
29-Aug-2025 12:27:27.263 INFO [main] org.apache.catalina.startup.VersionLoggerListener.log Command line argument: -Djava.io.tmpdir=D:\PahanaeduBookshop\PahanaeduBookshop\temp
29-Aug-2025 12:27:27.263 INFO [main] org.apache.catalina.startup.VersionLoggerListener.log Command line argument: -Djava.util.logging.config.file=D:\PahanaeduBookshop\PahanaeduBookshop\conf\logging.properties
29-Aug-2025 12:27:27.263 INFO [main] org.apache.catalina.startup.VersionLoggerListener.log Command line argument: -Djava.util.logging.manager=org.apache.juli.ClassLoaderLogManager
29-Aug-2025 12:27:27.263 INFO [main] org.apache.catalina.startup.VersionLoggerListener.log Command line argument: -javaagent:C:\Program Files\JetBrains\IntelliJ IDEA Community Edition 2024.3.1.1\lib\idea_rt.jar=58618:C:\Program Files\JetBrains\IntelliJ IDEA Community Edition 2024.3.1.1\bin
29-Aug-2025 12:27:27.263 INFO [main] org.apache.catalina.startup.VersionLoggerListener.log Command line argument: -Dfile.encoding=UTF-8
29-Aug-2025 12:27:27.361 INFO [main] org.apache.catalina.core.AprLifecycleListener.lifecycleEvent Loaded Apache Tomcat Native library [1.3.1] using APR version [1.7.4].
29-Aug-2025 12:27:27.361 INFO [main] org.apache.catalina.core.AprLifecycleListener.lifecycleEvent APR capabilities: IPv6 [true], sendfile [true], accept filters [false], random [true], UDS [true].
29-Aug-2025 12:27:27.361 INFO [main] org.apache.catalina.core.AprLifecycleListener.lifecycleEvent APR/OpenSSL configuration: useAprConnector [false], useOpenSSL [true]
29-Aug-2025 12:27:27.382 INFO [main] org.apache.catalina.core.AprLifecycleListener.initializeSSL OpenSSL successfully initialized [OpenSSL 3.0.14 4 Jun 2024]
29-Aug-2025 12:27:27.857 INFO [main] org.apache.coyote.AbstractProtocol.init Initializing ProtocolHandler ["http-nio-8080"]
29-Aug-2025 12:27:27.888 INFO [main] org.apache.catalina.startup.Catalina.load Server initialization in [1061] milliseconds
29-Aug-2025 12:27:27.958 INFO [main] org.apache.catalina.core.StandardService.startInternal Starting service [Catalina]
29-Aug-2025 12:27:27.958 INFO [main] org.apache.catalina.core.StandardEngine.startInternal Starting Servlet engine: [Apache Tomcat/9.0.98]
29-Aug-2025 12:27:27.971 INFO [main] org.apache.catalina.startup.HostConfig.deployDescriptor Deploying deployment descriptor [D:\PahanaeduBookshop\PahanaeduBookshop\conf\Catalina\localhost\PahanaeduBookshop.xml]
29-Aug-2025 12:27:28.643 INFO [main] org.apache.catalina.startup.HostConfig.deployDescriptor Deployment of deployment descriptor [D:\PahanaeduBookshop\PahanaeduBookshop\conf\Catalina\localhost\PahanaeduBookshop.xml] has finished in [672] ms
29-Aug-2025 12:27:28.650 INFO [main] org.apache.coyote.AbstractProtocol.start Starting ProtocolHandler ["http-nio-8080"]
29-Aug-2025 12:27:28.749 INFO [main] org.apache.catalina.startup.Catalina.start Server startup in [860] milliseconds
29-Aug-2025 12:28:39.392 INFO [Thread-1] org.apache.coyote.AbstractProtocol.pause Pausing ProtocolHandler ["http-nio-8080"]
29-Aug-2025 12:28:39.550 INFO [Thread-1] org.apache.catalina.core.StandardService.stopInternal Stopping service [Catalina]
29-Aug-2025 12:28:39.574 INFO [Thread-1] org.apache.coyote.AbstractProtocol.stop Stopping ProtocolHandler ["http-nio-8080"]
29-Aug-2025 12:28:39.586 INFO [Thread-1] org.apache.coyote.AbstractProtocol.destroy Destroying ProtocolHandler ["http-nio-8080"]
29-Aug-2025 12:28:44.907 INFO [main] org.apache.catalina.startup.VersionLoggerListener.log Server version name:   Apache Tomcat/9.0.98
29-Aug-2025 12:28:44.921 INFO [main] org.apache.catalina.startup.VersionLoggerListener.log Server built:          Dec 5 2024 19:50:29 UTC
29-Aug-2025 12:28:44.921 INFO [main] org.apache.catalina.startup.VersionLoggerListener.log Server version number: 9.0.98.0
29-Aug-2025 12:28:44.921 INFO [main] org.apache.catalina.startup.VersionLoggerListener.log OS Name:               Windows 10
29-Aug-2025 12:28:44.921 INFO [main] org.apache.catalina.startup.VersionLoggerListener.log OS Version:            10.0
29-Aug-2025 12:28:44.921 INFO [main] org.apache.catalina.startup.VersionLoggerListener.log Architecture:          amd64
29-Aug-2025 12:28:44.921 INFO [main] org.apache.catalina.startup.VersionLoggerListener.log Java Home:             C:\Program Files\Java\jdk-17.0.2
29-Aug-2025 12:28:44.921 INFO [main] org.apache.catalina.startup.VersionLoggerListener.log JVM Version:           17.0.2+8-LTS-86
29-Aug-2025 12:28:44.921 INFO [main] org.apache.catalina.startup.VersionLoggerListener.log JVM Vendor:            Oracle Corporation
29-Aug-2025 12:28:44.921 INFO [main] org.apache.catalina.startup.VersionLoggerListener.log CATALINA_BASE:         D:\PahanaeduBookshop\PahanaeduBookshop
29-Aug-2025 12:28:44.921 INFO [main] org.apache.catalina.startup.VersionLoggerListener.log CATALINA_HOME:         G:\ICBT\1st_Semester\PROGRAMMING\apache-tomcat-9.0.98\apache-tomcat-9.0.98
29-Aug-2025 12:28:44.938 INFO [main] org.apache.catalina.startup.VersionLoggerListener.log Command line argument: --add-opens=java.base/java.lang=ALL-UNNAMED
29-Aug-2025 12:28:44.938 INFO [main] org.apache.catalina.startup.VersionLoggerListener.log Command line argument: --add-opens=java.base/java.io=ALL-UNNAMED
29-Aug-2025 12:28:44.938 INFO [main] org.apache.catalina.startup.VersionLoggerListener.log Command line argument: --add-opens=java.base/java.util=ALL-UNNAMED
29-Aug-2025 12:28:44.938 INFO [main] org.apache.catalina.startup.VersionLoggerListener.log Command line argument: --add-opens=java.base/java.util.concurrent=ALL-UNNAMED
29-Aug-2025 12:28:44.938 INFO [main] org.apache.catalina.startup.VersionLoggerListener.log Command line argument: --add-opens=java.rmi/sun.rmi.transport=ALL-UNNAMED
29-Aug-2025 12:28:44.938 INFO [main] org.apache.catalina.startup.VersionLoggerListener.log Command line argument: -Dcatalina.home=G:\ICBT\1st_Semester\PROGRAMMING\apache-tomcat-9.0.98\apache-tomcat-9.0.98
29-Aug-2025 12:28:44.938 INFO [main] org.apache.catalina.startup.VersionLoggerListener.log Command line argument: -Dcatalina.base=D:\PahanaeduBookshop\PahanaeduBookshop
29-Aug-2025 12:28:44.938 INFO [main] org.apache.catalina.startup.VersionLoggerListener.log Command line argument: -Djava.io.tmpdir=D:\PahanaeduBookshop\PahanaeduBookshop\temp
29-Aug-2025 12:28:44.938 INFO [main] org.apache.catalina.startup.VersionLoggerListener.log Command line argument: -Djava.util.logging.config.file=D:\PahanaeduBookshop\PahanaeduBookshop\conf\logging.properties
29-Aug-2025 12:28:44.938 INFO [main] org.apache.catalina.startup.VersionLoggerListener.log Command line argument: -Djava.util.logging.manager=org.apache.juli.ClassLoaderLogManager
29-Aug-2025 12:28:44.938 INFO [main] org.apache.catalina.startup.VersionLoggerListener.log Command line argument: -javaagent:C:\Program Files\JetBrains\IntelliJ IDEA Community Edition 2024.3.1.1\lib\idea_rt.jar=58643:C:\Program Files\JetBrains\IntelliJ IDEA Community Edition 2024.3.1.1\bin
29-Aug-2025 12:28:44.938 INFO [main] org.apache.catalina.startup.VersionLoggerListener.log Command line argument: -Dfile.encoding=UTF-8
29-Aug-2025 12:28:45.048 INFO [main] org.apache.catalina.core.AprLifecycleListener.lifecycleEvent Loaded Apache Tomcat Native library [1.3.1] using APR version [1.7.4].
29-Aug-2025 12:28:45.048 INFO [main] org.apache.catalina.core.AprLifecycleListener.lifecycleEvent APR capabilities: IPv6 [true], sendfile [true], accept filters [false], random [true], UDS [true].
29-Aug-2025 12:28:45.048 INFO [main] org.apache.catalina.core.AprLifecycleListener.lifecycleEvent APR/OpenSSL configuration: useAprConnector [false], useOpenSSL [true]
29-Aug-2025 12:28:45.284 INFO [main] org.apache.catalina.core.AprLifecycleListener.initializeSSL OpenSSL successfully initialized [OpenSSL 3.0.14 4 Jun 2024]
29-Aug-2025 12:28:46.113 INFO [main] org.apache.coyote.AbstractProtocol.init Initializing ProtocolHandler ["http-nio-8080"]
29-Aug-2025 12:28:46.163 INFO [main] org.apache.catalina.startup.Catalina.load Server initialization in [1624] milliseconds
29-Aug-2025 12:28:46.226 INFO [main] org.apache.catalina.core.StandardService.startInternal Starting service [Catalina]
29-Aug-2025 12:28:46.227 INFO [main] org.apache.catalina.core.StandardEngine.startInternal Starting Servlet engine: [Apache Tomcat/9.0.98]
29-Aug-2025 12:28:46.494 INFO [main] org.apache.catalina.startup.HostConfig.deployDescriptor Deploying deployment descriptor [D:\PahanaeduBookshop\PahanaeduBookshop\conf\Catalina\localhost\PahanaeduBookshop.xml]
29-Aug-2025 12:28:47.076 WARNING [main] org.apache.catalina.util.SessionIdGeneratorBase.createSecureRandom Creation of SecureRandom instance for session ID generation using [SHA1PRNG] took [105] milliseconds.
29-Aug-2025 12:28:47.117 INFO [main] org.apache.catalina.startup.HostConfig.deployDescriptor Deployment of deployment descriptor [D:\PahanaeduBookshop\PahanaeduBookshop\conf\Catalina\localhost\PahanaeduBookshop.xml] has finished in [623] ms
29-Aug-2025 12:28:47.124 INFO [main] org.apache.coyote.AbstractProtocol.start Starting ProtocolHandler ["http-nio-8080"]
29-Aug-2025 12:28:47.251 INFO [main] org.apache.catalina.startup.Catalina.start Server startup in [1087] milliseconds
29-Aug-2025 12:29:42.047 INFO [Thread-1] org.apache.coyote.AbstractProtocol.pause Pausing ProtocolHandler ["http-nio-8080"]
29-Aug-2025 12:29:42.424 INFO [Thread-1] org.apache.catalina.core.StandardService.stopInternal Stopping service [Catalina]
29-Aug-2025 12:29:42.444 INFO [Thread-1] org.apache.coyote.AbstractProtocol.stop Stopping ProtocolHandler ["http-nio-8080"]
29-Aug-2025 12:29:42.458 INFO [Thread-1] org.apache.coyote.AbstractProtocol.destroy Destroying ProtocolHandler ["http-nio-8080"]
29-Aug-2025 12:31:36.171 INFO [main] org.apache.catalina.startup.VersionLoggerListener.log Server version name:   Apache Tomcat/9.0.98
29-Aug-2025 12:31:36.190 INFO [main] org.apache.catalina.startup.VersionLoggerListener.log Server built:          Dec 5 2024 19:50:29 UTC
29-Aug-2025 12:31:36.191 INFO [main] org.apache.catalina.startup.VersionLoggerListener.log Server version number: 9.0.98.0
29-Aug-2025 12:31:36.192 INFO [main] org.apache.catalina.startup.VersionLoggerListener.log OS Name:               Windows 10
29-Aug-2025 12:31:36.193 INFO [main] org.apache.catalina.startup.VersionLoggerListener.log OS Version:            10.0
29-Aug-2025 12:31:36.194 INFO [main] org.apache.catalina.startup.VersionLoggerListener.log Architecture:          amd64
29-Aug-2025 12:31:36.195 INFO [main] org.apache.catalina.startup.VersionLoggerListener.log Java Home:             C:\Program Files\Java\jdk-17.0.2
29-Aug-2025 12:31:36.196 INFO [main] org.apache.catalina.startup.VersionLoggerListener.log JVM Version:           17.0.2+8-LTS-86
29-Aug-2025 12:31:36.196 INFO [main] org.apache.catalina.startup.VersionLoggerListener.log JVM Vendor:            Oracle Corporation
29-Aug-2025 12:31:36.197 INFO [main] org.apache.catalina.startup.VersionLoggerListener.log CATALINA_BASE:         D:\PahanaeduBookshop\PahanaeduBookshop
29-Aug-2025 12:31:36.197 INFO [main] org.apache.catalina.startup.VersionLoggerListener.log CATALINA_HOME:         G:\ICBT\1st_Semester\PROGRAMMING\apache-tomcat-9.0.98\apache-tomcat-9.0.98
29-Aug-2025 12:31:36.259 INFO [main] org.apache.catalina.startup.VersionLoggerListener.log Command line argument: --add-opens=java.base/java.lang=ALL-UNNAMED
29-Aug-2025 12:31:36.259 INFO [main] org.apache.catalina.startup.VersionLoggerListener.log Command line argument: --add-opens=java.base/java.io=ALL-UNNAMED
29-Aug-2025 12:31:36.259 INFO [main] org.apache.catalina.startup.VersionLoggerListener.log Command line argument: --add-opens=java.base/java.util=ALL-UNNAMED
29-Aug-2025 12:31:36.259 INFO [main] org.apache.catalina.startup.VersionLoggerListener.log Command line argument: --add-opens=java.base/java.util.concurrent=ALL-UNNAMED
29-Aug-2025 12:31:36.259 INFO [main] org.apache.catalina.startup.VersionLoggerListener.log Command line argument: --add-opens=java.rmi/sun.rmi.transport=ALL-UNNAMED
29-Aug-2025 12:31:36.259 INFO [main] org.apache.catalina.startup.VersionLoggerListener.log Command line argument: -Dcatalina.home=G:\ICBT\1st_Semester\PROGRAMMING\apache-tomcat-9.0.98\apache-tomcat-9.0.98
29-Aug-2025 12:31:36.260 INFO [main] org.apache.catalina.startup.VersionLoggerListener.log Command line argument: -Dcatalina.base=D:\PahanaeduBookshop\PahanaeduBookshop
29-Aug-2025 12:31:36.260 INFO [main] org.apache.catalina.startup.VersionLoggerListener.log Command line argument: -Djava.io.tmpdir=D:\PahanaeduBookshop\PahanaeduBookshop\temp
29-Aug-2025 12:31:36.260 INFO [main] org.apache.catalina.startup.VersionLoggerListener.log Command line argument: -Djava.util.logging.config.file=D:\PahanaeduBookshop\PahanaeduBookshop\conf\logging.properties
29-Aug-2025 12:31:36.260 INFO [main] org.apache.catalina.startup.VersionLoggerListener.log Command line argument: -Djava.util.logging.manager=org.apache.juli.ClassLoaderLogManager
29-Aug-2025 12:31:36.260 INFO [main] org.apache.catalina.startup.VersionLoggerListener.log Command line argument: -javaagent:C:\Program Files\JetBrains\IntelliJ IDEA Community Edition 2024.3.1.1\lib\idea_rt.jar=58680:C:\Program Files\JetBrains\IntelliJ IDEA Community Edition 2024.3.1.1\bin
29-Aug-2025 12:31:36.260 INFO [main] org.apache.catalina.startup.VersionLoggerListener.log Command line argument: -Dfile.encoding=UTF-8
29-Aug-2025 12:31:45.583 INFO [main] org.apache.catalina.core.AprLifecycleListener.lifecycleEvent Loaded Apache Tomcat Native library [1.3.1] using APR version [1.7.4].
29-Aug-2025 12:31:45.584 INFO [main] org.apache.catalina.core.AprLifecycleListener.lifecycleEvent APR capabilities: IPv6 [true], sendfile [true], accept filters [false], random [true], UDS [true].
29-Aug-2025 12:31:45.584 INFO [main] org.apache.catalina.core.AprLifecycleListener.lifecycleEvent APR/OpenSSL configuration: useAprConnector [false], useOpenSSL [true]
29-Aug-2025 12:31:53.297 INFO [main] org.apache.catalina.core.AprLifecycleListener.initializeSSL OpenSSL successfully initialized [OpenSSL 3.0.14 4 Jun 2024]
29-Aug-2025 12:32:03.571 INFO [main] org.apache.coyote.AbstractProtocol.init Initializing ProtocolHandler ["http-nio-8080"]
29-Aug-2025 12:32:03.993 INFO [main] org.apache.catalina.startup.Catalina.load Server initialization in [38653] milliseconds
29-Aug-2025 12:32:04.578 INFO [main] org.apache.catalina.core.StandardService.startInternal Starting service [Catalina]
29-Aug-2025 12:32:04.579 INFO [main] org.apache.catalina.core.StandardEngine.startInternal Starting Servlet engine: [Apache Tomcat/9.0.98]
29-Aug-2025 12:32:04.814 INFO [main] org.apache.catalina.startup.HostConfig.deployDescriptor Deploying deployment descriptor [D:\PahanaeduBookshop\PahanaeduBookshop\conf\Catalina\localhost\PahanaeduBookshop.xml]
29-Aug-2025 12:32:11.040 WARNING [main] org.apache.catalina.util.SessionIdGeneratorBase.createSecureRandom Creation of SecureRandom instance for session ID generation using [SHA1PRNG] took [191] milliseconds.
29-Aug-2025 12:32:11.905 INFO [main] org.apache.catalina.startup.HostConfig.deployDescriptor Deployment of deployment descriptor [D:\PahanaeduBookshop\PahanaeduBookshop\conf\Catalina\localhost\PahanaeduBookshop.xml] has finished in [7,092] ms
29-Aug-2025 12:32:11.915 INFO [main] org.apache.coyote.AbstractProtocol.start Starting ProtocolHandler ["http-nio-8080"]
29-Aug-2025 12:32:12.300 INFO [main] org.apache.catalina.startup.Catalina.start Server startup in [8306] milliseconds
29-Aug-2025 12:32:48.867 INFO [Thread-1] org.apache.coyote.AbstractProtocol.pause Pausing ProtocolHandler ["http-nio-8080"]
29-Aug-2025 12:32:49.768 INFO [Thread-1] org.apache.catalina.core.StandardService.stopInternal Stopping service [Catalina]
29-Aug-2025 12:32:49.789 INFO [Thread-1] org.apache.coyote.AbstractProtocol.stop Stopping ProtocolHandler ["http-nio-8080"]
29-Aug-2025 12:32:49.808 INFO [Thread-1] org.apache.coyote.AbstractProtocol.destroy Destroying ProtocolHandler ["http-nio-8080"]
29-Aug-2025 12:34:14.741 INFO [main] org.apache.catalina.startup.VersionLoggerListener.log Server version name:   Apache Tomcat/9.0.98
29-Aug-2025 12:34:14.746 INFO [main] org.apache.catalina.startup.VersionLoggerListener.log Server built:          Dec 5 2024 19:50:29 UTC
29-Aug-2025 12:34:14.746 INFO [main] org.apache.catalina.startup.VersionLoggerListener.log Server version number: 9.0.98.0
29-Aug-2025 12:34:14.746 INFO [main] org.apache.catalina.startup.VersionLoggerListener.log OS Name:               Windows 10
29-Aug-2025 12:34:14.747 INFO [main] org.apache.catalina.startup.VersionLoggerListener.log OS Version:            10.0
29-Aug-2025 12:34:14.747 INFO [main] org.apache.catalina.startup.VersionLoggerListener.log Architecture:          amd64
29-Aug-2025 12:34:14.747 INFO [main] org.apache.catalina.startup.VersionLoggerListener.log Java Home:             C:\Program Files\Java\jdk-17.0.2
29-Aug-2025 12:34:14.747 INFO [main] org.apache.catalina.startup.VersionLoggerListener.log JVM Version:           17.0.2+8-LTS-86
29-Aug-2025 12:34:14.747 INFO [main] org.apache.catalina.startup.VersionLoggerListener.log JVM Vendor:            Oracle Corporation
29-Aug-2025 12:34:14.747 INFO [main] org.apache.catalina.startup.VersionLoggerListener.log CATALINA_BASE:         D:\PahanaeduBookshop\PahanaeduBookshop
29-Aug-2025 12:34:14.747 INFO [main] org.apache.catalina.startup.VersionLoggerListener.log CATALINA_HOME:         G:\ICBT\1st_Semester\PROGRAMMING\apache-tomcat-9.0.98\apache-tomcat-9.0.98
29-Aug-2025 12:34:14.762 INFO [main] org.apache.catalina.startup.VersionLoggerListener.log Command line argument: --add-opens=java.base/java.lang=ALL-UNNAMED
29-Aug-2025 12:34:14.762 INFO [main] org.apache.catalina.startup.VersionLoggerListener.log Command line argument: --add-opens=java.base/java.io=ALL-UNNAMED
29-Aug-2025 12:34:14.762 INFO [main] org.apache.catalina.startup.VersionLoggerListener.log Command line argument: --add-opens=java.base/java.util=ALL-UNNAMED
29-Aug-2025 12:34:14.762 INFO [main] org.apache.catalina.startup.VersionLoggerListener.log Command line argument: --add-opens=java.base/java.util.concurrent=ALL-UNNAMED
29-Aug-2025 12:34:14.762 INFO [main] org.apache.catalina.startup.VersionLoggerListener.log Command line argument: --add-opens=java.rmi/sun.rmi.transport=ALL-UNNAMED
29-Aug-2025 12:34:14.763 INFO [main] org.apache.catalina.startup.VersionLoggerListener.log Command line argument: -Dcatalina.home=G:\ICBT\1st_Semester\PROGRAMMING\apache-tomcat-9.0.98\apache-tomcat-9.0.98
29-Aug-2025 12:34:14.763 INFO [main] org.apache.catalina.startup.VersionLoggerListener.log Command line argument: -Dcatalina.base=D:\PahanaeduBookshop\PahanaeduBookshop
29-Aug-2025 12:34:14.763 INFO [main] org.apache.catalina.startup.VersionLoggerListener.log Command line argument: -Djava.io.tmpdir=D:\PahanaeduBookshop\PahanaeduBookshop\temp
29-Aug-2025 12:34:14.763 INFO [main] org.apache.catalina.startup.VersionLoggerListener.log Command line argument: -Djava.util.logging.config.file=D:\PahanaeduBookshop\PahanaeduBookshop\conf\logging.properties
29-Aug-2025 12:34:14.763 INFO [main] org.apache.catalina.startup.VersionLoggerListener.log Command line argument: -Djava.util.logging.manager=org.apache.juli.ClassLoaderLogManager
29-Aug-2025 12:34:14.763 INFO [main] org.apache.catalina.startup.VersionLoggerListener.log Command line argument: -javaagent:C:\Program Files\JetBrains\IntelliJ IDEA Community Edition 2024.3.1.1\lib\idea_rt.jar=58703:C:\Program Files\JetBrains\IntelliJ IDEA Community Edition 2024.3.1.1\bin
29-Aug-2025 12:34:14.763 INFO [main] org.apache.catalina.startup.VersionLoggerListener.log Command line argument: -Dfile.encoding=UTF-8
29-Aug-2025 12:34:15.111 INFO [main] org.apache.catalina.core.AprLifecycleListener.lifecycleEvent Loaded Apache Tomcat Native library [1.3.1] using APR version [1.7.4].
29-Aug-2025 12:34:15.111 INFO [main] org.apache.catalina.core.AprLifecycleListener.lifecycleEvent APR capabilities: IPv6 [true], sendfile [true], accept filters [false], random [true], UDS [true].
29-Aug-2025 12:34:15.112 INFO [main] org.apache.catalina.core.AprLifecycleListener.lifecycleEvent APR/OpenSSL configuration: useAprConnector [false], useOpenSSL [true]
29-Aug-2025 12:34:19.450 INFO [main] org.apache.catalina.core.AprLifecycleListener.initializeSSL OpenSSL successfully initialized [OpenSSL 3.0.14 4 Jun 2024]
29-Aug-2025 12:34:21.716 INFO [main] org.apache.coyote.AbstractProtocol.init Initializing ProtocolHandler ["http-nio-8080"]
29-Aug-2025 12:34:22.226 INFO [main] org.apache.catalina.startup.Catalina.load Server initialization in [10829] milliseconds
29-Aug-2025 12:34:23.120 INFO [main] org.apache.catalina.core.StandardService.startInternal Starting service [Catalina]
29-Aug-2025 12:34:23.120 INFO [main] org.apache.catalina.core.StandardEngine.startInternal Starting Servlet engine: [Apache Tomcat/9.0.98]
29-Aug-2025 12:34:23.339 INFO [main] org.apache.catalina.startup.HostConfig.deployDescriptor Deploying deployment descriptor [D:\PahanaeduBookshop\PahanaeduBookshop\conf\Catalina\localhost\PahanaeduBookshop.xml]
29-Aug-2025 12:34:30.141 WARNING [main] org.apache.catalina.util.SessionIdGeneratorBase.createSecureRandom Creation of SecureRandom instance for session ID generation using [SHA1PRNG] took [232] milliseconds.
29-Aug-2025 12:34:30.817 INFO [main] org.apache.catalina.startup.HostConfig.deployDescriptor Deployment of deployment descriptor [D:\PahanaeduBookshop\PahanaeduBookshop\conf\Catalina\localhost\PahanaeduBookshop.xml] has finished in [7,479] ms
29-Aug-2025 12:34:30.823 INFO [main] org.apache.coyote.AbstractProtocol.start Starting ProtocolHandler ["http-nio-8080"]
29-Aug-2025 12:34:31.405 INFO [main] org.apache.catalina.startup.Catalina.start Server startup in [9178] milliseconds
29-Aug-2025 12:35:37.713 INFO [Thread-1] org.apache.coyote.AbstractProtocol.pause Pausing ProtocolHandler ["http-nio-8080"]
29-Aug-2025 12:35:37.846 INFO [Thread-1] org.apache.catalina.core.StandardService.stopInternal Stopping service [Catalina]
29-Aug-2025 12:35:37.867 INFO [Thread-1] org.apache.coyote.AbstractProtocol.stop Stopping ProtocolHandler ["http-nio-8080"]
29-Aug-2025 12:35:37.878 INFO [Thread-1] org.apache.coyote.AbstractProtocol.destroy Destroying ProtocolHandler ["http-nio-8080"]
29-Aug-2025 12:38:36.082 INFO [main] org.apache.catalina.startup.VersionLoggerListener.log Server version name:   Apache Tomcat/9.0.98
29-Aug-2025 12:38:36.089 INFO [main] org.apache.catalina.startup.VersionLoggerListener.log Server built:          Dec 5 2024 19:50:29 UTC
29-Aug-2025 12:38:36.090 INFO [main] org.apache.catalina.startup.VersionLoggerListener.log Server version number: 9.0.98.0
29-Aug-2025 12:38:36.090 INFO [main] org.apache.catalina.startup.VersionLoggerListener.log OS Name:               Windows 10
29-Aug-2025 12:38:36.091 INFO [main] org.apache.catalina.startup.VersionLoggerListener.log OS Version:            10.0
29-Aug-2025 12:38:36.091 INFO [main] org.apache.catalina.startup.VersionLoggerListener.log Architecture:          amd64
29-Aug-2025 12:38:36.093 INFO [main] org.apache.catalina.startup.VersionLoggerListener.log Java Home:             C:\Program Files\Java\jdk-17.0.2
29-Aug-2025 12:38:36.093 INFO [main] org.apache.catalina.startup.VersionLoggerListener.log JVM Version:           17.0.2+8-LTS-86
29-Aug-2025 12:38:36.093 INFO [main] org.apache.catalina.startup.VersionLoggerListener.log JVM Vendor:            Oracle Corporation
29-Aug-2025 12:38:36.093 INFO [main] org.apache.catalina.startup.VersionLoggerListener.log CATALINA_BASE:         D:\PahanaeduBookshop\PahanaeduBookshop
29-Aug-2025 12:38:36.094 INFO [main] org.apache.catalina.startup.VersionLoggerListener.log CATALINA_HOME:         G:\ICBT\1st_Semester\PROGRAMMING\apache-tomcat-9.0.98\apache-tomcat-9.0.98
29-Aug-2025 12:38:36.112 INFO [main] org.apache.catalina.startup.VersionLoggerListener.log Command line argument: --add-opens=java.base/java.lang=ALL-UNNAMED
29-Aug-2025 12:38:36.112 INFO [main] org.apache.catalina.startup.VersionLoggerListener.log Command line argument: --add-opens=java.base/java.io=ALL-UNNAMED
29-Aug-2025 12:38:36.112 INFO [main] org.apache.catalina.startup.VersionLoggerListener.log Command line argument: --add-opens=java.base/java.util=ALL-UNNAMED
29-Aug-2025 12:38:36.113 INFO [main] org.apache.catalina.startup.VersionLoggerListener.log Command line argument: --add-opens=java.base/java.util.concurrent=ALL-UNNAMED
29-Aug-2025 12:38:36.113 INFO [main] org.apache.catalina.startup.VersionLoggerListener.log Command line argument: --add-opens=java.rmi/sun.rmi.transport=ALL-UNNAMED
29-Aug-2025 12:38:36.113 INFO [main] org.apache.catalina.startup.VersionLoggerListener.log Command line argument: -Dcatalina.home=G:\ICBT\1st_Semester\PROGRAMMING\apache-tomcat-9.0.98\apache-tomcat-9.0.98
29-Aug-2025 12:38:36.113 INFO [main] org.apache.catalina.startup.VersionLoggerListener.log Command line argument: -Dcatalina.base=D:\PahanaeduBookshop\PahanaeduBookshop
29-Aug-2025 12:38:36.113 INFO [main] org.apache.catalina.startup.VersionLoggerListener.log Command line argument: -Djava.io.tmpdir=D:\PahanaeduBookshop\PahanaeduBookshop\temp
29-Aug-2025 12:38:36.113 INFO [main] org.apache.catalina.startup.VersionLoggerListener.log Command line argument: -Djava.util.logging.config.file=D:\PahanaeduBookshop\PahanaeduBookshop\conf\logging.properties
29-Aug-2025 12:38:36.113 INFO [main] org.apache.catalina.startup.VersionLoggerListener.log Command line argument: -Djava.util.logging.manager=org.apache.juli.ClassLoaderLogManager
29-Aug-2025 12:38:36.114 INFO [main] org.apache.catalina.startup.VersionLoggerListener.log Command line argument: -javaagent:C:\Program Files\JetBrains\IntelliJ IDEA Community Edition 2024.3.1.1\lib\idea_rt.jar=58764:C:\Program Files\JetBrains\IntelliJ IDEA Community Edition 2024.3.1.1\bin
29-Aug-2025 12:38:36.114 INFO [main] org.apache.catalina.startup.VersionLoggerListener.log Command line argument: -Dfile.encoding=UTF-8
29-Aug-2025 12:38:36.968 INFO [main] org.apache.catalina.core.AprLifecycleListener.lifecycleEvent Loaded Apache Tomcat Native library [1.3.1] using APR version [1.7.4].
29-Aug-2025 12:38:36.969 INFO [main] org.apache.catalina.core.AprLifecycleListener.lifecycleEvent APR capabilities: IPv6 [true], sendfile [true], accept filters [false], random [true], UDS [true].
29-Aug-2025 12:38:36.970 INFO [main] org.apache.catalina.core.AprLifecycleListener.lifecycleEvent APR/OpenSSL configuration: useAprConnector [false], useOpenSSL [true]
29-Aug-2025 12:38:38.199 INFO [main] org.apache.catalina.core.AprLifecycleListener.initializeSSL OpenSSL successfully initialized [OpenSSL 3.0.14 4 Jun 2024]
29-Aug-2025 12:38:38.810 INFO [main] org.apache.coyote.AbstractProtocol.init Initializing ProtocolHandler ["http-nio-8005"]
29-Aug-2025 12:38:38.938 INFO [main] org.apache.catalina.startup.Catalina.load Server initialization in [5626] milliseconds
29-Aug-2025 12:38:39.063 INFO [main] org.apache.catalina.core.StandardService.startInternal Starting service [Catalina]
29-Aug-2025 12:38:39.064 INFO [main] org.apache.catalina.core.StandardEngine.startInternal Starting Servlet engine: [Apache Tomcat/9.0.98]
29-Aug-2025 12:38:39.093 INFO [main] org.apache.catalina.startup.HostConfig.deployDescriptor Deploying deployment descriptor [D:\PahanaeduBookshop\PahanaeduBookshop\conf\Catalina\localhost\PahanaeduBookshop.xml]
29-Aug-2025 12:38:41.229 INFO [main] org.apache.jasper.servlet.TldScanner.scanJars At least one JAR was scanned for TLDs yet contained no TLDs. Enable debug logging for this logger for a complete list of JARs that were scanned but no TLDs were found in them. Skipping unneeded JARs during scanning can improve startup time and JSP compilation time.
29-Aug-2025 12:38:41.530 INFO [main] org.apache.catalina.startup.HostConfig.deployDescriptor Deployment of deployment descriptor [D:\PahanaeduBookshop\PahanaeduBookshop\conf\Catalina\localhost\PahanaeduBookshop.xml] has finished in [2,436] ms
29-Aug-2025 12:38:41.535 INFO [main] org.apache.coyote.AbstractProtocol.start Starting ProtocolHandler ["http-nio-8005"]
29-Aug-2025 12:38:42.102 INFO [main] org.apache.catalina.startup.Catalina.start Server startup in [3163] milliseconds
29-Aug-2025 12:41:30.339 INFO [Thread-1] org.apache.coyote.AbstractProtocol.pause Pausing ProtocolHandler ["http-nio-8005"]
29-Aug-2025 12:41:30.490 INFO [Thread-1] org.apache.catalina.core.StandardService.stopInternal Stopping service [Catalina]
29-Aug-2025 12:41:30.512 INFO [Thread-1] org.apache.coyote.AbstractProtocol.stop Stopping ProtocolHandler ["http-nio-8005"]
29-Aug-2025 12:41:30.533 INFO [Thread-1] org.apache.coyote.AbstractProtocol.destroy Destroying ProtocolHandler ["http-nio-8005"]
29-Aug-2025 12:41:36.399 INFO [main] org.apache.catalina.startup.VersionLoggerListener.log Server version name:   Apache Tomcat/9.0.98
29-Aug-2025 12:41:36.405 INFO [main] org.apache.catalina.startup.VersionLoggerListener.log Server built:          Dec 5 2024 19:50:29 UTC
29-Aug-2025 12:41:36.405 INFO [main] org.apache.catalina.startup.VersionLoggerListener.log Server version number: 9.0.98.0
29-Aug-2025 12:41:36.405 INFO [main] org.apache.catalina.startup.VersionLoggerListener.log OS Name:               Windows 10
29-Aug-2025 12:41:36.406 INFO [main] org.apache.catalina.startup.VersionLoggerListener.log OS Version:            10.0
29-Aug-2025 12:41:36.406 INFO [main] org.apache.catalina.startup.VersionLoggerListener.log Architecture:          amd64
29-Aug-2025 12:41:36.406 INFO [main] org.apache.catalina.startup.VersionLoggerListener.log Java Home:             C:\Program Files\Java\jdk-17.0.2
29-Aug-2025 12:41:36.406 INFO [main] org.apache.catalina.startup.VersionLoggerListener.log JVM Version:           17.0.2+8-LTS-86
29-Aug-2025 12:41:36.406 INFO [main] org.apache.catalina.startup.VersionLoggerListener.log JVM Vendor:            Oracle Corporation
29-Aug-2025 12:41:36.407 INFO [main] org.apache.catalina.startup.VersionLoggerListener.log CATALINA_BASE:         D:\PahanaeduBookshop\PahanaeduBookshop
29-Aug-2025 12:41:36.407 INFO [main] org.apache.catalina.startup.VersionLoggerListener.log CATALINA_HOME:         G:\ICBT\1st_Semester\PROGRAMMING\apache-tomcat-9.0.98\apache-tomcat-9.0.98
29-Aug-2025 12:41:36.422 INFO [main] org.apache.catalina.startup.VersionLoggerListener.log Command line argument: --add-opens=java.base/java.lang=ALL-UNNAMED
29-Aug-2025 12:41:36.422 INFO [main] org.apache.catalina.startup.VersionLoggerListener.log Command line argument: --add-opens=java.base/java.io=ALL-UNNAMED
29-Aug-2025 12:41:36.422 INFO [main] org.apache.catalina.startup.VersionLoggerListener.log Command line argument: --add-opens=java.base/java.util=ALL-UNNAMED
29-Aug-2025 12:41:36.422 INFO [main] org.apache.catalina.startup.VersionLoggerListener.log Command line argument: --add-opens=java.base/java.util.concurrent=ALL-UNNAMED
29-Aug-2025 12:41:36.422 INFO [main] org.apache.catalina.startup.VersionLoggerListener.log Command line argument: --add-opens=java.rmi/sun.rmi.transport=ALL-UNNAMED
29-Aug-2025 12:41:36.422 INFO [main] org.apache.catalina.startup.VersionLoggerListener.log Command line argument: -Dcatalina.home=G:\ICBT\1st_Semester\PROGRAMMING\apache-tomcat-9.0.98\apache-tomcat-9.0.98
29-Aug-2025 12:41:36.423 INFO [main] org.apache.catalina.startup.VersionLoggerListener.log Command line argument: -Dcatalina.base=D:\PahanaeduBookshop\PahanaeduBookshop
29-Aug-2025 12:41:36.423 INFO [main] org.apache.catalina.startup.VersionLoggerListener.log Command line argument: -Djava.io.tmpdir=D:\PahanaeduBookshop\PahanaeduBookshop\temp
29-Aug-2025 12:41:36.423 INFO [main] org.apache.catalina.startup.VersionLoggerListener.log Command line argument: -Djava.util.logging.config.file=D:\PahanaeduBookshop\PahanaeduBookshop\conf\logging.properties
29-Aug-2025 12:41:36.423 INFO [main] org.apache.catalina.startup.VersionLoggerListener.log Command line argument: -Djava.util.logging.manager=org.apache.juli.ClassLoaderLogManager
29-Aug-2025 12:41:36.423 INFO [main] org.apache.catalina.startup.VersionLoggerListener.log Command line argument: -javaagent:C:\Program Files\JetBrains\IntelliJ IDEA Community Edition 2024.3.1.1\lib\idea_rt.jar=58784:C:\Program Files\JetBrains\IntelliJ IDEA Community Edition 2024.3.1.1\bin
29-Aug-2025 12:41:36.423 INFO [main] org.apache.catalina.startup.VersionLoggerListener.log Command line argument: -Dfile.encoding=UTF-8
29-Aug-2025 12:41:36.465 INFO [main] org.apache.catalina.core.AprLifecycleListener.lifecycleEvent Loaded Apache Tomcat Native library [1.3.1] using APR version [1.7.4].
29-Aug-2025 12:41:36.466 INFO [main] org.apache.catalina.core.AprLifecycleListener.lifecycleEvent APR capabilities: IPv6 [true], sendfile [true], accept filters [false], random [true], UDS [true].
29-Aug-2025 12:41:36.466 INFO [main] org.apache.catalina.core.AprLifecycleListener.lifecycleEvent APR/OpenSSL configuration: useAprConnector [false], useOpenSSL [true]
29-Aug-2025 12:41:36.491 INFO [main] org.apache.catalina.core.AprLifecycleListener.initializeSSL OpenSSL successfully initialized [OpenSSL 3.0.14 4 Jun 2024]
29-Aug-2025 12:41:37.139 INFO [main] org.apache.coyote.AbstractProtocol.init Initializing ProtocolHandler ["http-nio-8005"]
29-Aug-2025 12:41:37.170 INFO [main] org.apache.catalina.startup.Catalina.load Server initialization in [1150] milliseconds
29-Aug-2025 12:41:37.278 INFO [main] org.apache.catalina.core.StandardService.startInternal Starting service [Catalina]
29-Aug-2025 12:41:37.278 INFO [main] org.apache.catalina.core.StandardEngine.startInternal Starting Servlet engine: [Apache Tomcat/9.0.98]
29-Aug-2025 12:41:37.292 INFO [main] org.apache.catalina.startup.HostConfig.deployDescriptor Deploying deployment descriptor [D:\PahanaeduBookshop\PahanaeduBookshop\conf\Catalina\localhost\PahanaeduBookshop.xml]
29-Aug-2025 12:41:39.181 INFO [main] org.apache.jasper.servlet.TldScanner.scanJars At least one JAR was scanned for TLDs yet contained no TLDs. Enable debug logging for this logger for a complete list of JARs that were scanned but no TLDs were found in them. Skipping unneeded JARs during scanning can improve startup time and JSP compilation time.
29-Aug-2025 12:41:39.360 INFO [main] org.apache.catalina.startup.HostConfig.deployDescriptor Deployment of deployment descriptor [D:\PahanaeduBookshop\PahanaeduBookshop\conf\Catalina\localhost\PahanaeduBookshop.xml] has finished in [2,068] ms
29-Aug-2025 12:41:39.364 INFO [main] org.apache.coyote.AbstractProtocol.start Starting ProtocolHandler ["http-nio-8005"]
29-Aug-2025 12:41:39.425 INFO [main] org.apache.catalina.startup.Catalina.start Server startup in [2255] milliseconds
29-Aug-2025 12:42:20.991 INFO [Thread-1] org.apache.coyote.AbstractProtocol.pause Pausing ProtocolHandler ["http-nio-8005"]
29-Aug-2025 12:42:21.147 INFO [Thread-1] org.apache.catalina.core.StandardService.stopInternal Stopping service [Catalina]
29-Aug-2025 12:42:21.182 INFO [Thread-1] org.apache.coyote.AbstractProtocol.stop Stopping ProtocolHandler ["http-nio-8005"]
29-Aug-2025 12:42:21.195 INFO [Thread-1] org.apache.coyote.AbstractProtocol.destroy Destroying ProtocolHandler ["http-nio-8005"]
29-Aug-2025 12:42:28.068 INFO [main] org.apache.catalina.startup.VersionLoggerListener.log Server version name:   Apache Tomcat/9.0.98
29-Aug-2025 12:42:28.074 INFO [main] org.apache.catalina.startup.VersionLoggerListener.log Server built:          Dec 5 2024 19:50:29 UTC
29-Aug-2025 12:42:28.074 INFO [main] org.apache.catalina.startup.VersionLoggerListener.log Server version number: 9.0.98.0
29-Aug-2025 12:42:28.075 INFO [main] org.apache.catalina.startup.VersionLoggerListener.log OS Name:               Windows 10
29-Aug-2025 12:42:28.075 INFO [main] org.apache.catalina.startup.VersionLoggerListener.log OS Version:            10.0
29-Aug-2025 12:42:28.075 INFO [main] org.apache.catalina.startup.VersionLoggerListener.log Architecture:          amd64
29-Aug-2025 12:42:28.075 INFO [main] org.apache.catalina.startup.VersionLoggerListener.log Java Home:             C:\Program Files\Java\jdk-17.0.2
29-Aug-2025 12:42:28.075 INFO [main] org.apache.catalina.startup.VersionLoggerListener.log JVM Version:           17.0.2+8-LTS-86
29-Aug-2025 12:42:28.076 INFO [main] org.apache.catalina.startup.VersionLoggerListener.log JVM Vendor:            Oracle Corporation
29-Aug-2025 12:42:28.076 INFO [main] org.apache.catalina.startup.VersionLoggerListener.log CATALINA_BASE:         D:\PahanaeduBookshop\PahanaeduBookshop
29-Aug-2025 12:42:28.076 INFO [main] org.apache.catalina.startup.VersionLoggerListener.log CATALINA_HOME:         G:\ICBT\1st_Semester\PROGRAMMING\apache-tomcat-9.0.98\apache-tomcat-9.0.98
29-Aug-2025 12:42:28.089 INFO [main] org.apache.catalina.startup.VersionLoggerListener.log Command line argument: --add-opens=java.base/java.lang=ALL-UNNAMED
29-Aug-2025 12:42:28.089 INFO [main] org.apache.catalina.startup.VersionLoggerListener.log Command line argument: --add-opens=java.base/java.io=ALL-UNNAMED
29-Aug-2025 12:42:28.089 INFO [main] org.apache.catalina.startup.VersionLoggerListener.log Command line argument: --add-opens=java.base/java.util=ALL-UNNAMED
29-Aug-2025 12:42:28.089 INFO [main] org.apache.catalina.startup.VersionLoggerListener.log Command line argument: --add-opens=java.base/java.util.concurrent=ALL-UNNAMED
29-Aug-2025 12:42:28.090 INFO [main] org.apache.catalina.startup.VersionLoggerListener.log Command line argument: --add-opens=java.rmi/sun.rmi.transport=ALL-UNNAMED
29-Aug-2025 12:42:28.090 INFO [main] org.apache.catalina.startup.VersionLoggerListener.log Command line argument: -Dcatalina.home=G:\ICBT\1st_Semester\PROGRAMMING\apache-tomcat-9.0.98\apache-tomcat-9.0.98
29-Aug-2025 12:42:28.090 INFO [main] org.apache.catalina.startup.VersionLoggerListener.log Command line argument: -Dcatalina.base=D:\PahanaeduBookshop\PahanaeduBookshop
29-Aug-2025 12:42:28.090 INFO [main] org.apache.catalina.startup.VersionLoggerListener.log Command line argument: -Djava.io.tmpdir=D:\PahanaeduBookshop\PahanaeduBookshop\temp
29-Aug-2025 12:42:28.090 INFO [main] org.apache.catalina.startup.VersionLoggerListener.log Command line argument: -Djava.util.logging.config.file=D:\PahanaeduBookshop\PahanaeduBookshop\conf\logging.properties
29-Aug-2025 12:42:28.090 INFO [main] org.apache.catalina.startup.VersionLoggerListener.log Command line argument: -Djava.util.logging.manager=org.apache.juli.ClassLoaderLogManager
29-Aug-2025 12:42:28.090 INFO [main] org.apache.catalina.startup.VersionLoggerListener.log Command line argument: -javaagent:C:\Program Files\JetBrains\IntelliJ IDEA Community Edition 2024.3.1.1\lib\idea_rt.jar=58795:C:\Program Files\JetBrains\IntelliJ IDEA Community Edition 2024.3.1.1\bin
29-Aug-2025 12:42:28.091 INFO [main] org.apache.catalina.startup.VersionLoggerListener.log Command line argument: -Dfile.encoding=UTF-8
29-Aug-2025 12:42:28.131 INFO [main] org.apache.catalina.core.AprLifecycleListener.lifecycleEvent Loaded Apache Tomcat Native library [1.3.1] using APR version [1.7.4].
29-Aug-2025 12:42:28.131 INFO [main] org.apache.catalina.core.AprLifecycleListener.lifecycleEvent APR capabilities: IPv6 [true], sendfile [true], accept filters [false], random [true], UDS [true].
29-Aug-2025 12:42:28.132 INFO [main] org.apache.catalina.core.AprLifecycleListener.lifecycleEvent APR/OpenSSL configuration: useAprConnector [false], useOpenSSL [true]
29-Aug-2025 12:42:28.162 INFO [main] org.apache.catalina.core.AprLifecycleListener.initializeSSL OpenSSL successfully initialized [OpenSSL 3.0.14 4 Jun 2024]
29-Aug-2025 12:42:28.766 INFO [main] org.apache.coyote.AbstractProtocol.init Initializing ProtocolHandler ["http-nio-8005"]
29-Aug-2025 12:42:28.825 INFO [main] org.apache.catalina.startup.Catalina.load Server initialization in [1217] milliseconds
29-Aug-2025 12:42:28.907 INFO [main] org.apache.catalina.core.StandardService.startInternal Starting service [Catalina]
29-Aug-2025 12:42:28.907 INFO [main] org.apache.catalina.core.StandardEngine.startInternal Starting Servlet engine: [Apache Tomcat/9.0.98]
29-Aug-2025 12:42:28.937 INFO [main] org.apache.catalina.startup.HostConfig.deployDescriptor Deploying deployment descriptor [D:\PahanaeduBookshop\PahanaeduBookshop\conf\Catalina\localhost\PahanaeduBookshop.xml]
29-Aug-2025 12:42:31.770 INFO [main] org.apache.jasper.servlet.TldScanner.scanJars At least one JAR was scanned for TLDs yet contained no TLDs. Enable debug logging for this logger for a complete list of JARs that were scanned but no TLDs were found in them. Skipping unneeded JARs during scanning can improve startup time and JSP compilation time.
29-Aug-2025 12:42:32.889 WARNING [main] org.apache.catalina.util.SessionIdGeneratorBase.createSecureRandom Creation of SecureRandom instance for session ID generation using [SHA1PRNG] took [121] milliseconds.
29-Aug-2025 12:42:33.183 INFO [main] org.apache.catalina.startup.HostConfig.deployDescriptor Deployment of deployment descriptor [D:\PahanaeduBookshop\PahanaeduBookshop\conf\Catalina\localhost\PahanaeduBookshop.xml] has finished in [4,246] ms
29-Aug-2025 12:42:33.218 INFO [main] org.apache.coyote.AbstractProtocol.start Starting ProtocolHandler ["http-nio-8005"]
29-Aug-2025 12:42:33.560 INFO [main] org.apache.catalina.startup.Catalina.start Server startup in [4734] milliseconds
29-Aug-2025 14:46:40.086 INFO [Thread-1] org.apache.coyote.AbstractProtocol.pause Pausing ProtocolHandler ["http-nio-8005"]
29-Aug-2025 14:46:45.405 INFO [Thread-1] org.apache.catalina.core.StandardService.stopInternal Stopping service [Catalina]
29-Aug-2025 14:47:21.532 WARNING [Thread-1] org.apache.catalina.loader.WebappClassLoaderBase.clearReferencesJdbc The web application [PahanaeduBookshop] registered the JDBC driver [com.mysql.cj.jdbc.Driver] but failed to unregister it when the web application was stopped. To prevent a memory leak, the JDBC Driver has been forcibly unregistered.
29-Aug-2025 14:47:21.827 WARNING [Thread-1] org.apache.catalina.loader.WebappClassLoaderBase.clearReferencesThreads The web application [PahanaeduBookshop] appears to have started a thread named [mysql-cj-abandoned-connection-cleanup] but has failed to stop it. This is very likely to create a memory leak. Stack trace of thread:
 java.base@17.0.2/java.lang.Object.wait(Native Method)
 java.base@17.0.2/java.lang.ref.ReferenceQueue.remove(ReferenceQueue.java:155)
 com.mysql.cj.jdbc.AbandonedConnectionCleanupThread.run(AbandonedConnectionCleanupThread.java:91)
 java.base@17.0.2/java.util.concurrent.ThreadPoolExecutor.runWorker(ThreadPoolExecutor.java:1136)
 java.base@17.0.2/java.util.concurrent.ThreadPoolExecutor$Worker.run(ThreadPoolExecutor.java:635)
 java.base@17.0.2/java.lang.Thread.run(Thread.java:833)
29-Aug-2025 14:47:37.284 INFO [Thread-1] org.apache.coyote.AbstractProtocol.stop Stopping ProtocolHandler ["http-nio-8005"]
29-Aug-2025 14:47:37.762 INFO [mysql-cj-abandoned-connection-cleanup] org.apache.catalina.loader.WebappClassLoaderBase.checkStateForResourceLoading Illegal access: this web application instance has been stopped already. Could not load []. The following stack trace is thrown for debugging purposes as well as to attempt to terminate the thread which caused the illegal access.
	java.lang.IllegalStateException: Illegal access: this web application instance has been stopped already. Could not load []. The following stack trace is thrown for debugging purposes as well as to attempt to terminate the thread which caused the illegal access.
		at org.apache.catalina.loader.WebappClassLoaderBase.checkStateForResourceLoading(WebappClassLoaderBase.java:1369)
		at org.apache.catalina.loader.WebappClassLoaderBase.getResource(WebappClassLoaderBase.java:995)
		at com.mysql.cj.jdbc.AbandonedConnectionCleanupThread.checkThreadContextClassLoader(AbandonedConnectionCleanupThread.java:123)
		at com.mysql.cj.jdbc.AbandonedConnectionCleanupThread.run(AbandonedConnectionCleanupThread.java:90)
		at java.base/java.util.concurrent.ThreadPoolExecutor.runWorker(ThreadPoolExecutor.java:1136)
		at java.base/java.util.concurrent.ThreadPoolExecutor$Worker.run(ThreadPoolExecutor.java:635)
		at java.base/java.lang.Thread.run(Thread.java:833)
29-Aug-2025 14:47:38.239 WARNING [Thread-1] org.apache.tomcat.util.net.Acceptor.stopMillis The acceptor thread [http-nio-8005-Acceptor] did not stop cleanly
29-Aug-2025 14:47:41.203 INFO [Thread-1] org.apache.coyote.AbstractProtocol.destroy Destroying ProtocolHandler ["http-nio-8005"]
29-Aug-2025 14:49:46.979 INFO [main] org.apache.catalina.startup.VersionLoggerListener.log Server version name:   Apache Tomcat/9.0.98
29-Aug-2025 14:49:46.987 INFO [main] org.apache.catalina.startup.VersionLoggerListener.log Server built:          Dec 5 2024 19:50:29 UTC
29-Aug-2025 14:49:46.987 INFO [main] org.apache.catalina.startup.VersionLoggerListener.log Server version number: 9.0.98.0
29-Aug-2025 14:49:46.988 INFO [main] org.apache.catalina.startup.VersionLoggerListener.log OS Name:               Windows 10
29-Aug-2025 14:49:46.988 INFO [main] org.apache.catalina.startup.VersionLoggerListener.log OS Version:            10.0
29-Aug-2025 14:49:46.988 INFO [main] org.apache.catalina.startup.VersionLoggerListener.log Architecture:          amd64
29-Aug-2025 14:49:46.988 INFO [main] org.apache.catalina.startup.VersionLoggerListener.log Java Home:             C:\Program Files\Java\jdk-17.0.2
29-Aug-2025 14:49:46.988 INFO [main] org.apache.catalina.startup.VersionLoggerListener.log JVM Version:           17.0.2+8-LTS-86
29-Aug-2025 14:49:46.988 INFO [main] org.apache.catalina.startup.VersionLoggerListener.log JVM Vendor:            Oracle Corporation
29-Aug-2025 14:49:46.988 INFO [main] org.apache.catalina.startup.VersionLoggerListener.log CATALINA_BASE:         D:\PahanaeduBookshop\PahanaeduBookshop
29-Aug-2025 14:49:46.989 INFO [main] org.apache.catalina.startup.VersionLoggerListener.log CATALINA_HOME:         G:\ICBT\1st_Semester\PROGRAMMING\apache-tomcat-9.0.98\apache-tomcat-9.0.98
29-Aug-2025 14:49:47.005 INFO [main] org.apache.catalina.startup.VersionLoggerListener.log Command line argument: --add-opens=java.base/java.lang=ALL-UNNAMED
29-Aug-2025 14:49:47.006 INFO [main] org.apache.catalina.startup.VersionLoggerListener.log Command line argument: --add-opens=java.base/java.io=ALL-UNNAMED
29-Aug-2025 14:49:47.006 INFO [main] org.apache.catalina.startup.VersionLoggerListener.log Command line argument: --add-opens=java.base/java.util=ALL-UNNAMED
29-Aug-2025 14:49:47.006 INFO [main] org.apache.catalina.startup.VersionLoggerListener.log Command line argument: --add-opens=java.base/java.util.concurrent=ALL-UNNAMED
29-Aug-2025 14:49:47.006 INFO [main] org.apache.catalina.startup.VersionLoggerListener.log Command line argument: --add-opens=java.rmi/sun.rmi.transport=ALL-UNNAMED
29-Aug-2025 14:49:47.006 INFO [main] org.apache.catalina.startup.VersionLoggerListener.log Command line argument: -Dcatalina.home=G:\ICBT\1st_Semester\PROGRAMMING\apache-tomcat-9.0.98\apache-tomcat-9.0.98
29-Aug-2025 14:49:47.006 INFO [main] org.apache.catalina.startup.VersionLoggerListener.log Command line argument: -Dcatalina.base=D:\PahanaeduBookshop\PahanaeduBookshop
29-Aug-2025 14:49:47.006 INFO [main] org.apache.catalina.startup.VersionLoggerListener.log Command line argument: -Djava.io.tmpdir=D:\PahanaeduBookshop\PahanaeduBookshop\temp
29-Aug-2025 14:49:47.007 INFO [main] org.apache.catalina.startup.VersionLoggerListener.log Command line argument: -Djava.util.logging.config.file=D:\PahanaeduBookshop\PahanaeduBookshop\conf\logging.properties
29-Aug-2025 14:49:47.007 INFO [main] org.apache.catalina.startup.VersionLoggerListener.log Command line argument: -Djava.util.logging.manager=org.apache.juli.ClassLoaderLogManager
29-Aug-2025 14:49:47.007 INFO [main] org.apache.catalina.startup.VersionLoggerListener.log Command line argument: -javaagent:C:\Program Files\JetBrains\IntelliJ IDEA Community Edition 2024.3.1.1\lib\idea_rt.jar=54457:C:\Program Files\JetBrains\IntelliJ IDEA Community Edition 2024.3.1.1\bin
29-Aug-2025 14:49:47.007 INFO [main] org.apache.catalina.startup.VersionLoggerListener.log Command line argument: -Dfile.encoding=UTF-8
29-Aug-2025 14:49:47.627 INFO [main] org.apache.catalina.core.AprLifecycleListener.lifecycleEvent Loaded Apache Tomcat Native library [1.3.1] using APR version [1.7.4].
29-Aug-2025 14:49:47.628 INFO [main] org.apache.catalina.core.AprLifecycleListener.lifecycleEvent APR capabilities: IPv6 [true], sendfile [true], accept filters [false], random [true], UDS [true].
29-Aug-2025 14:49:47.628 INFO [main] org.apache.catalina.core.AprLifecycleListener.lifecycleEvent APR/OpenSSL configuration: useAprConnector [false], useOpenSSL [true]
29-Aug-2025 14:49:49.140 INFO [main] org.apache.catalina.core.AprLifecycleListener.initializeSSL OpenSSL successfully initialized [OpenSSL 3.0.14 4 Jun 2024]
29-Aug-2025 14:49:50.455 INFO [main] org.apache.coyote.AbstractProtocol.init Initializing ProtocolHandler ["http-nio-8005"]
29-Aug-2025 14:49:50.582 INFO [main] org.apache.catalina.startup.Catalina.load Server initialization in [9662] milliseconds
29-Aug-2025 14:49:51.120 INFO [main] org.apache.catalina.core.StandardService.startInternal Starting service [Catalina]
29-Aug-2025 14:49:51.120 INFO [main] org.apache.catalina.core.StandardEngine.startInternal Starting Servlet engine: [Apache Tomcat/9.0.98]
29-Aug-2025 14:49:51.217 INFO [main] org.apache.catalina.startup.HostConfig.deployDescriptor Deploying deployment descriptor [D:\PahanaeduBookshop\PahanaeduBookshop\conf\Catalina\localhost\PahanaeduBookshop.xml]
29-Aug-2025 14:49:55.498 INFO [main] org.apache.jasper.servlet.TldScanner.scanJars At least one JAR was scanned for TLDs yet contained no TLDs. Enable debug logging for this logger for a complete list of JARs that were scanned but no TLDs were found in them. Skipping unneeded JARs during scanning can improve startup time and JSP compilation time.
29-Aug-2025 14:49:56.531 INFO [main] org.apache.catalina.startup.HostConfig.deployDescriptor Deployment of deployment descriptor [D:\PahanaeduBookshop\PahanaeduBookshop\conf\Catalina\localhost\PahanaeduBookshop.xml] has finished in [5,312] ms
29-Aug-2025 14:49:56.539 INFO [main] org.apache.coyote.AbstractProtocol.start Starting ProtocolHandler ["http-nio-8005"]
29-Aug-2025 14:49:56.777 INFO [main] org.apache.catalina.startup.Catalina.start Server startup in [6194] milliseconds
29-Aug-2025 14:55:02.996 INFO [Thread-1] org.apache.coyote.AbstractProtocol.pause Pausing ProtocolHandler ["http-nio-8005"]
29-Aug-2025 14:55:03.160 INFO [Thread-1] org.apache.catalina.core.StandardService.stopInternal Stopping service [Catalina]
29-Aug-2025 14:55:03.282 WARNING [Thread-1] org.apache.catalina.loader.WebappClassLoaderBase.clearReferencesJdbc The web application [PahanaeduBookshop] registered the JDBC driver [com.mysql.cj.jdbc.Driver] but failed to unregister it when the web application was stopped. To prevent a memory leak, the JDBC Driver has been forcibly unregistered.
29-Aug-2025 14:55:03.284 WARNING [Thread-1] org.apache.catalina.loader.WebappClassLoaderBase.clearReferencesThreads The web application [PahanaeduBookshop] appears to have started a thread named [mysql-cj-abandoned-connection-cleanup] but has failed to stop it. This is very likely to create a memory leak. Stack trace of thread:
 java.base@17.0.2/java.lang.Object.wait(Native Method)
 java.base@17.0.2/java.lang.ref.ReferenceQueue.remove(ReferenceQueue.java:155)
 com.mysql.cj.jdbc.AbandonedConnectionCleanupThread.run(AbandonedConnectionCleanupThread.java:91)
 java.base@17.0.2/java.util.concurrent.ThreadPoolExecutor.runWorker(ThreadPoolExecutor.java:1136)
 java.base@17.0.2/java.util.concurrent.ThreadPoolExecutor$Worker.run(ThreadPoolExecutor.java:635)
 java.base@17.0.2/java.lang.Thread.run(Thread.java:833)
29-Aug-2025 14:55:03.309 INFO [Thread-1] org.apache.coyote.AbstractProtocol.stop Stopping ProtocolHandler ["http-nio-8005"]
29-Aug-2025 14:55:03.329 INFO [Thread-1] org.apache.coyote.AbstractProtocol.destroy Destroying ProtocolHandler ["http-nio-8005"]
29-Aug-2025 14:55:03.375 INFO [mysql-cj-abandoned-connection-cleanup] org.apache.catalina.loader.WebappClassLoaderBase.checkStateForResourceLoading Illegal access: this web application instance has been stopped already. Could not load []. The following stack trace is thrown for debugging purposes as well as to attempt to terminate the thread which caused the illegal access.
	java.lang.IllegalStateException: Illegal access: this web application instance has been stopped already. Could not load []. The following stack trace is thrown for debugging purposes as well as to attempt to terminate the thread which caused the illegal access.
		at org.apache.catalina.loader.WebappClassLoaderBase.checkStateForResourceLoading(WebappClassLoaderBase.java:1369)
		at org.apache.catalina.loader.WebappClassLoaderBase.getResource(WebappClassLoaderBase.java:995)
		at com.mysql.cj.jdbc.AbandonedConnectionCleanupThread.checkThreadContextClassLoader(AbandonedConnectionCleanupThread.java:123)
		at com.mysql.cj.jdbc.AbandonedConnectionCleanupThread.run(AbandonedConnectionCleanupThread.java:90)
		at java.base/java.util.concurrent.ThreadPoolExecutor.runWorker(ThreadPoolExecutor.java:1136)
		at java.base/java.util.concurrent.ThreadPoolExecutor$Worker.run(ThreadPoolExecutor.java:635)
		at java.base/java.lang.Thread.run(Thread.java:833)
29-Aug-2025 14:55:03.379 INFO [mysql-cj-abandoned-connection-cleanup] org.apache.catalina.loader.WebappClassLoaderBase.checkStateForResourceLoading Illegal access: this web application instance has been stopped already. Could not load []. The following stack trace is thrown for debugging purposes as well as to attempt to terminate the thread which caused the illegal access.
	java.lang.IllegalStateException: Illegal access: this web application instance has been stopped already. Could not load []. The following stack trace is thrown for debugging purposes as well as to attempt to terminate the thread which caused the illegal access.
		at org.apache.catalina.loader.WebappClassLoaderBase.checkStateForResourceLoading(WebappClassLoaderBase.java:1369)
		at org.apache.catalina.loader.WebappClassLoaderBase.getResource(WebappClassLoaderBase.java:995)
		at com.mysql.cj.jdbc.AbandonedConnectionCleanupThread.checkThreadContextClassLoader(AbandonedConnectionCleanupThread.java:123)
		at com.mysql.cj.jdbc.AbandonedConnectionCleanupThread.run(AbandonedConnectionCleanupThread.java:90)
		at java.base/java.util.concurrent.ThreadPoolExecutor.runWorker(ThreadPoolExecutor.java:1136)
		at java.base/java.util.concurrent.ThreadPoolExecutor$Worker.run(ThreadPoolExecutor.java:635)
		at java.base/java.lang.Thread.run(Thread.java:833)
29-Aug-2025 14:55:03.379 INFO [mysql-cj-abandoned-connection-cleanup] org.apache.catalina.loader.WebappClassLoaderBase.checkStateForResourceLoading Illegal access: this web application instance has been stopped already. Could not load []. The following stack trace is thrown for debugging purposes as well as to attempt to terminate the thread which caused the illegal access.
	java.lang.IllegalStateException: Illegal access: this web application instance has been stopped already. Could not load []. The following stack trace is thrown for debugging purposes as well as to attempt to terminate the thread which caused the illegal access.
		at org.apache.catalina.loader.WebappClassLoaderBase.checkStateForResourceLoading(WebappClassLoaderBase.java:1369)
		at org.apache.catalina.loader.WebappClassLoaderBase.getResource(WebappClassLoaderBase.java:995)
		at com.mysql.cj.jdbc.AbandonedConnectionCleanupThread.checkThreadContextClassLoader(AbandonedConnectionCleanupThread.java:123)
		at com.mysql.cj.jdbc.AbandonedConnectionCleanupThread.run(AbandonedConnectionCleanupThread.java:90)
		at java.base/java.util.concurrent.ThreadPoolExecutor.runWorker(ThreadPoolExecutor.java:1136)
		at java.base/java.util.concurrent.ThreadPoolExecutor$Worker.run(ThreadPoolExecutor.java:635)
		at java.base/java.lang.Thread.run(Thread.java:833)
29-Aug-2025 14:55:29.980 INFO [main] org.apache.catalina.startup.VersionLoggerListener.log Server version name:   Apache Tomcat/9.0.98
29-Aug-2025 14:55:29.987 INFO [main] org.apache.catalina.startup.VersionLoggerListener.log Server built:          Dec 5 2024 19:50:29 UTC
29-Aug-2025 14:55:29.987 INFO [main] org.apache.catalina.startup.VersionLoggerListener.log Server version number: 9.0.98.0
29-Aug-2025 14:55:29.988 INFO [main] org.apache.catalina.startup.VersionLoggerListener.log OS Name:               Windows 10
29-Aug-2025 14:55:29.988 INFO [main] org.apache.catalina.startup.VersionLoggerListener.log OS Version:            10.0
29-Aug-2025 14:55:29.988 INFO [main] org.apache.catalina.startup.VersionLoggerListener.log Architecture:          amd64
29-Aug-2025 14:55:29.988 INFO [main] org.apache.catalina.startup.VersionLoggerListener.log Java Home:             C:\Program Files\Java\jdk-17.0.2
29-Aug-2025 14:55:29.988 INFO [main] org.apache.catalina.startup.VersionLoggerListener.log JVM Version:           17.0.2+8-LTS-86
29-Aug-2025 14:55:29.988 INFO [main] org.apache.catalina.startup.VersionLoggerListener.log JVM Vendor:            Oracle Corporation
29-Aug-2025 14:55:29.989 INFO [main] org.apache.catalina.startup.VersionLoggerListener.log CATALINA_BASE:         D:\PahanaeduBookshop\PahanaeduBookshop
29-Aug-2025 14:55:29.989 INFO [main] org.apache.catalina.startup.VersionLoggerListener.log CATALINA_HOME:         G:\ICBT\1st_Semester\PROGRAMMING\apache-tomcat-9.0.98\apache-tomcat-9.0.98
29-Aug-2025 14:55:30.003 INFO [main] org.apache.catalina.startup.VersionLoggerListener.log Command line argument: --add-opens=java.base/java.lang=ALL-UNNAMED
29-Aug-2025 14:55:30.004 INFO [main] org.apache.catalina.startup.VersionLoggerListener.log Command line argument: --add-opens=java.base/java.io=ALL-UNNAMED
29-Aug-2025 14:55:30.004 INFO [main] org.apache.catalina.startup.VersionLoggerListener.log Command line argument: --add-opens=java.base/java.util=ALL-UNNAMED
29-Aug-2025 14:55:30.004 INFO [main] org.apache.catalina.startup.VersionLoggerListener.log Command line argument: --add-opens=java.base/java.util.concurrent=ALL-UNNAMED
29-Aug-2025 14:55:30.004 INFO [main] org.apache.catalina.startup.VersionLoggerListener.log Command line argument: --add-opens=java.rmi/sun.rmi.transport=ALL-UNNAMED
29-Aug-2025 14:55:30.004 INFO [main] org.apache.catalina.startup.VersionLoggerListener.log Command line argument: -Dcatalina.home=G:\ICBT\1st_Semester\PROGRAMMING\apache-tomcat-9.0.98\apache-tomcat-9.0.98
29-Aug-2025 14:55:30.005 INFO [main] org.apache.catalina.startup.VersionLoggerListener.log Command line argument: -Dcatalina.base=D:\PahanaeduBookshop\PahanaeduBookshop
29-Aug-2025 14:55:30.005 INFO [main] org.apache.catalina.startup.VersionLoggerListener.log Command line argument: -Djava.io.tmpdir=D:\PahanaeduBookshop\PahanaeduBookshop\temp
29-Aug-2025 14:55:30.005 INFO [main] org.apache.catalina.startup.VersionLoggerListener.log Command line argument: -Djava.util.logging.config.file=D:\PahanaeduBookshop\PahanaeduBookshop\conf\logging.properties
29-Aug-2025 14:55:30.005 INFO [main] org.apache.catalina.startup.VersionLoggerListener.log Command line argument: -Djava.util.logging.manager=org.apache.juli.ClassLoaderLogManager
29-Aug-2025 14:55:30.005 INFO [main] org.apache.catalina.startup.VersionLoggerListener.log Command line argument: -javaagent:C:\Program Files\JetBrains\IntelliJ IDEA Community Edition 2024.3.1.1\lib\idea_rt.jar=54520:C:\Program Files\JetBrains\IntelliJ IDEA Community Edition 2024.3.1.1\bin
29-Aug-2025 14:55:30.006 INFO [main] org.apache.catalina.startup.VersionLoggerListener.log Command line argument: -Dfile.encoding=UTF-8
29-Aug-2025 14:55:30.086 INFO [main] org.apache.catalina.core.AprLifecycleListener.lifecycleEvent Loaded Apache Tomcat Native library [1.3.1] using APR version [1.7.4].
29-Aug-2025 14:55:30.087 INFO [main] org.apache.catalina.core.AprLifecycleListener.lifecycleEvent APR capabilities: IPv6 [true], sendfile [true], accept filters [false], random [true], UDS [true].
29-Aug-2025 14:55:30.087 INFO [main] org.apache.catalina.core.AprLifecycleListener.lifecycleEvent APR/OpenSSL configuration: useAprConnector [false], useOpenSSL [true]
29-Aug-2025 14:55:30.143 INFO [main] org.apache.catalina.core.AprLifecycleListener.initializeSSL OpenSSL successfully initialized [OpenSSL 3.0.14 4 Jun 2024]
29-Aug-2025 14:55:30.699 INFO [main] org.apache.coyote.AbstractProtocol.init Initializing ProtocolHandler ["http-nio-8005"]
29-Aug-2025 14:55:30.731 INFO [main] org.apache.catalina.startup.Catalina.load Server initialization in [1199] milliseconds
29-Aug-2025 14:55:30.804 INFO [main] org.apache.catalina.core.StandardService.startInternal Starting service [Catalina]
29-Aug-2025 14:55:30.805 INFO [main] org.apache.catalina.core.StandardEngine.startInternal Starting Servlet engine: [Apache Tomcat/9.0.98]
29-Aug-2025 14:55:30.814 INFO [main] org.apache.catalina.startup.HostConfig.deployDescriptor Deploying deployment descriptor [D:\PahanaeduBookshop\PahanaeduBookshop\conf\Catalina\localhost\PahanaeduBookshop.xml]
29-Aug-2025 14:55:33.116 INFO [main] org.apache.jasper.servlet.TldScanner.scanJars At least one JAR was scanned for TLDs yet contained no TLDs. Enable debug logging for this logger for a complete list of JARs that were scanned but no TLDs were found in them. Skipping unneeded JARs during scanning can improve startup time and JSP compilation time.
29-Aug-2025 14:55:33.456 INFO [main] org.apache.catalina.startup.HostConfig.deployDescriptor Deployment of deployment descriptor [D:\PahanaeduBookshop\PahanaeduBookshop\conf\Catalina\localhost\PahanaeduBookshop.xml] has finished in [2,641] ms
29-Aug-2025 14:55:33.461 INFO [main] org.apache.coyote.AbstractProtocol.start Starting ProtocolHandler ["http-nio-8005"]
29-Aug-2025 14:55:33.570 INFO [main] org.apache.catalina.startup.Catalina.start Server startup in [2839] milliseconds
29-Aug-2025 15:28:35.412 INFO [Thread-1] org.apache.coyote.AbstractProtocol.pause Pausing ProtocolHandler ["http-nio-8005"]
29-Aug-2025 15:28:38.679 INFO [Thread-1] org.apache.catalina.core.StandardService.stopInternal Stopping service [Catalina]
29-Aug-2025 15:28:45.390 WARNING [Thread-1] org.apache.catalina.loader.WebappClassLoaderBase.clearReferencesJdbc The web application [PahanaeduBookshop] registered the JDBC driver [com.mysql.cj.jdbc.Driver] but failed to unregister it when the web application was stopped. To prevent a memory leak, the JDBC Driver has been forcibly unregistered.
29-Aug-2025 15:28:45.492 WARNING [Thread-1] org.apache.catalina.loader.WebappClassLoaderBase.clearReferencesThreads The web application [PahanaeduBookshop] appears to have started a thread named [mysql-cj-abandoned-connection-cleanup] but has failed to stop it. This is very likely to create a memory leak. Stack trace of thread:
 java.base@17.0.2/java.lang.Object.wait(Native Method)
 java.base@17.0.2/java.lang.ref.ReferenceQueue.remove(ReferenceQueue.java:155)
 com.mysql.cj.jdbc.AbandonedConnectionCleanupThread.run(AbandonedConnectionCleanupThread.java:91)
 java.base@17.0.2/java.util.concurrent.ThreadPoolExecutor.runWorker(ThreadPoolExecutor.java:1136)
 java.base@17.0.2/java.util.concurrent.ThreadPoolExecutor$Worker.run(ThreadPoolExecutor.java:635)
 java.base@17.0.2/java.lang.Thread.run(Thread.java:833)
29-Aug-2025 15:28:48.500 INFO [Thread-1] org.apache.coyote.AbstractProtocol.stop Stopping ProtocolHandler ["http-nio-8005"]
29-Aug-2025 15:28:49.146 WARNING [Thread-1] org.apache.tomcat.util.net.Acceptor.stopMillis The acceptor thread [http-nio-8005-Acceptor] did not stop cleanly
29-Aug-2025 15:28:49.875 INFO [Thread-1] org.apache.coyote.AbstractProtocol.destroy Destroying ProtocolHandler ["http-nio-8005"]
29-Aug-2025 15:28:58.399 INFO [mysql-cj-abandoned-connection-cleanup] org.apache.catalina.loader.WebappClassLoaderBase.checkStateForResourceLoading Illegal access: this web application instance has been stopped already. Could not load []. The following stack trace is thrown for debugging purposes as well as to attempt to terminate the thread which caused the illegal access.
	java.lang.IllegalStateException: Illegal access: this web application instance has been stopped already. Could not load []. The following stack trace is thrown for debugging purposes as well as to attempt to terminate the thread which caused the illegal access.
		at org.apache.catalina.loader.WebappClassLoaderBase.checkStateForResourceLoading(WebappClassLoaderBase.java:1369)
		at org.apache.catalina.loader.WebappClassLoaderBase.getResource(WebappClassLoaderBase.java:995)
		at com.mysql.cj.jdbc.AbandonedConnectionCleanupThread.checkThreadContextClassLoader(AbandonedConnectionCleanupThread.java:123)
		at com.mysql.cj.jdbc.AbandonedConnectionCleanupThread.run(AbandonedConnectionCleanupThread.java:90)
		at java.base/java.util.concurrent.ThreadPoolExecutor.runWorker(ThreadPoolExecutor.java:1136)
		at java.base/java.util.concurrent.ThreadPoolExecutor$Worker.run(ThreadPoolExecutor.java:635)
		at java.base/java.lang.Thread.run(Thread.java:833)
29-Aug-2025 15:28:58.399 INFO [mysql-cj-abandoned-connection-cleanup] org.apache.catalina.loader.WebappClassLoaderBase.checkStateForResourceLoading Illegal access: this web application instance has been stopped already. Could not load []. The following stack trace is thrown for debugging purposes as well as to attempt to terminate the thread which caused the illegal access.
	java.lang.IllegalStateException: Illegal access: this web application instance has been stopped already. Could not load []. The following stack trace is thrown for debugging purposes as well as to attempt to terminate the thread which caused the illegal access.
		at org.apache.catalina.loader.WebappClassLoaderBase.checkStateForResourceLoading(WebappClassLoaderBase.java:1369)
		at org.apache.catalina.loader.WebappClassLoaderBase.getResource(WebappClassLoaderBase.java:995)
		at com.mysql.cj.jdbc.AbandonedConnectionCleanupThread.checkThreadContextClassLoader(AbandonedConnectionCleanupThread.java:123)
		at com.mysql.cj.jdbc.AbandonedConnectionCleanupThread.run(AbandonedConnectionCleanupThread.java:90)
		at java.base/java.util.concurrent.ThreadPoolExecutor.runWorker(ThreadPoolExecutor.java:1136)
		at java.base/java.util.concurrent.ThreadPoolExecutor$Worker.run(ThreadPoolExecutor.java:635)
		at java.base/java.lang.Thread.run(Thread.java:833)
29-Aug-2025 15:31:27.700 INFO [main] org.apache.catalina.startup.VersionLoggerListener.log Server version name:   Apache Tomcat/9.0.98
29-Aug-2025 15:31:27.714 INFO [main] org.apache.catalina.startup.VersionLoggerListener.log Server built:          Dec 5 2024 19:50:29 UTC
29-Aug-2025 15:31:27.714 INFO [main] org.apache.catalina.startup.VersionLoggerListener.log Server version number: 9.0.98.0
29-Aug-2025 15:31:27.715 INFO [main] org.apache.catalina.startup.VersionLoggerListener.log OS Name:               Windows 10
29-Aug-2025 15:31:27.716 INFO [main] org.apache.catalina.startup.VersionLoggerListener.log OS Version:            10.0
29-Aug-2025 15:31:27.716 INFO [main] org.apache.catalina.startup.VersionLoggerListener.log Architecture:          amd64
29-Aug-2025 15:31:27.716 INFO [main] org.apache.catalina.startup.VersionLoggerListener.log Java Home:             C:\Program Files\Java\jdk-17.0.2
29-Aug-2025 15:31:27.717 INFO [main] org.apache.catalina.startup.VersionLoggerListener.log JVM Version:           17.0.2+8-LTS-86
29-Aug-2025 15:31:27.717 INFO [main] org.apache.catalina.startup.VersionLoggerListener.log JVM Vendor:            Oracle Corporation
29-Aug-2025 15:31:27.717 INFO [main] org.apache.catalina.startup.VersionLoggerListener.log CATALINA_BASE:         D:\PahanaeduBookshop\PahanaeduBookshop
29-Aug-2025 15:31:27.718 INFO [main] org.apache.catalina.startup.VersionLoggerListener.log CATALINA_HOME:         G:\ICBT\1st_Semester\PROGRAMMING\apache-tomcat-9.0.98\apache-tomcat-9.0.98
29-Aug-2025 15:31:27.745 INFO [main] org.apache.catalina.startup.VersionLoggerListener.log Command line argument: --add-opens=java.base/java.lang=ALL-UNNAMED
29-Aug-2025 15:31:27.745 INFO [main] org.apache.catalina.startup.VersionLoggerListener.log Command line argument: --add-opens=java.base/java.io=ALL-UNNAMED
29-Aug-2025 15:31:27.746 INFO [main] org.apache.catalina.startup.VersionLoggerListener.log Command line argument: --add-opens=java.base/java.util=ALL-UNNAMED
29-Aug-2025 15:31:27.746 INFO [main] org.apache.catalina.startup.VersionLoggerListener.log Command line argument: --add-opens=java.base/java.util.concurrent=ALL-UNNAMED
29-Aug-2025 15:31:27.746 INFO [main] org.apache.catalina.startup.VersionLoggerListener.log Command line argument: --add-opens=java.rmi/sun.rmi.transport=ALL-UNNAMED
29-Aug-2025 15:31:27.746 INFO [main] org.apache.catalina.startup.VersionLoggerListener.log Command line argument: -Dcatalina.home=G:\ICBT\1st_Semester\PROGRAMMING\apache-tomcat-9.0.98\apache-tomcat-9.0.98
29-Aug-2025 15:31:27.746 INFO [main] org.apache.catalina.startup.VersionLoggerListener.log Command line argument: -Dcatalina.base=D:\PahanaeduBookshop\PahanaeduBookshop
29-Aug-2025 15:31:27.746 INFO [main] org.apache.catalina.startup.VersionLoggerListener.log Command line argument: -Djava.io.tmpdir=D:\PahanaeduBookshop\PahanaeduBookshop\temp
29-Aug-2025 15:31:27.747 INFO [main] org.apache.catalina.startup.VersionLoggerListener.log Command line argument: -Djava.util.logging.config.file=D:\PahanaeduBookshop\PahanaeduBookshop\conf\logging.properties
29-Aug-2025 15:31:27.747 INFO [main] org.apache.catalina.startup.VersionLoggerListener.log Command line argument: -Djava.util.logging.manager=org.apache.juli.ClassLoaderLogManager
29-Aug-2025 15:31:27.747 INFO [main] org.apache.catalina.startup.VersionLoggerListener.log Command line argument: -javaagent:C:\Program Files\JetBrains\IntelliJ IDEA Community Edition 2024.3.1.1\lib\idea_rt.jar=61777:C:\Program Files\JetBrains\IntelliJ IDEA Community Edition 2024.3.1.1\bin
29-Aug-2025 15:31:27.747 INFO [main] org.apache.catalina.startup.VersionLoggerListener.log Command line argument: -Dfile.encoding=UTF-8
29-Aug-2025 15:31:29.228 INFO [main] org.apache.catalina.core.AprLifecycleListener.lifecycleEvent Loaded Apache Tomcat Native library [1.3.1] using APR version [1.7.4].
29-Aug-2025 15:31:29.229 INFO [main] org.apache.catalina.core.AprLifecycleListener.lifecycleEvent APR capabilities: IPv6 [true], sendfile [true], accept filters [false], random [true], UDS [true].
29-Aug-2025 15:31:29.230 INFO [main] org.apache.catalina.core.AprLifecycleListener.lifecycleEvent APR/OpenSSL configuration: useAprConnector [false], useOpenSSL [true]
29-Aug-2025 15:31:33.869 INFO [main] org.apache.catalina.core.AprLifecycleListener.initializeSSL OpenSSL successfully initialized [OpenSSL 3.0.14 4 Jun 2024]
29-Aug-2025 15:31:36.152 INFO [main] org.apache.coyote.AbstractProtocol.init Initializing ProtocolHandler ["http-nio-8005"]
29-Aug-2025 15:31:36.429 INFO [main] org.apache.catalina.startup.Catalina.load Server initialization in [15676] milliseconds
29-Aug-2025 15:31:37.206 INFO [main] org.apache.catalina.core.StandardService.startInternal Starting service [Catalina]
29-Aug-2025 15:31:37.208 INFO [main] org.apache.catalina.core.StandardEngine.startInternal Starting Servlet engine: [Apache Tomcat/9.0.98]
29-Aug-2025 15:31:37.356 INFO [main] org.apache.catalina.startup.HostConfig.deployDescriptor Deploying deployment descriptor [D:\PahanaeduBookshop\PahanaeduBookshop\conf\Catalina\localhost\PahanaeduBookshop.xml]
29-Aug-2025 15:31:43.026 INFO [main] org.apache.jasper.servlet.TldScanner.scanJars At least one JAR was scanned for TLDs yet contained no TLDs. Enable debug logging for this logger for a complete list of JARs that were scanned but no TLDs were found in them. Skipping unneeded JARs during scanning can improve startup time and JSP compilation time.
29-Aug-2025 15:31:43.843 WARNING [main] org.apache.catalina.util.SessionIdGeneratorBase.createSecureRandom Creation of SecureRandom instance for session ID generation using [SHA1PRNG] took [178] milliseconds.
29-Aug-2025 15:31:44.179 INFO [main] org.apache.catalina.startup.HostConfig.deployDescriptor Deployment of deployment descriptor [D:\PahanaeduBookshop\PahanaeduBookshop\conf\Catalina\localhost\PahanaeduBookshop.xml] has finished in [6,822] ms
29-Aug-2025 15:31:44.188 INFO [main] org.apache.coyote.AbstractProtocol.start Starting ProtocolHandler ["http-nio-8005"]
29-Aug-2025 15:31:44.488 INFO [main] org.apache.catalina.startup.Catalina.start Server startup in [8058] milliseconds
29-Aug-2025 15:49:15.469 INFO [Thread-1] org.apache.coyote.AbstractProtocol.pause Pausing ProtocolHandler ["http-nio-8005"]
29-Aug-2025 15:49:16.794 INFO [Thread-1] org.apache.catalina.core.StandardService.stopInternal Stopping service [Catalina]
29-Aug-2025 15:49:22.619 WARNING [Thread-1] org.apache.catalina.loader.WebappClassLoaderBase.clearReferencesJdbc The web application [PahanaeduBookshop] registered the JDBC driver [com.mysql.cj.jdbc.Driver] but failed to unregister it when the web application was stopped. To prevent a memory leak, the JDBC Driver has been forcibly unregistered.
29-Aug-2025 15:49:22.774 WARNING [Thread-1] org.apache.catalina.loader.WebappClassLoaderBase.clearReferencesThreads The web application [PahanaeduBookshop] appears to have started a thread named [mysql-cj-abandoned-connection-cleanup] but has failed to stop it. This is very likely to create a memory leak. Stack trace of thread:
 java.base@17.0.2/java.lang.Object.wait(Native Method)
 java.base@17.0.2/java.lang.ref.ReferenceQueue.remove(ReferenceQueue.java:155)
 com.mysql.cj.jdbc.AbandonedConnectionCleanupThread.run(AbandonedConnectionCleanupThread.java:91)
 java.base@17.0.2/java.util.concurrent.ThreadPoolExecutor.runWorker(ThreadPoolExecutor.java:1136)
 java.base@17.0.2/java.util.concurrent.ThreadPoolExecutor$Worker.run(ThreadPoolExecutor.java:635)
 java.base@17.0.2/java.lang.Thread.run(Thread.java:833)
29-Aug-2025 15:49:25.464 INFO [Thread-1] org.apache.coyote.AbstractProtocol.stop Stopping ProtocolHandler ["http-nio-8005"]
29-Aug-2025 15:49:26.810 INFO [Thread-1] org.apache.coyote.AbstractProtocol.destroy Destroying ProtocolHandler ["http-nio-8005"]
29-Aug-2025 15:49:33.583 INFO [mysql-cj-abandoned-connection-cleanup] org.apache.catalina.loader.WebappClassLoaderBase.checkStateForResourceLoading Illegal access: this web application instance has been stopped already. Could not load []. The following stack trace is thrown for debugging purposes as well as to attempt to terminate the thread which caused the illegal access.
	java.lang.IllegalStateException: Illegal access: this web application instance has been stopped already. Could not load []. The following stack trace is thrown for debugging purposes as well as to attempt to terminate the thread which caused the illegal access.
		at org.apache.catalina.loader.WebappClassLoaderBase.checkStateForResourceLoading(WebappClassLoaderBase.java:1369)
		at org.apache.catalina.loader.WebappClassLoaderBase.getResource(WebappClassLoaderBase.java:995)
		at com.mysql.cj.jdbc.AbandonedConnectionCleanupThread.checkThreadContextClassLoader(AbandonedConnectionCleanupThread.java:123)
		at com.mysql.cj.jdbc.AbandonedConnectionCleanupThread.run(AbandonedConnectionCleanupThread.java:90)
		at java.base/java.util.concurrent.ThreadPoolExecutor.runWorker(ThreadPoolExecutor.java:1136)
		at java.base/java.util.concurrent.ThreadPoolExecutor$Worker.run(ThreadPoolExecutor.java:635)
		at java.base/java.lang.Thread.run(Thread.java:833)
29-Aug-2025 15:49:33.583 INFO [mysql-cj-abandoned-connection-cleanup] org.apache.catalina.loader.WebappClassLoaderBase.checkStateForResourceLoading Illegal access: this web application instance has been stopped already. Could not load []. The following stack trace is thrown for debugging purposes as well as to attempt to terminate the thread which caused the illegal access.
	java.lang.IllegalStateException: Illegal access: this web application instance has been stopped already. Could not load []. The following stack trace is thrown for debugging purposes as well as to attempt to terminate the thread which caused the illegal access.
		at org.apache.catalina.loader.WebappClassLoaderBase.checkStateForResourceLoading(WebappClassLoaderBase.java:1369)
		at org.apache.catalina.loader.WebappClassLoaderBase.getResource(WebappClassLoaderBase.java:995)
		at com.mysql.cj.jdbc.AbandonedConnectionCleanupThread.checkThreadContextClassLoader(AbandonedConnectionCleanupThread.java:123)
		at com.mysql.cj.jdbc.AbandonedConnectionCleanupThread.run(AbandonedConnectionCleanupThread.java:90)
		at java.base/java.util.concurrent.ThreadPoolExecutor.runWorker(ThreadPoolExecutor.java:1136)
		at java.base/java.util.concurrent.ThreadPoolExecutor$Worker.run(ThreadPoolExecutor.java:635)
		at java.base/java.lang.Thread.run(Thread.java:833)
29-Aug-2025 15:51:19.812 INFO [main] org.apache.catalina.startup.VersionLoggerListener.log Server version name:   Apache Tomcat/9.0.98
29-Aug-2025 15:51:19.822 INFO [main] org.apache.catalina.startup.VersionLoggerListener.log Server built:          Dec 5 2024 19:50:29 UTC
29-Aug-2025 15:51:19.823 INFO [main] org.apache.catalina.startup.VersionLoggerListener.log Server version number: 9.0.98.0
29-Aug-2025 15:51:19.823 INFO [main] org.apache.catalina.startup.VersionLoggerListener.log OS Name:               Windows 10
29-Aug-2025 15:51:19.823 INFO [main] org.apache.catalina.startup.VersionLoggerListener.log OS Version:            10.0
29-Aug-2025 15:51:19.824 INFO [main] org.apache.catalina.startup.VersionLoggerListener.log Architecture:          amd64
29-Aug-2025 15:51:19.824 INFO [main] org.apache.catalina.startup.VersionLoggerListener.log Java Home:             C:\Program Files\Java\jdk-17.0.2
29-Aug-2025 15:51:19.824 INFO [main] org.apache.catalina.startup.VersionLoggerListener.log JVM Version:           17.0.2+8-LTS-86
29-Aug-2025 15:51:19.825 INFO [main] org.apache.catalina.startup.VersionLoggerListener.log JVM Vendor:            Oracle Corporation
29-Aug-2025 15:51:19.826 INFO [main] org.apache.catalina.startup.VersionLoggerListener.log CATALINA_BASE:         D:\PahanaeduBookshop\PahanaeduBookshop
29-Aug-2025 15:51:19.826 INFO [main] org.apache.catalina.startup.VersionLoggerListener.log CATALINA_HOME:         G:\ICBT\1st_Semester\PROGRAMMING\apache-tomcat-9.0.98\apache-tomcat-9.0.98
29-Aug-2025 15:51:19.854 INFO [main] org.apache.catalina.startup.VersionLoggerListener.log Command line argument: --add-opens=java.base/java.lang=ALL-UNNAMED
29-Aug-2025 15:51:19.854 INFO [main] org.apache.catalina.startup.VersionLoggerListener.log Command line argument: --add-opens=java.base/java.io=ALL-UNNAMED
29-Aug-2025 15:51:19.855 INFO [main] org.apache.catalina.startup.VersionLoggerListener.log Command line argument: --add-opens=java.base/java.util=ALL-UNNAMED
29-Aug-2025 15:51:19.855 INFO [main] org.apache.catalina.startup.VersionLoggerListener.log Command line argument: --add-opens=java.base/java.util.concurrent=ALL-UNNAMED
29-Aug-2025 15:51:19.855 INFO [main] org.apache.catalina.startup.VersionLoggerListener.log Command line argument: --add-opens=java.rmi/sun.rmi.transport=ALL-UNNAMED
29-Aug-2025 15:51:19.855 INFO [main] org.apache.catalina.startup.VersionLoggerListener.log Command line argument: -Dcatalina.home=G:\ICBT\1st_Semester\PROGRAMMING\apache-tomcat-9.0.98\apache-tomcat-9.0.98
29-Aug-2025 15:51:19.855 INFO [main] org.apache.catalina.startup.VersionLoggerListener.log Command line argument: -Dcatalina.base=D:\PahanaeduBookshop\PahanaeduBookshop
29-Aug-2025 15:51:19.855 INFO [main] org.apache.catalina.startup.VersionLoggerListener.log Command line argument: -Djava.io.tmpdir=D:\PahanaeduBookshop\PahanaeduBookshop\temp
29-Aug-2025 15:51:19.856 INFO [main] org.apache.catalina.startup.VersionLoggerListener.log Command line argument: -Djava.util.logging.config.file=D:\PahanaeduBookshop\PahanaeduBookshop\conf\logging.properties
29-Aug-2025 15:51:19.856 INFO [main] org.apache.catalina.startup.VersionLoggerListener.log Command line argument: -Djava.util.logging.manager=org.apache.juli.ClassLoaderLogManager
29-Aug-2025 15:51:19.856 INFO [main] org.apache.catalina.startup.VersionLoggerListener.log Command line argument: -javaagent:C:\Program Files\JetBrains\IntelliJ IDEA Community Edition 2024.3.1.1\lib\idea_rt.jar=61936:C:\Program Files\JetBrains\IntelliJ IDEA Community Edition 2024.3.1.1\bin
29-Aug-2025 15:51:19.856 INFO [main] org.apache.catalina.startup.VersionLoggerListener.log Command line argument: -Dfile.encoding=UTF-8
29-Aug-2025 15:51:20.729 INFO [main] org.apache.catalina.core.AprLifecycleListener.lifecycleEvent Loaded Apache Tomcat Native library [1.3.1] using APR version [1.7.4].
29-Aug-2025 15:51:20.730 INFO [main] org.apache.catalina.core.AprLifecycleListener.lifecycleEvent APR capabilities: IPv6 [true], sendfile [true], accept filters [false], random [true], UDS [true].
29-Aug-2025 15:51:20.730 INFO [main] org.apache.catalina.core.AprLifecycleListener.lifecycleEvent APR/OpenSSL configuration: useAprConnector [false], useOpenSSL [true]
29-Aug-2025 15:51:23.898 INFO [main] org.apache.catalina.core.AprLifecycleListener.initializeSSL OpenSSL successfully initialized [OpenSSL 3.0.14 4 Jun 2024]
29-Aug-2025 15:51:25.945 INFO [main] org.apache.coyote.AbstractProtocol.init Initializing ProtocolHandler ["http-nio-8005"]
29-Aug-2025 15:51:26.222 INFO [main] org.apache.catalina.startup.Catalina.load Server initialization in [10994] milliseconds
29-Aug-2025 15:51:26.661 INFO [main] org.apache.catalina.core.StandardService.startInternal Starting service [Catalina]
29-Aug-2025 15:51:26.662 INFO [main] org.apache.catalina.core.StandardEngine.startInternal Starting Servlet engine: [Apache Tomcat/9.0.98]
29-Aug-2025 15:51:26.742 INFO [main] org.apache.catalina.startup.HostConfig.deployDescriptor Deploying deployment descriptor [D:\PahanaeduBookshop\PahanaeduBookshop\conf\Catalina\localhost\PahanaeduBookshop.xml]
29-Aug-2025 15:51:30.663 INFO [main] org.apache.jasper.servlet.TldScanner.scanJars At least one JAR was scanned for TLDs yet contained no TLDs. Enable debug logging for this logger for a complete list of JARs that were scanned but no TLDs were found in them. Skipping unneeded JARs during scanning can improve startup time and JSP compilation time.
29-Aug-2025 15:51:31.208 INFO [main] org.apache.catalina.startup.HostConfig.deployDescriptor Deployment of deployment descriptor [D:\PahanaeduBookshop\PahanaeduBookshop\conf\Catalina\localhost\PahanaeduBookshop.xml] has finished in [4,463] ms
29-Aug-2025 15:51:31.218 INFO [main] org.apache.coyote.AbstractProtocol.start Starting ProtocolHandler ["http-nio-8005"]
29-Aug-2025 15:51:31.466 INFO [main] org.apache.catalina.startup.Catalina.start Server startup in [5243] milliseconds
29-Aug-2025 16:05:44.598 INFO [Thread-1] org.apache.coyote.AbstractProtocol.pause Pausing ProtocolHandler ["http-nio-8005"]
29-Aug-2025 16:05:44.829 INFO [Thread-1] org.apache.catalina.core.StandardService.stopInternal Stopping service [Catalina]
29-Aug-2025 16:05:45.076 WARNING [Thread-1] org.apache.catalina.loader.WebappClassLoaderBase.clearReferencesJdbc The web application [PahanaeduBookshop] registered the JDBC driver [com.mysql.cj.jdbc.Driver] but failed to unregister it when the web application was stopped. To prevent a memory leak, the JDBC Driver has been forcibly unregistered.
29-Aug-2025 16:05:45.079 WARNING [Thread-1] org.apache.catalina.loader.WebappClassLoaderBase.clearReferencesThreads The web application [PahanaeduBookshop] appears to have started a thread named [mysql-cj-abandoned-connection-cleanup] but has failed to stop it. This is very likely to create a memory leak. Stack trace of thread:
 java.base@17.0.2/java.lang.Object.wait(Native Method)
 java.base@17.0.2/java.lang.ref.ReferenceQueue.remove(ReferenceQueue.java:155)
 com.mysql.cj.jdbc.AbandonedConnectionCleanupThread.run(AbandonedConnectionCleanupThread.java:91)
 java.base@17.0.2/java.util.concurrent.ThreadPoolExecutor.runWorker(ThreadPoolExecutor.java:1136)
 java.base@17.0.2/java.util.concurrent.ThreadPoolExecutor$Worker.run(ThreadPoolExecutor.java:635)
 java.base@17.0.2/java.lang.Thread.run(Thread.java:833)
29-Aug-2025 16:05:45.109 INFO [Thread-1] org.apache.coyote.AbstractProtocol.stop Stopping ProtocolHandler ["http-nio-8005"]
29-Aug-2025 16:05:45.165 INFO [Thread-1] org.apache.coyote.AbstractProtocol.destroy Destroying ProtocolHandler ["http-nio-8005"]
29-Aug-2025 16:05:45.321 INFO [mysql-cj-abandoned-connection-cleanup] org.apache.catalina.loader.WebappClassLoaderBase.checkStateForResourceLoading Illegal access: this web application instance has been stopped already. Could not load []. The following stack trace is thrown for debugging purposes as well as to attempt to terminate the thread which caused the illegal access.
	java.lang.IllegalStateException: Illegal access: this web application instance has been stopped already. Could not load []. The following stack trace is thrown for debugging purposes as well as to attempt to terminate the thread which caused the illegal access.
		at org.apache.catalina.loader.WebappClassLoaderBase.checkStateForResourceLoading(WebappClassLoaderBase.java:1369)
		at org.apache.catalina.loader.WebappClassLoaderBase.getResource(WebappClassLoaderBase.java:995)
		at com.mysql.cj.jdbc.AbandonedConnectionCleanupThread.checkThreadContextClassLoader(AbandonedConnectionCleanupThread.java:123)
		at com.mysql.cj.jdbc.AbandonedConnectionCleanupThread.run(AbandonedConnectionCleanupThread.java:90)
		at java.base/java.util.concurrent.ThreadPoolExecutor.runWorker(ThreadPoolExecutor.java:1136)
		at java.base/java.util.concurrent.ThreadPoolExecutor$Worker.run(ThreadPoolExecutor.java:635)
		at java.base/java.lang.Thread.run(Thread.java:833)
29-Aug-2025 16:05:45.324 INFO [mysql-cj-abandoned-connection-cleanup] org.apache.catalina.loader.WebappClassLoaderBase.checkStateForResourceLoading Illegal access: this web application instance has been stopped already. Could not load []. The following stack trace is thrown for debugging purposes as well as to attempt to terminate the thread which caused the illegal access.
	java.lang.IllegalStateException: Illegal access: this web application instance has been stopped already. Could not load []. The following stack trace is thrown for debugging purposes as well as to attempt to terminate the thread which caused the illegal access.
		at org.apache.catalina.loader.WebappClassLoaderBase.checkStateForResourceLoading(WebappClassLoaderBase.java:1369)
		at org.apache.catalina.loader.WebappClassLoaderBase.getResource(WebappClassLoaderBase.java:995)
		at com.mysql.cj.jdbc.AbandonedConnectionCleanupThread.checkThreadContextClassLoader(AbandonedConnectionCleanupThread.java:123)
		at com.mysql.cj.jdbc.AbandonedConnectionCleanupThread.run(AbandonedConnectionCleanupThread.java:90)
		at java.base/java.util.concurrent.ThreadPoolExecutor.runWorker(ThreadPoolExecutor.java:1136)
		at java.base/java.util.concurrent.ThreadPoolExecutor$Worker.run(ThreadPoolExecutor.java:635)
		at java.base/java.lang.Thread.run(Thread.java:833)
29-Aug-2025 16:06:09.018 INFO [main] org.apache.catalina.startup.VersionLoggerListener.log Server version name:   Apache Tomcat/9.0.98
29-Aug-2025 16:06:09.024 INFO [main] org.apache.catalina.startup.VersionLoggerListener.log Server built:          Dec 5 2024 19:50:29 UTC
29-Aug-2025 16:06:09.024 INFO [main] org.apache.catalina.startup.VersionLoggerListener.log Server version number: 9.0.98.0
29-Aug-2025 16:06:09.024 INFO [main] org.apache.catalina.startup.VersionLoggerListener.log OS Name:               Windows 10
29-Aug-2025 16:06:09.025 INFO [main] org.apache.catalina.startup.VersionLoggerListener.log OS Version:            10.0
29-Aug-2025 16:06:09.025 INFO [main] org.apache.catalina.startup.VersionLoggerListener.log Architecture:          amd64
29-Aug-2025 16:06:09.025 INFO [main] org.apache.catalina.startup.VersionLoggerListener.log Java Home:             C:\Program Files\Java\jdk-17.0.2
29-Aug-2025 16:06:09.025 INFO [main] org.apache.catalina.startup.VersionLoggerListener.log JVM Version:           17.0.2+8-LTS-86
29-Aug-2025 16:06:09.026 INFO [main] org.apache.catalina.startup.VersionLoggerListener.log JVM Vendor:            Oracle Corporation
29-Aug-2025 16:06:09.026 INFO [main] org.apache.catalina.startup.VersionLoggerListener.log CATALINA_BASE:         D:\PahanaeduBookshop\PahanaeduBookshop
29-Aug-2025 16:06:09.026 INFO [main] org.apache.catalina.startup.VersionLoggerListener.log CATALINA_HOME:         G:\ICBT\1st_Semester\PROGRAMMING\apache-tomcat-9.0.98\apache-tomcat-9.0.98
29-Aug-2025 16:06:09.040 INFO [main] org.apache.catalina.startup.VersionLoggerListener.log Command line argument: --add-opens=java.base/java.lang=ALL-UNNAMED
29-Aug-2025 16:06:09.040 INFO [main] org.apache.catalina.startup.VersionLoggerListener.log Command line argument: --add-opens=java.base/java.io=ALL-UNNAMED
29-Aug-2025 16:06:09.041 INFO [main] org.apache.catalina.startup.VersionLoggerListener.log Command line argument: --add-opens=java.base/java.util=ALL-UNNAMED
29-Aug-2025 16:06:09.041 INFO [main] org.apache.catalina.startup.VersionLoggerListener.log Command line argument: --add-opens=java.base/java.util.concurrent=ALL-UNNAMED
29-Aug-2025 16:06:09.041 INFO [main] org.apache.catalina.startup.VersionLoggerListener.log Command line argument: --add-opens=java.rmi/sun.rmi.transport=ALL-UNNAMED
29-Aug-2025 16:06:09.041 INFO [main] org.apache.catalina.startup.VersionLoggerListener.log Command line argument: -Dcatalina.home=G:\ICBT\1st_Semester\PROGRAMMING\apache-tomcat-9.0.98\apache-tomcat-9.0.98
29-Aug-2025 16:06:09.041 INFO [main] org.apache.catalina.startup.VersionLoggerListener.log Command line argument: -Dcatalina.base=D:\PahanaeduBookshop\PahanaeduBookshop
29-Aug-2025 16:06:09.042 INFO [main] org.apache.catalina.startup.VersionLoggerListener.log Command line argument: -Djava.io.tmpdir=D:\PahanaeduBookshop\PahanaeduBookshop\temp
29-Aug-2025 16:06:09.042 INFO [main] org.apache.catalina.startup.VersionLoggerListener.log Command line argument: -Djava.util.logging.config.file=D:\PahanaeduBookshop\PahanaeduBookshop\conf\logging.properties
29-Aug-2025 16:06:09.042 INFO [main] org.apache.catalina.startup.VersionLoggerListener.log Command line argument: -Djava.util.logging.manager=org.apache.juli.ClassLoaderLogManager
29-Aug-2025 16:06:09.042 INFO [main] org.apache.catalina.startup.VersionLoggerListener.log Command line argument: -javaagent:C:\Program Files\JetBrains\IntelliJ IDEA Community Edition 2024.3.1.1\lib\idea_rt.jar=62001:C:\Program Files\JetBrains\IntelliJ IDEA Community Edition 2024.3.1.1\bin
29-Aug-2025 16:06:09.042 INFO [main] org.apache.catalina.startup.VersionLoggerListener.log Command line argument: -Dfile.encoding=UTF-8
29-Aug-2025 16:06:09.108 INFO [main] org.apache.catalina.core.AprLifecycleListener.lifecycleEvent Loaded Apache Tomcat Native library [1.3.1] using APR version [1.7.4].
29-Aug-2025 16:06:09.109 INFO [main] org.apache.catalina.core.AprLifecycleListener.lifecycleEvent APR capabilities: IPv6 [true], sendfile [true], accept filters [false], random [true], UDS [true].
29-Aug-2025 16:06:09.109 INFO [main] org.apache.catalina.core.AprLifecycleListener.lifecycleEvent APR/OpenSSL configuration: useAprConnector [false], useOpenSSL [true]
29-Aug-2025 16:06:09.177 INFO [main] org.apache.catalina.core.AprLifecycleListener.initializeSSL OpenSSL successfully initialized [OpenSSL 3.0.14 4 Jun 2024]
29-Aug-2025 16:06:09.767 INFO [main] org.apache.coyote.AbstractProtocol.init Initializing ProtocolHandler ["http-nio-8005"]
29-Aug-2025 16:06:09.791 INFO [main] org.apache.catalina.startup.Catalina.load Server initialization in [3252] milliseconds
29-Aug-2025 16:06:09.876 INFO [main] org.apache.catalina.core.StandardService.startInternal Starting service [Catalina]
29-Aug-2025 16:06:09.877 INFO [main] org.apache.catalina.core.StandardEngine.startInternal Starting Servlet engine: [Apache Tomcat/9.0.98]
29-Aug-2025 16:06:09.887 INFO [main] org.apache.catalina.startup.HostConfig.deployDescriptor Deploying deployment descriptor [D:\PahanaeduBookshop\PahanaeduBookshop\conf\Catalina\localhost\PahanaeduBookshop.xml]
29-Aug-2025 16:06:11.676 INFO [main] org.apache.jasper.servlet.TldScanner.scanJars At least one JAR was scanned for TLDs yet contained no TLDs. Enable debug logging for this logger for a complete list of JARs that were scanned but no TLDs were found in them. Skipping unneeded JARs during scanning can improve startup time and JSP compilation time.
29-Aug-2025 16:06:11.899 WARNING [main] org.apache.catalina.util.SessionIdGeneratorBase.createSecureRandom Creation of SecureRandom instance for session ID generation using [SHA1PRNG] took [112] milliseconds.
29-Aug-2025 16:06:11.980 INFO [main] org.apache.catalina.startup.HostConfig.deployDescriptor Deployment of deployment descriptor [D:\PahanaeduBookshop\PahanaeduBookshop\conf\Catalina\localhost\PahanaeduBookshop.xml] has finished in [2,092] ms
29-Aug-2025 16:06:11.986 INFO [main] org.apache.coyote.AbstractProtocol.start Starting ProtocolHandler ["http-nio-8005"]
29-Aug-2025 16:06:12.186 INFO [main] org.apache.catalina.startup.Catalina.start Server startup in [2394] milliseconds
29-Aug-2025 16:12:05.568 INFO [Thread-1] org.apache.coyote.AbstractProtocol.pause Pausing ProtocolHandler ["http-nio-8005"]
29-Aug-2025 16:12:05.790 INFO [Thread-1] org.apache.catalina.core.StandardService.stopInternal Stopping service [Catalina]
29-Aug-2025 16:12:05.938 WARNING [Thread-1] org.apache.catalina.loader.WebappClassLoaderBase.clearReferencesJdbc The web application [PahanaeduBookshop] registered the JDBC driver [com.mysql.cj.jdbc.Driver] but failed to unregister it when the web application was stopped. To prevent a memory leak, the JDBC Driver has been forcibly unregistered.
29-Aug-2025 16:12:05.939 WARNING [Thread-1] org.apache.catalina.loader.WebappClassLoaderBase.clearReferencesThreads The web application [PahanaeduBookshop] appears to have started a thread named [mysql-cj-abandoned-connection-cleanup] but has failed to stop it. This is very likely to create a memory leak. Stack trace of thread:
 java.base@17.0.2/java.lang.Object.wait(Native Method)
 java.base@17.0.2/java.lang.ref.ReferenceQueue.remove(ReferenceQueue.java:155)
 com.mysql.cj.jdbc.AbandonedConnectionCleanupThread.run(AbandonedConnectionCleanupThread.java:91)
 java.base@17.0.2/java.util.concurrent.ThreadPoolExecutor.runWorker(ThreadPoolExecutor.java:1136)
 java.base@17.0.2/java.util.concurrent.ThreadPoolExecutor$Worker.run(ThreadPoolExecutor.java:635)
 java.base@17.0.2/java.lang.Thread.run(Thread.java:833)
29-Aug-2025 16:12:05.960 INFO [Thread-1] org.apache.coyote.AbstractProtocol.stop Stopping ProtocolHandler ["http-nio-8005"]
29-Aug-2025 16:12:06.020 INFO [Thread-1] org.apache.coyote.AbstractProtocol.destroy Destroying ProtocolHandler ["http-nio-8005"]
29-Aug-2025 16:12:06.349 INFO [mysql-cj-abandoned-connection-cleanup] org.apache.catalina.loader.WebappClassLoaderBase.checkStateForResourceLoading Illegal access: this web application instance has been stopped already. Could not load []. The following stack trace is thrown for debugging purposes as well as to attempt to terminate the thread which caused the illegal access.
	java.lang.IllegalStateException: Illegal access: this web application instance has been stopped already. Could not load []. The following stack trace is thrown for debugging purposes as well as to attempt to terminate the thread which caused the illegal access.
		at org.apache.catalina.loader.WebappClassLoaderBase.checkStateForResourceLoading(WebappClassLoaderBase.java:1369)
		at org.apache.catalina.loader.WebappClassLoaderBase.getResource(WebappClassLoaderBase.java:995)
		at com.mysql.cj.jdbc.AbandonedConnectionCleanupThread.checkThreadContextClassLoader(AbandonedConnectionCleanupThread.java:123)
		at com.mysql.cj.jdbc.AbandonedConnectionCleanupThread.run(AbandonedConnectionCleanupThread.java:90)
		at java.base/java.util.concurrent.ThreadPoolExecutor.runWorker(ThreadPoolExecutor.java:1136)
		at java.base/java.util.concurrent.ThreadPoolExecutor$Worker.run(ThreadPoolExecutor.java:635)
		at java.base/java.lang.Thread.run(Thread.java:833)
29-Aug-2025 16:12:28.577 INFO [main] org.apache.catalina.startup.VersionLoggerListener.log Server version name:   Apache Tomcat/9.0.98
29-Aug-2025 16:12:28.582 INFO [main] org.apache.catalina.startup.VersionLoggerListener.log Server built:          Dec 5 2024 19:50:29 UTC
29-Aug-2025 16:12:28.582 INFO [main] org.apache.catalina.startup.VersionLoggerListener.log Server version number: 9.0.98.0
29-Aug-2025 16:12:28.582 INFO [main] org.apache.catalina.startup.VersionLoggerListener.log OS Name:               Windows 10
29-Aug-2025 16:12:28.583 INFO [main] org.apache.catalina.startup.VersionLoggerListener.log OS Version:            10.0
29-Aug-2025 16:12:28.583 INFO [main] org.apache.catalina.startup.VersionLoggerListener.log Architecture:          amd64
29-Aug-2025 16:12:28.583 INFO [main] org.apache.catalina.startup.VersionLoggerListener.log Java Home:             C:\Program Files\Java\jdk-17.0.2
29-Aug-2025 16:12:28.583 INFO [main] org.apache.catalina.startup.VersionLoggerListener.log JVM Version:           17.0.2+8-LTS-86
29-Aug-2025 16:12:28.583 INFO [main] org.apache.catalina.startup.VersionLoggerListener.log JVM Vendor:            Oracle Corporation
29-Aug-2025 16:12:28.584 INFO [main] org.apache.catalina.startup.VersionLoggerListener.log CATALINA_BASE:         D:\PahanaeduBookshop\PahanaeduBookshop
29-Aug-2025 16:12:28.584 INFO [main] org.apache.catalina.startup.VersionLoggerListener.log CATALINA_HOME:         G:\ICBT\1st_Semester\PROGRAMMING\apache-tomcat-9.0.98\apache-tomcat-9.0.98
29-Aug-2025 16:12:28.597 INFO [main] org.apache.catalina.startup.VersionLoggerListener.log Command line argument: --add-opens=java.base/java.lang=ALL-UNNAMED
29-Aug-2025 16:12:28.597 INFO [main] org.apache.catalina.startup.VersionLoggerListener.log Command line argument: --add-opens=java.base/java.io=ALL-UNNAMED
29-Aug-2025 16:12:28.598 INFO [main] org.apache.catalina.startup.VersionLoggerListener.log Command line argument: --add-opens=java.base/java.util=ALL-UNNAMED
29-Aug-2025 16:12:28.598 INFO [main] org.apache.catalina.startup.VersionLoggerListener.log Command line argument: --add-opens=java.base/java.util.concurrent=ALL-UNNAMED
29-Aug-2025 16:12:28.598 INFO [main] org.apache.catalina.startup.VersionLoggerListener.log Command line argument: --add-opens=java.rmi/sun.rmi.transport=ALL-UNNAMED
29-Aug-2025 16:12:28.598 INFO [main] org.apache.catalina.startup.VersionLoggerListener.log Command line argument: -Dcatalina.home=G:\ICBT\1st_Semester\PROGRAMMING\apache-tomcat-9.0.98\apache-tomcat-9.0.98
29-Aug-2025 16:12:28.598 INFO [main] org.apache.catalina.startup.VersionLoggerListener.log Command line argument: -Dcatalina.base=D:\PahanaeduBookshop\PahanaeduBookshop
29-Aug-2025 16:12:28.598 INFO [main] org.apache.catalina.startup.VersionLoggerListener.log Command line argument: -Djava.io.tmpdir=D:\PahanaeduBookshop\PahanaeduBookshop\temp
29-Aug-2025 16:12:28.599 INFO [main] org.apache.catalina.startup.VersionLoggerListener.log Command line argument: -Djava.util.logging.config.file=D:\PahanaeduBookshop\PahanaeduBookshop\conf\logging.properties
29-Aug-2025 16:12:28.599 INFO [main] org.apache.catalina.startup.VersionLoggerListener.log Command line argument: -Djava.util.logging.manager=org.apache.juli.ClassLoaderLogManager
29-Aug-2025 16:12:28.599 INFO [main] org.apache.catalina.startup.VersionLoggerListener.log Command line argument: -javaagent:C:\Program Files\JetBrains\IntelliJ IDEA Community Edition 2024.3.1.1\lib\idea_rt.jar=62069:C:\Program Files\JetBrains\IntelliJ IDEA Community Edition 2024.3.1.1\bin
29-Aug-2025 16:12:28.599 INFO [main] org.apache.catalina.startup.VersionLoggerListener.log Command line argument: -Dfile.encoding=UTF-8
29-Aug-2025 16:12:28.687 INFO [main] org.apache.catalina.core.AprLifecycleListener.lifecycleEvent Loaded Apache Tomcat Native library [1.3.1] using APR version [1.7.4].
29-Aug-2025 16:12:28.688 INFO [main] org.apache.catalina.core.AprLifecycleListener.lifecycleEvent APR capabilities: IPv6 [true], sendfile [true], accept filters [false], random [true], UDS [true].
29-Aug-2025 16:12:28.688 INFO [main] org.apache.catalina.core.AprLifecycleListener.lifecycleEvent APR/OpenSSL configuration: useAprConnector [false], useOpenSSL [true]
29-Aug-2025 16:12:28.744 INFO [main] org.apache.catalina.core.AprLifecycleListener.initializeSSL OpenSSL successfully initialized [OpenSSL 3.0.14 4 Jun 2024]
29-Aug-2025 16:12:29.192 INFO [main] org.apache.coyote.AbstractProtocol.init Initializing ProtocolHandler ["http-nio-8005"]
29-Aug-2025 16:12:29.220 INFO [main] org.apache.catalina.startup.Catalina.load Server initialization in [983] milliseconds
29-Aug-2025 16:12:29.299 INFO [main] org.apache.catalina.core.StandardService.startInternal Starting service [Catalina]
29-Aug-2025 16:12:29.299 INFO [main] org.apache.catalina.core.StandardEngine.startInternal Starting Servlet engine: [Apache Tomcat/9.0.98]
29-Aug-2025 16:12:29.309 INFO [main] org.apache.catalina.startup.HostConfig.deployDescriptor Deploying deployment descriptor [D:\PahanaeduBookshop\PahanaeduBookshop\conf\Catalina\localhost\PahanaeduBookshop.xml]
29-Aug-2025 16:12:31.120 INFO [main] org.apache.jasper.servlet.TldScanner.scanJars At least one JAR was scanned for TLDs yet contained no TLDs. Enable debug logging for this logger for a complete list of JARs that were scanned but no TLDs were found in them. Skipping unneeded JARs during scanning can improve startup time and JSP compilation time.
29-Aug-2025 16:12:31.305 INFO [main] org.apache.catalina.startup.HostConfig.deployDescriptor Deployment of deployment descriptor [D:\PahanaeduBookshop\PahanaeduBookshop\conf\Catalina\localhost\PahanaeduBookshop.xml] has finished in [1,995] ms
29-Aug-2025 16:12:31.310 INFO [main] org.apache.coyote.AbstractProtocol.start Starting ProtocolHandler ["http-nio-8005"]
29-Aug-2025 16:12:31.362 INFO [main] org.apache.catalina.startup.Catalina.start Server startup in [2142] milliseconds
29-Aug-2025 16:41:09.079 INFO [Thread-1] org.apache.coyote.AbstractProtocol.pause Pausing ProtocolHandler ["http-nio-8005"]
29-Aug-2025 16:41:10.036 INFO [Thread-1] org.apache.catalina.core.StandardService.stopInternal Stopping service [Catalina]
29-Aug-2025 16:41:12.912 WARNING [Thread-1] org.apache.catalina.loader.WebappClassLoaderBase.clearReferencesJdbc The web application [PahanaeduBookshop] registered the JDBC driver [com.mysql.cj.jdbc.Driver] but failed to unregister it when the web application was stopped. To prevent a memory leak, the JDBC Driver has been forcibly unregistered.
29-Aug-2025 16:41:12.944 WARNING [Thread-1] org.apache.catalina.loader.WebappClassLoaderBase.clearReferencesThreads The web application [PahanaeduBookshop] appears to have started a thread named [mysql-cj-abandoned-connection-cleanup] but has failed to stop it. This is very likely to create a memory leak. Stack trace of thread:
 java.base@17.0.2/java.lang.Object.wait(Native Method)
 java.base@17.0.2/java.lang.ref.ReferenceQueue.remove(ReferenceQueue.java:155)
 com.mysql.cj.jdbc.AbandonedConnectionCleanupThread.run(AbandonedConnectionCleanupThread.java:91)
 java.base@17.0.2/java.util.concurrent.ThreadPoolExecutor.runWorker(ThreadPoolExecutor.java:1136)
 java.base@17.0.2/java.util.concurrent.ThreadPoolExecutor$Worker.run(ThreadPoolExecutor.java:635)
 java.base@17.0.2/java.lang.Thread.run(Thread.java:833)
29-Aug-2025 16:41:13.579 INFO [Thread-1] org.apache.coyote.AbstractProtocol.stop Stopping ProtocolHandler ["http-nio-8005"]
29-Aug-2025 16:41:13.786 INFO [mysql-cj-abandoned-connection-cleanup] org.apache.catalina.loader.WebappClassLoaderBase.checkStateForResourceLoading Illegal access: this web application instance has been stopped already. Could not load []. The following stack trace is thrown for debugging purposes as well as to attempt to terminate the thread which caused the illegal access.
	java.lang.IllegalStateException: Illegal access: this web application instance has been stopped already. Could not load []. The following stack trace is thrown for debugging purposes as well as to attempt to terminate the thread which caused the illegal access.
		at org.apache.catalina.loader.WebappClassLoaderBase.checkStateForResourceLoading(WebappClassLoaderBase.java:1369)
		at org.apache.catalina.loader.WebappClassLoaderBase.getResource(WebappClassLoaderBase.java:995)
		at com.mysql.cj.jdbc.AbandonedConnectionCleanupThread.checkThreadContextClassLoader(AbandonedConnectionCleanupThread.java:123)
		at com.mysql.cj.jdbc.AbandonedConnectionCleanupThread.run(AbandonedConnectionCleanupThread.java:90)
		at java.base/java.util.concurrent.ThreadPoolExecutor.runWorker(ThreadPoolExecutor.java:1136)
		at java.base/java.util.concurrent.ThreadPoolExecutor$Worker.run(ThreadPoolExecutor.java:635)
		at java.base/java.lang.Thread.run(Thread.java:833)
29-Aug-2025 16:41:13.888 INFO [Thread-1] org.apache.coyote.AbstractProtocol.destroy Destroying ProtocolHandler ["http-nio-8005"]
29-Aug-2025 16:42:01.028 INFO [main] org.apache.catalina.startup.VersionLoggerListener.log Server version name:   Apache Tomcat/9.0.98
29-Aug-2025 16:42:01.036 INFO [main] org.apache.catalina.startup.VersionLoggerListener.log Server built:          Dec 5 2024 19:50:29 UTC
29-Aug-2025 16:42:01.036 INFO [main] org.apache.catalina.startup.VersionLoggerListener.log Server version number: 9.0.98.0
29-Aug-2025 16:42:01.037 INFO [main] org.apache.catalina.startup.VersionLoggerListener.log OS Name:               Windows 10
29-Aug-2025 16:42:01.037 INFO [main] org.apache.catalina.startup.VersionLoggerListener.log OS Version:            10.0
29-Aug-2025 16:42:01.037 INFO [main] org.apache.catalina.startup.VersionLoggerListener.log Architecture:          amd64
29-Aug-2025 16:42:01.038 INFO [main] org.apache.catalina.startup.VersionLoggerListener.log Java Home:             C:\Program Files\Java\jdk-17.0.2
29-Aug-2025 16:42:01.038 INFO [main] org.apache.catalina.startup.VersionLoggerListener.log JVM Version:           17.0.2+8-LTS-86
29-Aug-2025 16:42:01.038 INFO [main] org.apache.catalina.startup.VersionLoggerListener.log JVM Vendor:            Oracle Corporation
29-Aug-2025 16:42:01.038 INFO [main] org.apache.catalina.startup.VersionLoggerListener.log CATALINA_BASE:         D:\PahanaeduBookshop\PahanaeduBookshop
29-Aug-2025 16:42:01.038 INFO [main] org.apache.catalina.startup.VersionLoggerListener.log CATALINA_HOME:         G:\ICBT\1st_Semester\PROGRAMMING\apache-tomcat-9.0.98\apache-tomcat-9.0.98
29-Aug-2025 16:42:01.064 INFO [main] org.apache.catalina.startup.VersionLoggerListener.log Command line argument: --add-opens=java.base/java.lang=ALL-UNNAMED
29-Aug-2025 16:42:01.064 INFO [main] org.apache.catalina.startup.VersionLoggerListener.log Command line argument: --add-opens=java.base/java.io=ALL-UNNAMED
29-Aug-2025 16:42:01.064 INFO [main] org.apache.catalina.startup.VersionLoggerListener.log Command line argument: --add-opens=java.base/java.util=ALL-UNNAMED
29-Aug-2025 16:42:01.065 INFO [main] org.apache.catalina.startup.VersionLoggerListener.log Command line argument: --add-opens=java.base/java.util.concurrent=ALL-UNNAMED
29-Aug-2025 16:42:01.065 INFO [main] org.apache.catalina.startup.VersionLoggerListener.log Command line argument: --add-opens=java.rmi/sun.rmi.transport=ALL-UNNAMED
29-Aug-2025 16:42:01.065 INFO [main] org.apache.catalina.startup.VersionLoggerListener.log Command line argument: -Dcatalina.home=G:\ICBT\1st_Semester\PROGRAMMING\apache-tomcat-9.0.98\apache-tomcat-9.0.98
29-Aug-2025 16:42:01.065 INFO [main] org.apache.catalina.startup.VersionLoggerListener.log Command line argument: -Dcatalina.base=D:\PahanaeduBookshop\PahanaeduBookshop
29-Aug-2025 16:42:01.065 INFO [main] org.apache.catalina.startup.VersionLoggerListener.log Command line argument: -Djava.io.tmpdir=D:\PahanaeduBookshop\PahanaeduBookshop\temp
29-Aug-2025 16:42:01.065 INFO [main] org.apache.catalina.startup.VersionLoggerListener.log Command line argument: -Djava.util.logging.config.file=D:\PahanaeduBookshop\PahanaeduBookshop\conf\logging.properties
29-Aug-2025 16:42:01.065 INFO [main] org.apache.catalina.startup.VersionLoggerListener.log Command line argument: -Djava.util.logging.manager=org.apache.juli.ClassLoaderLogManager
29-Aug-2025 16:42:01.065 INFO [main] org.apache.catalina.startup.VersionLoggerListener.log Command line argument: -javaagent:C:\Program Files\JetBrains\IntelliJ IDEA Community Edition 2024.3.1.1\lib\idea_rt.jar=62203:C:\Program Files\JetBrains\IntelliJ IDEA Community Edition 2024.3.1.1\bin
29-Aug-2025 16:42:01.066 INFO [main] org.apache.catalina.startup.VersionLoggerListener.log Command line argument: -Dfile.encoding=UTF-8
29-Aug-2025 16:42:01.258 INFO [main] org.apache.catalina.core.AprLifecycleListener.lifecycleEvent Loaded Apache Tomcat Native library [1.3.1] using APR version [1.7.4].
29-Aug-2025 16:42:01.258 INFO [main] org.apache.catalina.core.AprLifecycleListener.lifecycleEvent APR capabilities: IPv6 [true], sendfile [true], accept filters [false], random [true], UDS [true].
29-Aug-2025 16:42:01.259 INFO [main] org.apache.catalina.core.AprLifecycleListener.lifecycleEvent APR/OpenSSL configuration: useAprConnector [false], useOpenSSL [true]
29-Aug-2025 16:42:02.019 INFO [main] org.apache.catalina.core.AprLifecycleListener.initializeSSL OpenSSL successfully initialized [OpenSSL 3.0.14 4 Jun 2024]
29-Aug-2025 16:42:02.978 INFO [main] org.apache.coyote.AbstractProtocol.init Initializing ProtocolHandler ["http-nio-8005"]
29-Aug-2025 16:42:03.081 INFO [main] org.apache.catalina.startup.Catalina.load Server initialization in [3424] milliseconds
29-Aug-2025 16:42:03.264 INFO [main] org.apache.catalina.core.StandardService.startInternal Starting service [Catalina]
29-Aug-2025 16:42:03.265 INFO [main] org.apache.catalina.core.StandardEngine.startInternal Starting Servlet engine: [Apache Tomcat/9.0.98]
29-Aug-2025 16:42:03.329 INFO [main] org.apache.catalina.startup.HostConfig.deployDescriptor Deploying deployment descriptor [D:\PahanaeduBookshop\PahanaeduBookshop\conf\Catalina\localhost\PahanaeduBookshop.xml]
29-Aug-2025 16:42:06.435 INFO [main] org.apache.jasper.servlet.TldScanner.scanJars At least one JAR was scanned for TLDs yet contained no TLDs. Enable debug logging for this logger for a complete list of JARs that were scanned but no TLDs were found in them. Skipping unneeded JARs during scanning can improve startup time and JSP compilation time.
29-Aug-2025 16:42:06.944 WARNING [main] org.apache.catalina.util.SessionIdGeneratorBase.createSecureRandom Creation of SecureRandom instance for session ID generation using [SHA1PRNG] took [200] milliseconds.
29-Aug-2025 16:42:08.138 INFO [main] org.apache.catalina.startup.HostConfig.deployDescriptor Deployment of deployment descriptor [D:\PahanaeduBookshop\PahanaeduBookshop\conf\Catalina\localhost\PahanaeduBookshop.xml] has finished in [4,809] ms
29-Aug-2025 16:42:08.151 INFO [main] org.apache.coyote.AbstractProtocol.start Starting ProtocolHandler ["http-nio-8005"]
29-Aug-2025 16:42:09.028 INFO [main] org.apache.catalina.startup.Catalina.start Server startup in [5946] milliseconds
29-Aug-2025 19:23:32.100 INFO [main] org.apache.catalina.startup.VersionLoggerListener.log Server version name:   Apache Tomcat/9.0.98
29-Aug-2025 19:23:32.121 INFO [main] org.apache.catalina.startup.VersionLoggerListener.log Server built:          Dec 5 2024 19:50:29 UTC
29-Aug-2025 19:23:32.122 INFO [main] org.apache.catalina.startup.VersionLoggerListener.log Server version number: 9.0.98.0
29-Aug-2025 19:23:32.123 INFO [main] org.apache.catalina.startup.VersionLoggerListener.log OS Name:               Windows 10
29-Aug-2025 19:23:32.123 INFO [main] org.apache.catalina.startup.VersionLoggerListener.log OS Version:            10.0
29-Aug-2025 19:23:32.124 INFO [main] org.apache.catalina.startup.VersionLoggerListener.log Architecture:          amd64
29-Aug-2025 19:23:32.126 INFO [main] org.apache.catalina.startup.VersionLoggerListener.log Java Home:             C:\Program Files\Java\jdk-17.0.2
29-Aug-2025 19:23:32.126 INFO [main] org.apache.catalina.startup.VersionLoggerListener.log JVM Version:           17.0.2+8-LTS-86
29-Aug-2025 19:23:32.127 INFO [main] org.apache.catalina.startup.VersionLoggerListener.log JVM Vendor:            Oracle Corporation
29-Aug-2025 19:23:32.128 INFO [main] org.apache.catalina.startup.VersionLoggerListener.log CATALINA_BASE:         D:\PahanaeduBookshop\PahanaeduBookshop
29-Aug-2025 19:23:32.129 INFO [main] org.apache.catalina.startup.VersionLoggerListener.log CATALINA_HOME:         G:\ICBT\1st_Semester\PROGRAMMING\apache-tomcat-9.0.98\apache-tomcat-9.0.98
29-Aug-2025 19:23:32.148 INFO [main] org.apache.catalina.startup.VersionLoggerListener.log Command line argument: --add-opens=java.base/java.lang=ALL-UNNAMED
29-Aug-2025 19:23:32.148 INFO [main] org.apache.catalina.startup.VersionLoggerListener.log Command line argument: --add-opens=java.base/java.io=ALL-UNNAMED
29-Aug-2025 19:23:32.148 INFO [main] org.apache.catalina.startup.VersionLoggerListener.log Command line argument: --add-opens=java.base/java.util=ALL-UNNAMED
29-Aug-2025 19:23:32.149 INFO [main] org.apache.catalina.startup.VersionLoggerListener.log Command line argument: --add-opens=java.base/java.util.concurrent=ALL-UNNAMED
29-Aug-2025 19:23:32.149 INFO [main] org.apache.catalina.startup.VersionLoggerListener.log Command line argument: --add-opens=java.rmi/sun.rmi.transport=ALL-UNNAMED
29-Aug-2025 19:23:32.149 INFO [main] org.apache.catalina.startup.VersionLoggerListener.log Command line argument: -Dcatalina.home=G:\ICBT\1st_Semester\PROGRAMMING\apache-tomcat-9.0.98\apache-tomcat-9.0.98
29-Aug-2025 19:23:32.150 INFO [main] org.apache.catalina.startup.VersionLoggerListener.log Command line argument: -Dcatalina.base=D:\PahanaeduBookshop\PahanaeduBookshop
29-Aug-2025 19:23:32.150 INFO [main] org.apache.catalina.startup.VersionLoggerListener.log Command line argument: -Djava.io.tmpdir=D:\PahanaeduBookshop\PahanaeduBookshop\temp
29-Aug-2025 19:23:32.150 INFO [main] org.apache.catalina.startup.VersionLoggerListener.log Command line argument: -Djava.util.logging.config.file=D:\PahanaeduBookshop\PahanaeduBookshop\conf\logging.properties
29-Aug-2025 19:23:32.150 INFO [main] org.apache.catalina.startup.VersionLoggerListener.log Command line argument: -Djava.util.logging.manager=org.apache.juli.ClassLoaderLogManager
29-Aug-2025 19:23:32.150 INFO [main] org.apache.catalina.startup.VersionLoggerListener.log Command line argument: -javaagent:C:\Program Files\JetBrains\IntelliJ IDEA Community Edition 2024.3.1.1\lib\idea_rt.jar=56144:C:\Program Files\JetBrains\IntelliJ IDEA Community Edition 2024.3.1.1\bin
29-Aug-2025 19:23:32.151 INFO [main] org.apache.catalina.startup.VersionLoggerListener.log Command line argument: -Dfile.encoding=UTF-8
29-Aug-2025 19:23:33.104 INFO [main] org.apache.catalina.core.AprLifecycleListener.lifecycleEvent Loaded Apache Tomcat Native library [1.3.1] using APR version [1.7.4].
29-Aug-2025 19:23:33.105 INFO [main] org.apache.catalina.core.AprLifecycleListener.lifecycleEvent APR capabilities: IPv6 [true], sendfile [true], accept filters [false], random [true], UDS [true].
29-Aug-2025 19:23:33.106 INFO [main] org.apache.catalina.core.AprLifecycleListener.lifecycleEvent APR/OpenSSL configuration: useAprConnector [false], useOpenSSL [true]
29-Aug-2025 19:23:37.903 INFO [main] org.apache.catalina.core.AprLifecycleListener.initializeSSL OpenSSL successfully initialized [OpenSSL 3.0.14 4 Jun 2024]
29-Aug-2025 19:23:39.317 INFO [main] org.apache.coyote.AbstractProtocol.init Initializing ProtocolHandler ["http-nio-8005"]
29-Aug-2025 19:23:39.488 INFO [main] org.apache.catalina.startup.Catalina.load Server initialization in [16104] milliseconds
29-Aug-2025 19:23:40.071 INFO [main] org.apache.catalina.core.StandardService.startInternal Starting service [Catalina]
29-Aug-2025 19:23:40.073 INFO [main] org.apache.catalina.core.StandardEngine.startInternal Starting Servlet engine: [Apache Tomcat/9.0.98]
29-Aug-2025 19:23:40.195 INFO [main] org.apache.catalina.startup.HostConfig.deployDescriptor Deploying deployment descriptor [D:\PahanaeduBookshop\PahanaeduBookshop\conf\Catalina\localhost\PahanaeduBookshop.xml]
29-Aug-2025 19:23:44.721 INFO [main] org.apache.jasper.servlet.TldScanner.scanJars At least one JAR was scanned for TLDs yet contained no TLDs. Enable debug logging for this logger for a complete list of JARs that were scanned but no TLDs were found in them. Skipping unneeded JARs during scanning can improve startup time and JSP compilation time.
29-Aug-2025 19:23:45.241 WARNING [main] org.apache.catalina.util.SessionIdGeneratorBase.createSecureRandom Creation of SecureRandom instance for session ID generation using [SHA1PRNG] took [183] milliseconds.
29-Aug-2025 19:23:45.545 INFO [main] org.apache.catalina.startup.HostConfig.deployDescriptor Deployment of deployment descriptor [D:\PahanaeduBookshop\PahanaeduBookshop\conf\Catalina\localhost\PahanaeduBookshop.xml] has finished in [5,349] ms
29-Aug-2025 19:23:45.560 INFO [main] org.apache.coyote.AbstractProtocol.start Starting ProtocolHandler ["http-nio-8005"]
29-Aug-2025 19:23:46.230 INFO [main] org.apache.catalina.startup.Catalina.start Server startup in [6740] milliseconds
29-Aug-2025 19:37:23.650 INFO [Thread-1] org.apache.coyote.AbstractProtocol.pause Pausing ProtocolHandler ["http-nio-8005"]
29-Aug-2025 19:37:24.246 INFO [Thread-1] org.apache.catalina.core.StandardService.stopInternal Stopping service [Catalina]
29-Aug-2025 19:37:27.356 WARNING [Thread-1] org.apache.catalina.loader.WebappClassLoaderBase.clearReferencesJdbc The web application [PahanaeduBookshop] registered the JDBC driver [com.mysql.cj.jdbc.Driver] but failed to unregister it when the web application was stopped. To prevent a memory leak, the JDBC Driver has been forcibly unregistered.
29-Aug-2025 19:37:27.386 WARNING [Thread-1] org.apache.catalina.loader.WebappClassLoaderBase.clearReferencesThreads The web application [PahanaeduBookshop] appears to have started a thread named [mysql-cj-abandoned-connection-cleanup] but has failed to stop it. This is very likely to create a memory leak. Stack trace of thread:
 java.base@17.0.2/java.lang.Object.wait(Native Method)
 java.base@17.0.2/java.lang.ref.ReferenceQueue.remove(ReferenceQueue.java:155)
 com.mysql.cj.jdbc.AbandonedConnectionCleanupThread.run(AbandonedConnectionCleanupThread.java:91)
 java.base@17.0.2/java.util.concurrent.ThreadPoolExecutor.runWorker(ThreadPoolExecutor.java:1136)
 java.base@17.0.2/java.util.concurrent.ThreadPoolExecutor$Worker.run(ThreadPoolExecutor.java:635)
 java.base@17.0.2/java.lang.Thread.run(Thread.java:833)
29-Aug-2025 19:37:28.268 INFO [Thread-1] org.apache.coyote.AbstractProtocol.stop Stopping ProtocolHandler ["http-nio-8005"]
29-Aug-2025 19:37:28.432 INFO [Thread-1] org.apache.coyote.AbstractProtocol.destroy Destroying ProtocolHandler ["http-nio-8005"]
29-Aug-2025 19:37:34.539 INFO [mysql-cj-abandoned-connection-cleanup] org.apache.catalina.loader.WebappClassLoaderBase.checkStateForResourceLoading Illegal access: this web application instance has been stopped already. Could not load []. The following stack trace is thrown for debugging purposes as well as to attempt to terminate the thread which caused the illegal access.
	java.lang.IllegalStateException: Illegal access: this web application instance has been stopped already. Could not load []. The following stack trace is thrown for debugging purposes as well as to attempt to terminate the thread which caused the illegal access.
		at org.apache.catalina.loader.WebappClassLoaderBase.checkStateForResourceLoading(WebappClassLoaderBase.java:1369)
		at org.apache.catalina.loader.WebappClassLoaderBase.getResource(WebappClassLoaderBase.java:995)
		at com.mysql.cj.jdbc.AbandonedConnectionCleanupThread.checkThreadContextClassLoader(AbandonedConnectionCleanupThread.java:123)
		at com.mysql.cj.jdbc.AbandonedConnectionCleanupThread.run(AbandonedConnectionCleanupThread.java:90)
		at java.base/java.util.concurrent.ThreadPoolExecutor.runWorker(ThreadPoolExecutor.java:1136)
		at java.base/java.util.concurrent.ThreadPoolExecutor$Worker.run(ThreadPoolExecutor.java:635)
		at java.base/java.lang.Thread.run(Thread.java:833)
29-Aug-2025 19:37:34.540 INFO [mysql-cj-abandoned-connection-cleanup] org.apache.catalina.loader.WebappClassLoaderBase.checkStateForResourceLoading Illegal access: this web application instance has been stopped already. Could not load []. The following stack trace is thrown for debugging purposes as well as to attempt to terminate the thread which caused the illegal access.
	java.lang.IllegalStateException: Illegal access: this web application instance has been stopped already. Could not load []. The following stack trace is thrown for debugging purposes as well as to attempt to terminate the thread which caused the illegal access.
		at org.apache.catalina.loader.WebappClassLoaderBase.checkStateForResourceLoading(WebappClassLoaderBase.java:1369)
		at org.apache.catalina.loader.WebappClassLoaderBase.getResource(WebappClassLoaderBase.java:995)
		at com.mysql.cj.jdbc.AbandonedConnectionCleanupThread.checkThreadContextClassLoader(AbandonedConnectionCleanupThread.java:123)
		at com.mysql.cj.jdbc.AbandonedConnectionCleanupThread.run(AbandonedConnectionCleanupThread.java:90)
		at java.base/java.util.concurrent.ThreadPoolExecutor.runWorker(ThreadPoolExecutor.java:1136)
		at java.base/java.util.concurrent.ThreadPoolExecutor$Worker.run(ThreadPoolExecutor.java:635)
		at java.base/java.lang.Thread.run(Thread.java:833)
29-Aug-2025 19:40:59.448 INFO [main] org.apache.catalina.startup.VersionLoggerListener.log Server version name:   Apache Tomcat/9.0.98
29-Aug-2025 19:40:59.461 INFO [main] org.apache.catalina.startup.VersionLoggerListener.log Server built:          Dec 5 2024 19:50:29 UTC
29-Aug-2025 19:40:59.461 INFO [main] org.apache.catalina.startup.VersionLoggerListener.log Server version number: 9.0.98.0
29-Aug-2025 19:40:59.462 INFO [main] org.apache.catalina.startup.VersionLoggerListener.log OS Name:               Windows 10
29-Aug-2025 19:40:59.462 INFO [main] org.apache.catalina.startup.VersionLoggerListener.log OS Version:            10.0
29-Aug-2025 19:40:59.463 INFO [main] org.apache.catalina.startup.VersionLoggerListener.log Architecture:          amd64
29-Aug-2025 19:40:59.463 INFO [main] org.apache.catalina.startup.VersionLoggerListener.log Java Home:             C:\Program Files\Java\jdk-17.0.2
29-Aug-2025 19:40:59.465 INFO [main] org.apache.catalina.startup.VersionLoggerListener.log JVM Version:           17.0.2+8-LTS-86
29-Aug-2025 19:40:59.465 INFO [main] org.apache.catalina.startup.VersionLoggerListener.log JVM Vendor:            Oracle Corporation
29-Aug-2025 19:40:59.466 INFO [main] org.apache.catalina.startup.VersionLoggerListener.log CATALINA_BASE:         D:\PahanaeduBookshop\PahanaeduBookshop
29-Aug-2025 19:40:59.466 INFO [main] org.apache.catalina.startup.VersionLoggerListener.log CATALINA_HOME:         G:\ICBT\1st_Semester\PROGRAMMING\apache-tomcat-9.0.98\apache-tomcat-9.0.98
29-Aug-2025 19:40:59.504 INFO [main] org.apache.catalina.startup.VersionLoggerListener.log Command line argument: --add-opens=java.base/java.lang=ALL-UNNAMED
29-Aug-2025 19:40:59.505 INFO [main] org.apache.catalina.startup.VersionLoggerListener.log Command line argument: --add-opens=java.base/java.io=ALL-UNNAMED
29-Aug-2025 19:40:59.505 INFO [main] org.apache.catalina.startup.VersionLoggerListener.log Command line argument: --add-opens=java.base/java.util=ALL-UNNAMED
29-Aug-2025 19:40:59.505 INFO [main] org.apache.catalina.startup.VersionLoggerListener.log Command line argument: --add-opens=java.base/java.util.concurrent=ALL-UNNAMED
29-Aug-2025 19:40:59.505 INFO [main] org.apache.catalina.startup.VersionLoggerListener.log Command line argument: --add-opens=java.rmi/sun.rmi.transport=ALL-UNNAMED
29-Aug-2025 19:40:59.505 INFO [main] org.apache.catalina.startup.VersionLoggerListener.log Command line argument: -Dcatalina.home=G:\ICBT\1st_Semester\PROGRAMMING\apache-tomcat-9.0.98\apache-tomcat-9.0.98
29-Aug-2025 19:40:59.506 INFO [main] org.apache.catalina.startup.VersionLoggerListener.log Command line argument: -Dcatalina.base=D:\PahanaeduBookshop\PahanaeduBookshop
29-Aug-2025 19:40:59.507 INFO [main] org.apache.catalina.startup.VersionLoggerListener.log Command line argument: -Djava.io.tmpdir=D:\PahanaeduBookshop\PahanaeduBookshop\temp
29-Aug-2025 19:40:59.507 INFO [main] org.apache.catalina.startup.VersionLoggerListener.log Command line argument: -Djava.util.logging.config.file=D:\PahanaeduBookshop\PahanaeduBookshop\conf\logging.properties
29-Aug-2025 19:40:59.507 INFO [main] org.apache.catalina.startup.VersionLoggerListener.log Command line argument: -Djava.util.logging.manager=org.apache.juli.ClassLoaderLogManager
29-Aug-2025 19:40:59.507 INFO [main] org.apache.catalina.startup.VersionLoggerListener.log Command line argument: -javaagent:C:\Program Files\JetBrains\IntelliJ IDEA Community Edition 2024.3.1.1\lib\idea_rt.jar=56237:C:\Program Files\JetBrains\IntelliJ IDEA Community Edition 2024.3.1.1\bin
29-Aug-2025 19:40:59.507 INFO [main] org.apache.catalina.startup.VersionLoggerListener.log Command line argument: -Dfile.encoding=UTF-8
29-Aug-2025 19:40:59.960 INFO [main] org.apache.catalina.core.AprLifecycleListener.lifecycleEvent Loaded Apache Tomcat Native library [1.3.1] using APR version [1.7.4].
29-Aug-2025 19:40:59.961 INFO [main] org.apache.catalina.core.AprLifecycleListener.lifecycleEvent APR capabilities: IPv6 [true], sendfile [true], accept filters [false], random [true], UDS [true].
29-Aug-2025 19:40:59.961 INFO [main] org.apache.catalina.core.AprLifecycleListener.lifecycleEvent APR/OpenSSL configuration: useAprConnector [false], useOpenSSL [true]
29-Aug-2025 19:41:01.249 INFO [main] org.apache.catalina.core.AprLifecycleListener.initializeSSL OpenSSL successfully initialized [OpenSSL 3.0.14 4 Jun 2024]
29-Aug-2025 19:41:01.892 INFO [main] org.apache.coyote.AbstractProtocol.init Initializing ProtocolHandler ["http-nio-8005"]
29-Aug-2025 19:41:02.089 INFO [main] org.apache.catalina.startup.Catalina.load Server initialization in [6209] milliseconds
29-Aug-2025 19:41:02.260 INFO [main] org.apache.catalina.core.StandardService.startInternal Starting service [Catalina]
29-Aug-2025 19:41:02.260 INFO [main] org.apache.catalina.core.StandardEngine.startInternal Starting Servlet engine: [Apache Tomcat/9.0.98]
29-Aug-2025 19:41:02.307 INFO [main] org.apache.catalina.startup.HostConfig.deployDescriptor Deploying deployment descriptor [D:\PahanaeduBookshop\PahanaeduBookshop\conf\Catalina\localhost\PahanaeduBookshop.xml]
29-Aug-2025 19:41:05.115 INFO [main] org.apache.jasper.servlet.TldScanner.scanJars At least one JAR was scanned for TLDs yet contained no TLDs. Enable debug logging for this logger for a complete list of JARs that were scanned but no TLDs were found in them. Skipping unneeded JARs during scanning can improve startup time and JSP compilation time.
29-Aug-2025 19:41:05.627 WARNING [main] org.apache.catalina.util.SessionIdGeneratorBase.createSecureRandom Creation of SecureRandom instance for session ID generation using [SHA1PRNG] took [127] milliseconds.
29-Aug-2025 19:41:05.814 INFO [main] org.apache.catalina.startup.HostConfig.deployDescriptor Deployment of deployment descriptor [D:\PahanaeduBookshop\PahanaeduBookshop\conf\Catalina\localhost\PahanaeduBookshop.xml] has finished in [3,506] ms
29-Aug-2025 19:41:05.822 INFO [main] org.apache.coyote.AbstractProtocol.start Starting ProtocolHandler ["http-nio-8005"]
29-Aug-2025 19:41:06.105 INFO [main] org.apache.catalina.startup.Catalina.start Server startup in [4014] milliseconds
29-Aug-2025 19:47:24.993 INFO [Thread-1] org.apache.coyote.AbstractProtocol.pause Pausing ProtocolHandler ["http-nio-8005"]
29-Aug-2025 19:47:25.190 INFO [Thread-1] org.apache.catalina.core.StandardService.stopInternal Stopping service [Catalina]
29-Aug-2025 19:47:25.202 WARNING [Thread-1] org.apache.catalina.loader.WebappClassLoaderBase.clearReferencesJdbc The web application [PahanaeduBookshop] registered the JDBC driver [com.mysql.cj.jdbc.Driver] but failed to unregister it when the web application was stopped. To prevent a memory leak, the JDBC Driver has been forcibly unregistered.
29-Aug-2025 19:47:25.203 WARNING [Thread-1] org.apache.catalina.loader.WebappClassLoaderBase.clearReferencesThreads The web application [PahanaeduBookshop] appears to have started a thread named [mysql-cj-abandoned-connection-cleanup] but has failed to stop it. This is very likely to create a memory leak. Stack trace of thread:
 java.base@17.0.2/java.lang.Object.wait(Native Method)
 java.base@17.0.2/java.lang.ref.ReferenceQueue.remove(ReferenceQueue.java:155)
 com.mysql.cj.jdbc.AbandonedConnectionCleanupThread.run(AbandonedConnectionCleanupThread.java:91)
 java.base@17.0.2/java.util.concurrent.ThreadPoolExecutor.runWorker(ThreadPoolExecutor.java:1136)
 java.base@17.0.2/java.util.concurrent.ThreadPoolExecutor$Worker.run(ThreadPoolExecutor.java:635)
 java.base@17.0.2/java.lang.Thread.run(Thread.java:833)
29-Aug-2025 19:47:25.216 INFO [Thread-1] org.apache.coyote.AbstractProtocol.stop Stopping ProtocolHandler ["http-nio-8005"]
29-Aug-2025 19:47:25.225 INFO [Thread-1] org.apache.coyote.AbstractProtocol.destroy Destroying ProtocolHandler ["http-nio-8005"]
29-Aug-2025 19:47:25.257 INFO [mysql-cj-abandoned-connection-cleanup] org.apache.catalina.loader.WebappClassLoaderBase.checkStateForResourceLoading Illegal access: this web application instance has been stopped already. Could not load []. The following stack trace is thrown for debugging purposes as well as to attempt to terminate the thread which caused the illegal access.
	java.lang.IllegalStateException: Illegal access: this web application instance has been stopped already. Could not load []. The following stack trace is thrown for debugging purposes as well as to attempt to terminate the thread which caused the illegal access.
		at org.apache.catalina.loader.WebappClassLoaderBase.checkStateForResourceLoading(WebappClassLoaderBase.java:1369)
		at org.apache.catalina.loader.WebappClassLoaderBase.getResource(WebappClassLoaderBase.java:995)
		at com.mysql.cj.jdbc.AbandonedConnectionCleanupThread.checkThreadContextClassLoader(AbandonedConnectionCleanupThread.java:123)
		at com.mysql.cj.jdbc.AbandonedConnectionCleanupThread.run(AbandonedConnectionCleanupThread.java:90)
		at java.base/java.util.concurrent.ThreadPoolExecutor.runWorker(ThreadPoolExecutor.java:1136)
		at java.base/java.util.concurrent.ThreadPoolExecutor$Worker.run(ThreadPoolExecutor.java:635)
		at java.base/java.lang.Thread.run(Thread.java:833)
29-Aug-2025 19:47:56.651 INFO [main] org.apache.catalina.startup.VersionLoggerListener.log Server version name:   Apache Tomcat/9.0.98
29-Aug-2025 19:47:56.656 INFO [main] org.apache.catalina.startup.VersionLoggerListener.log Server built:          Dec 5 2024 19:50:29 UTC
29-Aug-2025 19:47:56.656 INFO [main] org.apache.catalina.startup.VersionLoggerListener.log Server version number: 9.0.98.0
29-Aug-2025 19:47:56.656 INFO [main] org.apache.catalina.startup.VersionLoggerListener.log OS Name:               Windows 10
29-Aug-2025 19:47:56.657 INFO [main] org.apache.catalina.startup.VersionLoggerListener.log OS Version:            10.0
29-Aug-2025 19:47:56.657 INFO [main] org.apache.catalina.startup.VersionLoggerListener.log Architecture:          amd64
29-Aug-2025 19:47:56.657 INFO [main] org.apache.catalina.startup.VersionLoggerListener.log Java Home:             C:\Program Files\Java\jdk-17.0.2
29-Aug-2025 19:47:56.657 INFO [main] org.apache.catalina.startup.VersionLoggerListener.log JVM Version:           17.0.2+8-LTS-86
29-Aug-2025 19:47:56.657 INFO [main] org.apache.catalina.startup.VersionLoggerListener.log JVM Vendor:            Oracle Corporation
29-Aug-2025 19:47:56.658 INFO [main] org.apache.catalina.startup.VersionLoggerListener.log CATALINA_BASE:         D:\PahanaeduBookshop\PahanaeduBookshop
29-Aug-2025 19:47:56.658 INFO [main] org.apache.catalina.startup.VersionLoggerListener.log CATALINA_HOME:         G:\ICBT\1st_Semester\PROGRAMMING\apache-tomcat-9.0.98\apache-tomcat-9.0.98
29-Aug-2025 19:47:56.671 INFO [main] org.apache.catalina.startup.VersionLoggerListener.log Command line argument: --add-opens=java.base/java.lang=ALL-UNNAMED
29-Aug-2025 19:47:56.671 INFO [main] org.apache.catalina.startup.VersionLoggerListener.log Command line argument: --add-opens=java.base/java.io=ALL-UNNAMED
29-Aug-2025 19:47:56.671 INFO [main] org.apache.catalina.startup.VersionLoggerListener.log Command line argument: --add-opens=java.base/java.util=ALL-UNNAMED
29-Aug-2025 19:47:56.671 INFO [main] org.apache.catalina.startup.VersionLoggerListener.log Command line argument: --add-opens=java.base/java.util.concurrent=ALL-UNNAMED
29-Aug-2025 19:47:56.672 INFO [main] org.apache.catalina.startup.VersionLoggerListener.log Command line argument: --add-opens=java.rmi/sun.rmi.transport=ALL-UNNAMED
29-Aug-2025 19:47:56.672 INFO [main] org.apache.catalina.startup.VersionLoggerListener.log Command line argument: -Dcatalina.home=G:\ICBT\1st_Semester\PROGRAMMING\apache-tomcat-9.0.98\apache-tomcat-9.0.98
29-Aug-2025 19:47:56.672 INFO [main] org.apache.catalina.startup.VersionLoggerListener.log Command line argument: -Dcatalina.base=D:\PahanaeduBookshop\PahanaeduBookshop
29-Aug-2025 19:47:56.672 INFO [main] org.apache.catalina.startup.VersionLoggerListener.log Command line argument: -Djava.io.tmpdir=D:\PahanaeduBookshop\PahanaeduBookshop\temp
29-Aug-2025 19:47:56.672 INFO [main] org.apache.catalina.startup.VersionLoggerListener.log Command line argument: -Djava.util.logging.config.file=D:\PahanaeduBookshop\PahanaeduBookshop\conf\logging.properties
29-Aug-2025 19:47:56.672 INFO [main] org.apache.catalina.startup.VersionLoggerListener.log Command line argument: -Djava.util.logging.manager=org.apache.juli.ClassLoaderLogManager
29-Aug-2025 19:47:56.673 INFO [main] org.apache.catalina.startup.VersionLoggerListener.log Command line argument: -javaagent:C:\Program Files\JetBrains\IntelliJ IDEA Community Edition 2024.3.1.1\lib\idea_rt.jar=56287:C:\Program Files\JetBrains\IntelliJ IDEA Community Edition 2024.3.1.1\bin
29-Aug-2025 19:47:56.673 INFO [main] org.apache.catalina.startup.VersionLoggerListener.log Command line argument: -Dfile.encoding=UTF-8
29-Aug-2025 19:47:56.776 INFO [main] org.apache.catalina.core.AprLifecycleListener.lifecycleEvent Loaded Apache Tomcat Native library [1.3.1] using APR version [1.7.4].
29-Aug-2025 19:47:56.776 INFO [main] org.apache.catalina.core.AprLifecycleListener.lifecycleEvent APR capabilities: IPv6 [true], sendfile [true], accept filters [false], random [true], UDS [true].
29-Aug-2025 19:47:56.776 INFO [main] org.apache.catalina.core.AprLifecycleListener.lifecycleEvent APR/OpenSSL configuration: useAprConnector [false], useOpenSSL [true]
29-Aug-2025 19:47:56.867 INFO [main] org.apache.catalina.core.AprLifecycleListener.initializeSSL OpenSSL successfully initialized [OpenSSL 3.0.14 4 Jun 2024]
29-Aug-2025 19:47:57.309 INFO [main] org.apache.coyote.AbstractProtocol.init Initializing ProtocolHandler ["http-nio-8005"]
29-Aug-2025 19:47:57.339 INFO [main] org.apache.catalina.startup.Catalina.load Server initialization in [1035] milliseconds
29-Aug-2025 19:47:57.402 INFO [main] org.apache.catalina.core.StandardService.startInternal Starting service [Catalina]
29-Aug-2025 19:47:57.402 INFO [main] org.apache.catalina.core.StandardEngine.startInternal Starting Servlet engine: [Apache Tomcat/9.0.98]
29-Aug-2025 19:47:57.413 INFO [main] org.apache.catalina.startup.HostConfig.deployDescriptor Deploying deployment descriptor [D:\PahanaeduBookshop\PahanaeduBookshop\conf\Catalina\localhost\PahanaeduBookshop.xml]
29-Aug-2025 19:47:59.338 INFO [main] org.apache.jasper.servlet.TldScanner.scanJars At least one JAR was scanned for TLDs yet contained no TLDs. Enable debug logging for this logger for a complete list of JARs that were scanned but no TLDs were found in them. Skipping unneeded JARs during scanning can improve startup time and JSP compilation time.
29-Aug-2025 19:47:59.534 INFO [main] org.apache.catalina.startup.HostConfig.deployDescriptor Deployment of deployment descriptor [D:\PahanaeduBookshop\PahanaeduBookshop\conf\Catalina\localhost\PahanaeduBookshop.xml] has finished in [2,119] ms
29-Aug-2025 19:47:59.540 INFO [main] org.apache.coyote.AbstractProtocol.start Starting ProtocolHandler ["http-nio-8005"]
29-Aug-2025 19:47:59.595 INFO [main] org.apache.catalina.startup.Catalina.start Server startup in [2255] milliseconds
