21-Aug-2025 00:00:16.172 INFO [Thread-1] org.apache.coyote.AbstractProtocol.pause Pausing ProtocolHandler ["http-nio-8080"]
21-Aug-2025 00:00:19.987 INFO [Thread-1] org.apache.catalina.core.StandardService.stopInternal Stopping service [Catalina]
21-Aug-2025 00:00:33.684 WARNING [Thread-1] org.apache.catalina.loader.WebappClassLoaderBase.clearReferencesJdbc The web application [PahanaeduBookshop] registered the JDBC driver [com.mysql.cj.jdbc.Driver] but failed to unregister it when the web application was stopped. To prevent a memory leak, the JDBC Driver has been forcibly unregistered.
21-Aug-2025 00:00:34.005 WARNING [Thread-1] org.apache.catalina.loader.WebappClassLoaderBase.clearReferencesThreads The web application [PahanaeduBookshop] appears to have started a thread named [mysql-cj-abandoned-connection-cleanup] but has failed to stop it. This is very likely to create a memory leak. Stack trace of thread:
 java.base@17.0.2/java.lang.Object.wait(Native Method)
 java.base@17.0.2/java.lang.ref.ReferenceQueue.remove(ReferenceQueue.java:155)
 com.mysql.cj.jdbc.AbandonedConnectionCleanupThread.run(AbandonedConnectionCleanupThread.java:91)
 java.base@17.0.2/java.util.concurrent.ThreadPoolExecutor.runWorker(ThreadPoolExecutor.java:1136)
 java.base@17.0.2/java.util.concurrent.ThreadPoolExecutor$Worker.run(ThreadPoolExecutor.java:635)
 java.base@17.0.2/java.lang.Thread.run(Thread.java:833)
21-Aug-2025 00:00:38.190 INFO [Thread-1] org.apache.coyote.AbstractProtocol.stop Stopping ProtocolHandler ["http-nio-8080"]
21-Aug-2025 00:00:39.651 INFO [Thread-1] org.apache.coyote.AbstractProtocol.destroy Destroying ProtocolHandler ["http-nio-8080"]
21-Aug-2025 00:00:45.513 INFO [mysql-cj-abandoned-connection-cleanup] org.apache.catalina.loader.WebappClassLoaderBase.checkStateForResourceLoading Illegal access: this web application instance has been stopped already. Could not load []. The following stack trace is thrown for debugging purposes as well as to attempt to terminate the thread which caused the illegal access.
	java.lang.IllegalStateException: Illegal access: this web application instance has been stopped already. Could not load []. The following stack trace is thrown for debugging purposes as well as to attempt to terminate the thread which caused the illegal access.
		at org.apache.catalina.loader.WebappClassLoaderBase.checkStateForResourceLoading(WebappClassLoaderBase.java:1369)
		at org.apache.catalina.loader.WebappClassLoaderBase.getResource(WebappClassLoaderBase.java:995)
		at com.mysql.cj.jdbc.AbandonedConnectionCleanupThread.checkThreadContextClassLoader(AbandonedConnectionCleanupThread.java:123)
		at com.mysql.cj.jdbc.AbandonedConnectionCleanupThread.run(AbandonedConnectionCleanupThread.java:90)
		at java.base/java.util.concurrent.ThreadPoolExecutor.runWorker(ThreadPoolExecutor.java:1136)
		at java.base/java.util.concurrent.ThreadPoolExecutor$Worker.run(ThreadPoolExecutor.java:635)
		at java.base/java.lang.Thread.run(Thread.java:833)
21-Aug-2025 00:00:45.537 INFO [mysql-cj-abandoned-connection-cleanup] org.apache.catalina.loader.WebappClassLoaderBase.checkStateForResourceLoading Illegal access: this web application instance has been stopped already. Could not load []. The following stack trace is thrown for debugging purposes as well as to attempt to terminate the thread which caused the illegal access.
	java.lang.IllegalStateException: Illegal access: this web application instance has been stopped already. Could not load []. The following stack trace is thrown for debugging purposes as well as to attempt to terminate the thread which caused the illegal access.
		at org.apache.catalina.loader.WebappClassLoaderBase.checkStateForResourceLoading(WebappClassLoaderBase.java:1369)
		at org.apache.catalina.loader.WebappClassLoaderBase.getResource(WebappClassLoaderBase.java:995)
		at com.mysql.cj.jdbc.AbandonedConnectionCleanupThread.checkThreadContextClassLoader(AbandonedConnectionCleanupThread.java:123)
		at com.mysql.cj.jdbc.AbandonedConnectionCleanupThread.run(AbandonedConnectionCleanupThread.java:90)
		at java.base/java.util.concurrent.ThreadPoolExecutor.runWorker(ThreadPoolExecutor.java:1136)
		at java.base/java.util.concurrent.ThreadPoolExecutor$Worker.run(ThreadPoolExecutor.java:635)
		at java.base/java.lang.Thread.run(Thread.java:833)
21-Aug-2025 00:00:45.537 INFO [mysql-cj-abandoned-connection-cleanup] org.apache.catalina.loader.WebappClassLoaderBase.checkStateForResourceLoading Illegal access: this web application instance has been stopped already. Could not load []. The following stack trace is thrown for debugging purposes as well as to attempt to terminate the thread which caused the illegal access.
	java.lang.IllegalStateException: Illegal access: this web application instance has been stopped already. Could not load []. The following stack trace is thrown for debugging purposes as well as to attempt to terminate the thread which caused the illegal access.
		at org.apache.catalina.loader.WebappClassLoaderBase.checkStateForResourceLoading(WebappClassLoaderBase.java:1369)
		at org.apache.catalina.loader.WebappClassLoaderBase.getResource(WebappClassLoaderBase.java:995)
		at com.mysql.cj.jdbc.AbandonedConnectionCleanupThread.checkThreadContextClassLoader(AbandonedConnectionCleanupThread.java:123)
		at com.mysql.cj.jdbc.AbandonedConnectionCleanupThread.run(AbandonedConnectionCleanupThread.java:90)
		at java.base/java.util.concurrent.ThreadPoolExecutor.runWorker(ThreadPoolExecutor.java:1136)
		at java.base/java.util.concurrent.ThreadPoolExecutor$Worker.run(ThreadPoolExecutor.java:635)
		at java.base/java.lang.Thread.run(Thread.java:833)
21-Aug-2025 00:00:45.538 INFO [mysql-cj-abandoned-connection-cleanup] org.apache.catalina.loader.WebappClassLoaderBase.checkStateForResourceLoading Illegal access: this web application instance has been stopped already. Could not load []. The following stack trace is thrown for debugging purposes as well as to attempt to terminate the thread which caused the illegal access.
	java.lang.IllegalStateException: Illegal access: this web application instance has been stopped already. Could not load []. The following stack trace is thrown for debugging purposes as well as to attempt to terminate the thread which caused the illegal access.
		at org.apache.catalina.loader.WebappClassLoaderBase.checkStateForResourceLoading(WebappClassLoaderBase.java:1369)
		at org.apache.catalina.loader.WebappClassLoaderBase.getResource(WebappClassLoaderBase.java:995)
		at com.mysql.cj.jdbc.AbandonedConnectionCleanupThread.checkThreadContextClassLoader(AbandonedConnectionCleanupThread.java:123)
		at com.mysql.cj.jdbc.AbandonedConnectionCleanupThread.run(AbandonedConnectionCleanupThread.java:90)
		at java.base/java.util.concurrent.ThreadPoolExecutor.runWorker(ThreadPoolExecutor.java:1136)
		at java.base/java.util.concurrent.ThreadPoolExecutor$Worker.run(ThreadPoolExecutor.java:635)
		at java.base/java.lang.Thread.run(Thread.java:833)
21-Aug-2025 00:00:45.542 INFO [mysql-cj-abandoned-connection-cleanup] org.apache.catalina.loader.WebappClassLoaderBase.checkStateForResourceLoading Illegal access: this web application instance has been stopped already. Could not load []. The following stack trace is thrown for debugging purposes as well as to attempt to terminate the thread which caused the illegal access.
	java.lang.IllegalStateException: Illegal access: this web application instance has been stopped already. Could not load []. The following stack trace is thrown for debugging purposes as well as to attempt to terminate the thread which caused the illegal access.
		at org.apache.catalina.loader.WebappClassLoaderBase.checkStateForResourceLoading(WebappClassLoaderBase.java:1369)
		at org.apache.catalina.loader.WebappClassLoaderBase.getResource(WebappClassLoaderBase.java:995)
		at com.mysql.cj.jdbc.AbandonedConnectionCleanupThread.checkThreadContextClassLoader(AbandonedConnectionCleanupThread.java:123)
		at com.mysql.cj.jdbc.AbandonedConnectionCleanupThread.run(AbandonedConnectionCleanupThread.java:90)
		at java.base/java.util.concurrent.ThreadPoolExecutor.runWorker(ThreadPoolExecutor.java:1136)
		at java.base/java.util.concurrent.ThreadPoolExecutor$Worker.run(ThreadPoolExecutor.java:635)
		at java.base/java.lang.Thread.run(Thread.java:833)
21-Aug-2025 00:03:05.830 INFO [main] org.apache.catalina.startup.VersionLoggerListener.log Server version name:   Apache Tomcat/9.0.98
21-Aug-2025 00:03:05.835 INFO [main] org.apache.catalina.startup.VersionLoggerListener.log Server built:          Dec 5 2024 19:50:29 UTC
21-Aug-2025 00:03:05.835 INFO [main] org.apache.catalina.startup.VersionLoggerListener.log Server version number: 9.0.98.0
21-Aug-2025 00:03:05.835 INFO [main] org.apache.catalina.startup.VersionLoggerListener.log OS Name:               Windows 10
21-Aug-2025 00:03:05.835 INFO [main] org.apache.catalina.startup.VersionLoggerListener.log OS Version:            10.0
21-Aug-2025 00:03:05.835 INFO [main] org.apache.catalina.startup.VersionLoggerListener.log Architecture:          amd64
21-Aug-2025 00:03:05.836 INFO [main] org.apache.catalina.startup.VersionLoggerListener.log Java Home:             C:\Program Files\Java\jdk-17.0.2
21-Aug-2025 00:03:05.836 INFO [main] org.apache.catalina.startup.VersionLoggerListener.log JVM Version:           17.0.2+8-LTS-86
21-Aug-2025 00:03:05.836 INFO [main] org.apache.catalina.startup.VersionLoggerListener.log JVM Vendor:            Oracle Corporation
21-Aug-2025 00:03:05.836 INFO [main] org.apache.catalina.startup.VersionLoggerListener.log CATALINA_BASE:         D:\PahanaeduBookshop
21-Aug-2025 00:03:05.836 INFO [main] org.apache.catalina.startup.VersionLoggerListener.log CATALINA_HOME:         G:\ICBT\1st_Semester\PROGRAMMING\apache-tomcat-9.0.98\apache-tomcat-9.0.98
21-Aug-2025 00:03:05.850 INFO [main] org.apache.catalina.startup.VersionLoggerListener.log Command line argument: --add-opens=java.base/java.lang=ALL-UNNAMED
21-Aug-2025 00:03:05.850 INFO [main] org.apache.catalina.startup.VersionLoggerListener.log Command line argument: --add-opens=java.base/java.io=ALL-UNNAMED
21-Aug-2025 00:03:05.850 INFO [main] org.apache.catalina.startup.VersionLoggerListener.log Command line argument: --add-opens=java.base/java.util=ALL-UNNAMED
21-Aug-2025 00:03:05.851 INFO [main] org.apache.catalina.startup.VersionLoggerListener.log Command line argument: --add-opens=java.base/java.util.concurrent=ALL-UNNAMED
21-Aug-2025 00:03:05.851 INFO [main] org.apache.catalina.startup.VersionLoggerListener.log Command line argument: --add-opens=java.rmi/sun.rmi.transport=ALL-UNNAMED
21-Aug-2025 00:03:05.851 INFO [main] org.apache.catalina.startup.VersionLoggerListener.log Command line argument: -Dcatalina.home=G:\ICBT\1st_Semester\PROGRAMMING\apache-tomcat-9.0.98\apache-tomcat-9.0.98
21-Aug-2025 00:03:05.851 INFO [main] org.apache.catalina.startup.VersionLoggerListener.log Command line argument: -Dcatalina.base=D:\PahanaeduBookshop
21-Aug-2025 00:03:05.851 INFO [main] org.apache.catalina.startup.VersionLoggerListener.log Command line argument: -Djava.io.tmpdir=D:\PahanaeduBookshop\temp
21-Aug-2025 00:03:05.851 INFO [main] org.apache.catalina.startup.VersionLoggerListener.log Command line argument: -Djava.util.logging.config.file=D:\PahanaeduBookshop\conf\logging.properties
21-Aug-2025 00:03:05.852 INFO [main] org.apache.catalina.startup.VersionLoggerListener.log Command line argument: -Djava.util.logging.manager=org.apache.juli.ClassLoaderLogManager
21-Aug-2025 00:03:05.852 INFO [main] org.apache.catalina.startup.VersionLoggerListener.log Command line argument: -javaagent:C:\Program Files\JetBrains\IntelliJ IDEA Community Edition 2024.3.1.1\lib\idea_rt.jar=58972:C:\Program Files\JetBrains\IntelliJ IDEA Community Edition 2024.3.1.1\bin
21-Aug-2025 00:03:05.852 INFO [main] org.apache.catalina.startup.VersionLoggerListener.log Command line argument: -Dfile.encoding=UTF-8
21-Aug-2025 00:03:13.215 INFO [main] org.apache.catalina.core.AprLifecycleListener.lifecycleEvent Loaded Apache Tomcat Native library [1.3.1] using APR version [1.7.4].
21-Aug-2025 00:03:13.216 INFO [main] org.apache.catalina.core.AprLifecycleListener.lifecycleEvent APR capabilities: IPv6 [true], sendfile [true], accept filters [false], random [true], UDS [true].
21-Aug-2025 00:03:13.217 INFO [main] org.apache.catalina.core.AprLifecycleListener.lifecycleEvent APR/OpenSSL configuration: useAprConnector [false], useOpenSSL [true]
21-Aug-2025 00:03:16.127 INFO [main] org.apache.catalina.core.AprLifecycleListener.initializeSSL OpenSSL successfully initialized [OpenSSL 3.0.14 4 Jun 2024]
21-Aug-2025 00:03:17.456 INFO [main] org.apache.coyote.AbstractProtocol.init Initializing ProtocolHandler ["http-nio-8080"]
21-Aug-2025 00:03:17.694 INFO [main] org.apache.catalina.startup.Catalina.load Server initialization in [15243] milliseconds
21-Aug-2025 00:03:18.093 INFO [main] org.apache.catalina.core.StandardService.startInternal Starting service [Catalina]
21-Aug-2025 00:03:18.094 INFO [main] org.apache.catalina.core.StandardEngine.startInternal Starting Servlet engine: [Apache Tomcat/9.0.98]
21-Aug-2025 00:03:18.156 INFO [main] org.apache.catalina.startup.HostConfig.deployDescriptor Deploying deployment descriptor [D:\PahanaeduBookshop\conf\Catalina\localhost\PahanaeduBookshop.xml]
21-Aug-2025 00:03:25.939 INFO [main] org.apache.jasper.servlet.TldScanner.scanJars At least one JAR was scanned for TLDs yet contained no TLDs. Enable debug logging for this logger for a complete list of JARs that were scanned but no TLDs were found in them. Skipping unneeded JARs during scanning can improve startup time and JSP compilation time.
21-Aug-2025 00:03:26.779 WARNING [main] org.apache.catalina.util.SessionIdGeneratorBase.createSecureRandom Creation of SecureRandom instance for session ID generation using [SHA1PRNG] took [161] milliseconds.
21-Aug-2025 00:03:27.333 INFO [main] org.apache.catalina.startup.HostConfig.deployDescriptor Deployment of deployment descriptor [D:\PahanaeduBookshop\conf\Catalina\localhost\PahanaeduBookshop.xml] has finished in [9,176] ms
21-Aug-2025 00:03:27.341 INFO [main] org.apache.coyote.AbstractProtocol.start Starting ProtocolHandler ["http-nio-8080"]
21-Aug-2025 00:03:27.820 INFO [main] org.apache.catalina.startup.Catalina.start Server startup in [10125] milliseconds
21-Aug-2025 00:57:13.200 INFO [Thread-1] org.apache.coyote.AbstractProtocol.pause Pausing ProtocolHandler ["http-nio-8080"]
21-Aug-2025 00:57:17.533 INFO [Thread-1] org.apache.catalina.core.StandardService.stopInternal Stopping service [Catalina]
21-Aug-2025 00:57:27.223 WARNING [Thread-1] org.apache.catalina.loader.WebappClassLoaderBase.clearReferencesJdbc The web application [PahanaeduBookshop] registered the JDBC driver [com.mysql.cj.jdbc.Driver] but failed to unregister it when the web application was stopped. To prevent a memory leak, the JDBC Driver has been forcibly unregistered.
21-Aug-2025 00:57:27.373 WARNING [Thread-1] org.apache.catalina.loader.WebappClassLoaderBase.clearReferencesThreads The web application [PahanaeduBookshop] appears to have started a thread named [mysql-cj-abandoned-connection-cleanup] but has failed to stop it. This is very likely to create a memory leak. Stack trace of thread:
 java.base@17.0.2/java.lang.Object.wait(Native Method)
 java.base@17.0.2/java.lang.ref.ReferenceQueue.remove(ReferenceQueue.java:155)
 com.mysql.cj.jdbc.AbandonedConnectionCleanupThread.run(AbandonedConnectionCleanupThread.java:91)
 java.base@17.0.2/java.util.concurrent.ThreadPoolExecutor.runWorker(ThreadPoolExecutor.java:1136)
 java.base@17.0.2/java.util.concurrent.ThreadPoolExecutor$Worker.run(ThreadPoolExecutor.java:635)
 java.base@17.0.2/java.lang.Thread.run(Thread.java:833)
21-Aug-2025 00:57:31.776 INFO [Thread-1] org.apache.coyote.AbstractProtocol.stop Stopping ProtocolHandler ["http-nio-8080"]
21-Aug-2025 00:57:32.444 WARNING [Thread-1] org.apache.tomcat.util.net.Acceptor.stopMillis The acceptor thread [http-nio-8080-Acceptor] did not stop cleanly
21-Aug-2025 00:57:33.353 INFO [Thread-1] org.apache.coyote.AbstractProtocol.destroy Destroying ProtocolHandler ["http-nio-8080"]
21-Aug-2025 00:57:41.703 INFO [mysql-cj-abandoned-connection-cleanup] org.apache.catalina.loader.WebappClassLoaderBase.checkStateForResourceLoading Illegal access: this web application instance has been stopped already. Could not load []. The following stack trace is thrown for debugging purposes as well as to attempt to terminate the thread which caused the illegal access.
	java.lang.IllegalStateException: Illegal access: this web application instance has been stopped already. Could not load []. The following stack trace is thrown for debugging purposes as well as to attempt to terminate the thread which caused the illegal access.
		at org.apache.catalina.loader.WebappClassLoaderBase.checkStateForResourceLoading(WebappClassLoaderBase.java:1369)
		at org.apache.catalina.loader.WebappClassLoaderBase.getResource(WebappClassLoaderBase.java:995)
		at com.mysql.cj.jdbc.AbandonedConnectionCleanupThread.checkThreadContextClassLoader(AbandonedConnectionCleanupThread.java:123)
		at com.mysql.cj.jdbc.AbandonedConnectionCleanupThread.run(AbandonedConnectionCleanupThread.java:90)
		at java.base/java.util.concurrent.ThreadPoolExecutor.runWorker(ThreadPoolExecutor.java:1136)
		at java.base/java.util.concurrent.ThreadPoolExecutor$Worker.run(ThreadPoolExecutor.java:635)
		at java.base/java.lang.Thread.run(Thread.java:833)
21-Aug-2025 00:57:41.723 INFO [mysql-cj-abandoned-connection-cleanup] org.apache.catalina.loader.WebappClassLoaderBase.checkStateForResourceLoading Illegal access: this web application instance has been stopped already. Could not load []. The following stack trace is thrown for debugging purposes as well as to attempt to terminate the thread which caused the illegal access.
	java.lang.IllegalStateException: Illegal access: this web application instance has been stopped already. Could not load []. The following stack trace is thrown for debugging purposes as well as to attempt to terminate the thread which caused the illegal access.
		at org.apache.catalina.loader.WebappClassLoaderBase.checkStateForResourceLoading(WebappClassLoaderBase.java:1369)
		at org.apache.catalina.loader.WebappClassLoaderBase.getResource(WebappClassLoaderBase.java:995)
		at com.mysql.cj.jdbc.AbandonedConnectionCleanupThread.checkThreadContextClassLoader(AbandonedConnectionCleanupThread.java:123)
		at com.mysql.cj.jdbc.AbandonedConnectionCleanupThread.run(AbandonedConnectionCleanupThread.java:90)
		at java.base/java.util.concurrent.ThreadPoolExecutor.runWorker(ThreadPoolExecutor.java:1136)
		at java.base/java.util.concurrent.ThreadPoolExecutor$Worker.run(ThreadPoolExecutor.java:635)
		at java.base/java.lang.Thread.run(Thread.java:833)
21-Aug-2025 00:57:41.723 INFO [mysql-cj-abandoned-connection-cleanup] org.apache.catalina.loader.WebappClassLoaderBase.checkStateForResourceLoading Illegal access: this web application instance has been stopped already. Could not load []. The following stack trace is thrown for debugging purposes as well as to attempt to terminate the thread which caused the illegal access.
	java.lang.IllegalStateException: Illegal access: this web application instance has been stopped already. Could not load []. The following stack trace is thrown for debugging purposes as well as to attempt to terminate the thread which caused the illegal access.
		at org.apache.catalina.loader.WebappClassLoaderBase.checkStateForResourceLoading(WebappClassLoaderBase.java:1369)
		at org.apache.catalina.loader.WebappClassLoaderBase.getResource(WebappClassLoaderBase.java:995)
		at com.mysql.cj.jdbc.AbandonedConnectionCleanupThread.checkThreadContextClassLoader(AbandonedConnectionCleanupThread.java:123)
		at com.mysql.cj.jdbc.AbandonedConnectionCleanupThread.run(AbandonedConnectionCleanupThread.java:90)
		at java.base/java.util.concurrent.ThreadPoolExecutor.runWorker(ThreadPoolExecutor.java:1136)
		at java.base/java.util.concurrent.ThreadPoolExecutor$Worker.run(ThreadPoolExecutor.java:635)
		at java.base/java.lang.Thread.run(Thread.java:833)
21-Aug-2025 00:57:41.724 INFO [mysql-cj-abandoned-connection-cleanup] org.apache.catalina.loader.WebappClassLoaderBase.checkStateForResourceLoading Illegal access: this web application instance has been stopped already. Could not load []. The following stack trace is thrown for debugging purposes as well as to attempt to terminate the thread which caused the illegal access.
	java.lang.IllegalStateException: Illegal access: this web application instance has been stopped already. Could not load []. The following stack trace is thrown for debugging purposes as well as to attempt to terminate the thread which caused the illegal access.
		at org.apache.catalina.loader.WebappClassLoaderBase.checkStateForResourceLoading(WebappClassLoaderBase.java:1369)
		at org.apache.catalina.loader.WebappClassLoaderBase.getResource(WebappClassLoaderBase.java:995)
		at com.mysql.cj.jdbc.AbandonedConnectionCleanupThread.checkThreadContextClassLoader(AbandonedConnectionCleanupThread.java:123)
		at com.mysql.cj.jdbc.AbandonedConnectionCleanupThread.run(AbandonedConnectionCleanupThread.java:90)
		at java.base/java.util.concurrent.ThreadPoolExecutor.runWorker(ThreadPoolExecutor.java:1136)
		at java.base/java.util.concurrent.ThreadPoolExecutor$Worker.run(ThreadPoolExecutor.java:635)
		at java.base/java.lang.Thread.run(Thread.java:833)
21-Aug-2025 00:58:38.374 INFO [main] org.apache.catalina.startup.VersionLoggerListener.log Server version name:   Apache Tomcat/9.0.98
21-Aug-2025 00:58:38.388 INFO [main] org.apache.catalina.startup.VersionLoggerListener.log Server built:          Dec 5 2024 19:50:29 UTC
21-Aug-2025 00:58:38.389 INFO [main] org.apache.catalina.startup.VersionLoggerListener.log Server version number: 9.0.98.0
21-Aug-2025 00:58:38.389 INFO [main] org.apache.catalina.startup.VersionLoggerListener.log OS Name:               Windows 10
21-Aug-2025 00:58:38.390 INFO [main] org.apache.catalina.startup.VersionLoggerListener.log OS Version:            10.0
21-Aug-2025 00:58:38.390 INFO [main] org.apache.catalina.startup.VersionLoggerListener.log Architecture:          amd64
21-Aug-2025 00:58:38.391 INFO [main] org.apache.catalina.startup.VersionLoggerListener.log Java Home:             C:\Program Files\Java\jdk-17.0.2
21-Aug-2025 00:58:38.391 INFO [main] org.apache.catalina.startup.VersionLoggerListener.log JVM Version:           17.0.2+8-LTS-86
21-Aug-2025 00:58:38.392 INFO [main] org.apache.catalina.startup.VersionLoggerListener.log JVM Vendor:            Oracle Corporation
21-Aug-2025 00:58:38.392 INFO [main] org.apache.catalina.startup.VersionLoggerListener.log CATALINA_BASE:         D:\PahanaeduBookshop
21-Aug-2025 00:58:38.393 INFO [main] org.apache.catalina.startup.VersionLoggerListener.log CATALINA_HOME:         G:\ICBT\1st_Semester\PROGRAMMING\apache-tomcat-9.0.98\apache-tomcat-9.0.98
21-Aug-2025 00:58:38.419 INFO [main] org.apache.catalina.startup.VersionLoggerListener.log Command line argument: --add-opens=java.base/java.lang=ALL-UNNAMED
21-Aug-2025 00:58:38.420 INFO [main] org.apache.catalina.startup.VersionLoggerListener.log Command line argument: --add-opens=java.base/java.io=ALL-UNNAMED
21-Aug-2025 00:58:38.420 INFO [main] org.apache.catalina.startup.VersionLoggerListener.log Command line argument: --add-opens=java.base/java.util=ALL-UNNAMED
21-Aug-2025 00:58:38.421 INFO [main] org.apache.catalina.startup.VersionLoggerListener.log Command line argument: --add-opens=java.base/java.util.concurrent=ALL-UNNAMED
21-Aug-2025 00:58:38.421 INFO [main] org.apache.catalina.startup.VersionLoggerListener.log Command line argument: --add-opens=java.rmi/sun.rmi.transport=ALL-UNNAMED
21-Aug-2025 00:58:38.421 INFO [main] org.apache.catalina.startup.VersionLoggerListener.log Command line argument: -Dcatalina.home=G:\ICBT\1st_Semester\PROGRAMMING\apache-tomcat-9.0.98\apache-tomcat-9.0.98
21-Aug-2025 00:58:38.422 INFO [main] org.apache.catalina.startup.VersionLoggerListener.log Command line argument: -Dcatalina.base=D:\PahanaeduBookshop
21-Aug-2025 00:58:38.422 INFO [main] org.apache.catalina.startup.VersionLoggerListener.log Command line argument: -Djava.io.tmpdir=D:\PahanaeduBookshop\temp
21-Aug-2025 00:58:38.423 INFO [main] org.apache.catalina.startup.VersionLoggerListener.log Command line argument: -Djava.util.logging.config.file=D:\PahanaeduBookshop\conf\logging.properties
21-Aug-2025 00:58:38.423 INFO [main] org.apache.catalina.startup.VersionLoggerListener.log Command line argument: -Djava.util.logging.manager=org.apache.juli.ClassLoaderLogManager
21-Aug-2025 00:58:38.423 INFO [main] org.apache.catalina.startup.VersionLoggerListener.log Command line argument: -javaagent:C:\Program Files\JetBrains\IntelliJ IDEA Community Edition 2024.3.1.1\lib\idea_rt.jar=64922:C:\Program Files\JetBrains\IntelliJ IDEA Community Edition 2024.3.1.1\bin
21-Aug-2025 00:58:38.423 INFO [main] org.apache.catalina.startup.VersionLoggerListener.log Command line argument: -Dfile.encoding=UTF-8
21-Aug-2025 00:58:38.866 INFO [main] org.apache.catalina.core.AprLifecycleListener.lifecycleEvent Loaded Apache Tomcat Native library [1.3.1] using APR version [1.7.4].
21-Aug-2025 00:58:38.867 INFO [main] org.apache.catalina.core.AprLifecycleListener.lifecycleEvent APR capabilities: IPv6 [true], sendfile [true], accept filters [false], random [true], UDS [true].
21-Aug-2025 00:58:38.867 INFO [main] org.apache.catalina.core.AprLifecycleListener.lifecycleEvent APR/OpenSSL configuration: useAprConnector [false], useOpenSSL [true]
21-Aug-2025 00:58:41.570 INFO [main] org.apache.catalina.core.AprLifecycleListener.initializeSSL OpenSSL successfully initialized [OpenSSL 3.0.14 4 Jun 2024]
21-Aug-2025 00:58:42.853 INFO [main] org.apache.coyote.AbstractProtocol.init Initializing ProtocolHandler ["http-nio-8080"]
21-Aug-2025 00:58:43.136 INFO [main] org.apache.catalina.startup.Catalina.load Server initialization in [8744] milliseconds
21-Aug-2025 00:58:43.529 INFO [main] org.apache.catalina.core.StandardService.startInternal Starting service [Catalina]
21-Aug-2025 00:58:43.531 INFO [main] org.apache.catalina.core.StandardEngine.startInternal Starting Servlet engine: [Apache Tomcat/9.0.98]
21-Aug-2025 00:58:43.599 INFO [main] org.apache.catalina.startup.HostConfig.deployDescriptor Deploying deployment descriptor [D:\PahanaeduBookshop\conf\Catalina\localhost\PahanaeduBookshop.xml]
21-Aug-2025 00:58:49.016 INFO [main] org.apache.jasper.servlet.TldScanner.scanJars At least one JAR was scanned for TLDs yet contained no TLDs. Enable debug logging for this logger for a complete list of JARs that were scanned but no TLDs were found in them. Skipping unneeded JARs during scanning can improve startup time and JSP compilation time.
21-Aug-2025 00:58:49.386 INFO [main] org.apache.catalina.startup.HostConfig.deployDescriptor Deployment of deployment descriptor [D:\PahanaeduBookshop\conf\Catalina\localhost\PahanaeduBookshop.xml] has finished in [5,787] ms
21-Aug-2025 00:58:49.390 INFO [main] org.apache.coyote.AbstractProtocol.start Starting ProtocolHandler ["http-nio-8080"]
21-Aug-2025 00:58:49.677 INFO [main] org.apache.catalina.startup.Catalina.start Server startup in [6539] milliseconds
21-Aug-2025 01:03:49.243 INFO [Thread-1] org.apache.coyote.AbstractProtocol.pause Pausing ProtocolHandler ["http-nio-8080"]
21-Aug-2025 01:03:49.425 INFO [Thread-1] org.apache.catalina.core.StandardService.stopInternal Stopping service [Catalina]
21-Aug-2025 01:03:49.443 WARNING [Thread-1] org.apache.catalina.loader.WebappClassLoaderBase.clearReferencesJdbc The web application [PahanaeduBookshop] registered the JDBC driver [com.mysql.cj.jdbc.Driver] but failed to unregister it when the web application was stopped. To prevent a memory leak, the JDBC Driver has been forcibly unregistered.
21-Aug-2025 01:03:49.444 WARNING [Thread-1] org.apache.catalina.loader.WebappClassLoaderBase.clearReferencesThreads The web application [PahanaeduBookshop] appears to have started a thread named [mysql-cj-abandoned-connection-cleanup] but has failed to stop it. This is very likely to create a memory leak. Stack trace of thread:
 java.base@17.0.2/java.lang.Object.wait(Native Method)
 java.base@17.0.2/java.lang.ref.ReferenceQueue.remove(ReferenceQueue.java:155)
 com.mysql.cj.jdbc.AbandonedConnectionCleanupThread.run(AbandonedConnectionCleanupThread.java:91)
 java.base@17.0.2/java.util.concurrent.ThreadPoolExecutor.runWorker(ThreadPoolExecutor.java:1136)
 java.base@17.0.2/java.util.concurrent.ThreadPoolExecutor$Worker.run(ThreadPoolExecutor.java:635)
 java.base@17.0.2/java.lang.Thread.run(Thread.java:833)
21-Aug-2025 01:03:49.460 INFO [Thread-1] org.apache.coyote.AbstractProtocol.stop Stopping ProtocolHandler ["http-nio-8080"]
21-Aug-2025 01:03:49.479 INFO [Thread-1] org.apache.coyote.AbstractProtocol.destroy Destroying ProtocolHandler ["http-nio-8080"]
21-Aug-2025 01:03:49.524 INFO [mysql-cj-abandoned-connection-cleanup] org.apache.catalina.loader.WebappClassLoaderBase.checkStateForResourceLoading Illegal access: this web application instance has been stopped already. Could not load []. The following stack trace is thrown for debugging purposes as well as to attempt to terminate the thread which caused the illegal access.
	java.lang.IllegalStateException: Illegal access: this web application instance has been stopped already. Could not load []. The following stack trace is thrown for debugging purposes as well as to attempt to terminate the thread which caused the illegal access.
		at org.apache.catalina.loader.WebappClassLoaderBase.checkStateForResourceLoading(WebappClassLoaderBase.java:1369)
		at org.apache.catalina.loader.WebappClassLoaderBase.getResource(WebappClassLoaderBase.java:995)
		at com.mysql.cj.jdbc.AbandonedConnectionCleanupThread.checkThreadContextClassLoader(AbandonedConnectionCleanupThread.java:123)
		at com.mysql.cj.jdbc.AbandonedConnectionCleanupThread.run(AbandonedConnectionCleanupThread.java:90)
		at java.base/java.util.concurrent.ThreadPoolExecutor.runWorker(ThreadPoolExecutor.java:1136)
		at java.base/java.util.concurrent.ThreadPoolExecutor$Worker.run(ThreadPoolExecutor.java:635)
		at java.base/java.lang.Thread.run(Thread.java:833)
21-Aug-2025 01:03:49.527 INFO [mysql-cj-abandoned-connection-cleanup] org.apache.catalina.loader.WebappClassLoaderBase.checkStateForResourceLoading Illegal access: this web application instance has been stopped already. Could not load []. The following stack trace is thrown for debugging purposes as well as to attempt to terminate the thread which caused the illegal access.
	java.lang.IllegalStateException: Illegal access: this web application instance has been stopped already. Could not load []. The following stack trace is thrown for debugging purposes as well as to attempt to terminate the thread which caused the illegal access.
		at org.apache.catalina.loader.WebappClassLoaderBase.checkStateForResourceLoading(WebappClassLoaderBase.java:1369)
		at org.apache.catalina.loader.WebappClassLoaderBase.getResource(WebappClassLoaderBase.java:995)
		at com.mysql.cj.jdbc.AbandonedConnectionCleanupThread.checkThreadContextClassLoader(AbandonedConnectionCleanupThread.java:123)
		at com.mysql.cj.jdbc.AbandonedConnectionCleanupThread.run(AbandonedConnectionCleanupThread.java:90)
		at java.base/java.util.concurrent.ThreadPoolExecutor.runWorker(ThreadPoolExecutor.java:1136)
		at java.base/java.util.concurrent.ThreadPoolExecutor$Worker.run(ThreadPoolExecutor.java:635)
		at java.base/java.lang.Thread.run(Thread.java:833)
21-Aug-2025 01:03:57.570 INFO [main] org.apache.catalina.startup.VersionLoggerListener.log Server version name:   Apache Tomcat/9.0.98
21-Aug-2025 01:03:57.577 INFO [main] org.apache.catalina.startup.VersionLoggerListener.log Server built:          Dec 5 2024 19:50:29 UTC
21-Aug-2025 01:03:57.577 INFO [main] org.apache.catalina.startup.VersionLoggerListener.log Server version number: 9.0.98.0
21-Aug-2025 01:03:57.577 INFO [main] org.apache.catalina.startup.VersionLoggerListener.log OS Name:               Windows 10
21-Aug-2025 01:03:57.577 INFO [main] org.apache.catalina.startup.VersionLoggerListener.log OS Version:            10.0
21-Aug-2025 01:03:57.578 INFO [main] org.apache.catalina.startup.VersionLoggerListener.log Architecture:          amd64
21-Aug-2025 01:03:57.578 INFO [main] org.apache.catalina.startup.VersionLoggerListener.log Java Home:             C:\Program Files\Java\jdk-17.0.2
21-Aug-2025 01:03:57.578 INFO [main] org.apache.catalina.startup.VersionLoggerListener.log JVM Version:           17.0.2+8-LTS-86
21-Aug-2025 01:03:57.578 INFO [main] org.apache.catalina.startup.VersionLoggerListener.log JVM Vendor:            Oracle Corporation
21-Aug-2025 01:03:57.579 INFO [main] org.apache.catalina.startup.VersionLoggerListener.log CATALINA_BASE:         D:\PahanaeduBookshop
21-Aug-2025 01:03:57.579 INFO [main] org.apache.catalina.startup.VersionLoggerListener.log CATALINA_HOME:         G:\ICBT\1st_Semester\PROGRAMMING\apache-tomcat-9.0.98\apache-tomcat-9.0.98
21-Aug-2025 01:03:57.592 INFO [main] org.apache.catalina.startup.VersionLoggerListener.log Command line argument: --add-opens=java.base/java.lang=ALL-UNNAMED
21-Aug-2025 01:03:57.592 INFO [main] org.apache.catalina.startup.VersionLoggerListener.log Command line argument: --add-opens=java.base/java.io=ALL-UNNAMED
21-Aug-2025 01:03:57.593 INFO [main] org.apache.catalina.startup.VersionLoggerListener.log Command line argument: --add-opens=java.base/java.util=ALL-UNNAMED
21-Aug-2025 01:03:57.593 INFO [main] org.apache.catalina.startup.VersionLoggerListener.log Command line argument: --add-opens=java.base/java.util.concurrent=ALL-UNNAMED
21-Aug-2025 01:03:57.593 INFO [main] org.apache.catalina.startup.VersionLoggerListener.log Command line argument: --add-opens=java.rmi/sun.rmi.transport=ALL-UNNAMED
21-Aug-2025 01:03:57.593 INFO [main] org.apache.catalina.startup.VersionLoggerListener.log Command line argument: -Dcatalina.home=G:\ICBT\1st_Semester\PROGRAMMING\apache-tomcat-9.0.98\apache-tomcat-9.0.98
21-Aug-2025 01:03:57.593 INFO [main] org.apache.catalina.startup.VersionLoggerListener.log Command line argument: -Dcatalina.base=D:\PahanaeduBookshop
21-Aug-2025 01:03:57.593 INFO [main] org.apache.catalina.startup.VersionLoggerListener.log Command line argument: -Djava.io.tmpdir=D:\PahanaeduBookshop\temp
21-Aug-2025 01:03:57.594 INFO [main] org.apache.catalina.startup.VersionLoggerListener.log Command line argument: -Djava.util.logging.config.file=D:\PahanaeduBookshop\conf\logging.properties
21-Aug-2025 01:03:57.594 INFO [main] org.apache.catalina.startup.VersionLoggerListener.log Command line argument: -Djava.util.logging.manager=org.apache.juli.ClassLoaderLogManager
21-Aug-2025 01:03:57.594 INFO [main] org.apache.catalina.startup.VersionLoggerListener.log Command line argument: -javaagent:C:\Program Files\JetBrains\IntelliJ IDEA Community Edition 2024.3.1.1\lib\idea_rt.jar=64955:C:\Program Files\JetBrains\IntelliJ IDEA Community Edition 2024.3.1.1\bin
21-Aug-2025 01:03:57.594 INFO [main] org.apache.catalina.startup.VersionLoggerListener.log Command line argument: -Dfile.encoding=UTF-8
21-Aug-2025 01:03:57.695 INFO [main] org.apache.catalina.core.AprLifecycleListener.lifecycleEvent Loaded Apache Tomcat Native library [1.3.1] using APR version [1.7.4].
21-Aug-2025 01:03:57.696 INFO [main] org.apache.catalina.core.AprLifecycleListener.lifecycleEvent APR capabilities: IPv6 [true], sendfile [true], accept filters [false], random [true], UDS [true].
21-Aug-2025 01:03:57.696 INFO [main] org.apache.catalina.core.AprLifecycleListener.lifecycleEvent APR/OpenSSL configuration: useAprConnector [false], useOpenSSL [true]
21-Aug-2025 01:03:57.784 INFO [main] org.apache.catalina.core.AprLifecycleListener.initializeSSL OpenSSL successfully initialized [OpenSSL 3.0.14 4 Jun 2024]
21-Aug-2025 01:03:58.294 INFO [main] org.apache.coyote.AbstractProtocol.init Initializing ProtocolHandler ["http-nio-8080"]
21-Aug-2025 01:03:58.327 INFO [main] org.apache.catalina.startup.Catalina.load Server initialization in [1146] milliseconds
21-Aug-2025 01:03:58.398 INFO [main] org.apache.catalina.core.StandardService.startInternal Starting service [Catalina]
21-Aug-2025 01:03:58.398 INFO [main] org.apache.catalina.core.StandardEngine.startInternal Starting Servlet engine: [Apache Tomcat/9.0.98]
21-Aug-2025 01:03:58.412 INFO [main] org.apache.catalina.startup.HostConfig.deployDescriptor Deploying deployment descriptor [D:\PahanaeduBookshop\conf\Catalina\localhost\PahanaeduBookshop.xml]
21-Aug-2025 01:04:00.306 INFO [main] org.apache.jasper.servlet.TldScanner.scanJars At least one JAR was scanned for TLDs yet contained no TLDs. Enable debug logging for this logger for a complete list of JARs that were scanned but no TLDs were found in them. Skipping unneeded JARs during scanning can improve startup time and JSP compilation time.
21-Aug-2025 01:04:00.523 INFO [main] org.apache.catalina.startup.HostConfig.deployDescriptor Deployment of deployment descriptor [D:\PahanaeduBookshop\conf\Catalina\localhost\PahanaeduBookshop.xml] has finished in [2,111] ms
21-Aug-2025 01:04:00.528 INFO [main] org.apache.coyote.AbstractProtocol.start Starting ProtocolHandler ["http-nio-8080"]
21-Aug-2025 01:04:00.587 INFO [main] org.apache.catalina.startup.Catalina.start Server startup in [2260] milliseconds
21-Aug-2025 01:10:38.047 INFO [Thread-1] org.apache.coyote.AbstractProtocol.pause Pausing ProtocolHandler ["http-nio-8080"]
21-Aug-2025 01:10:38.182 INFO [Thread-1] org.apache.catalina.core.StandardService.stopInternal Stopping service [Catalina]
21-Aug-2025 01:10:39.637 WARNING [Thread-1] org.apache.catalina.loader.WebappClassLoaderBase.clearReferencesJdbc The web application [PahanaeduBookshop] registered the JDBC driver [com.mysql.cj.jdbc.Driver] but failed to unregister it when the web application was stopped. To prevent a memory leak, the JDBC Driver has been forcibly unregistered.
21-Aug-2025 01:10:39.639 WARNING [Thread-1] org.apache.catalina.loader.WebappClassLoaderBase.clearReferencesThreads The web application [PahanaeduBookshop] appears to have started a thread named [mysql-cj-abandoned-connection-cleanup] but has failed to stop it. This is very likely to create a memory leak. Stack trace of thread:
 java.base@17.0.2/java.lang.Object.wait(Native Method)
 java.base@17.0.2/java.lang.ref.ReferenceQueue.remove(ReferenceQueue.java:155)
 com.mysql.cj.jdbc.AbandonedConnectionCleanupThread.run(AbandonedConnectionCleanupThread.java:91)
 java.base@17.0.2/java.util.concurrent.ThreadPoolExecutor.runWorker(ThreadPoolExecutor.java:1136)
 java.base@17.0.2/java.util.concurrent.ThreadPoolExecutor$Worker.run(ThreadPoolExecutor.java:635)
 java.base@17.0.2/java.lang.Thread.run(Thread.java:833)
21-Aug-2025 01:10:39.655 INFO [Thread-1] org.apache.coyote.AbstractProtocol.stop Stopping ProtocolHandler ["http-nio-8080"]
21-Aug-2025 01:10:39.662 INFO [Thread-1] org.apache.coyote.AbstractProtocol.destroy Destroying ProtocolHandler ["http-nio-8080"]
21-Aug-2025 01:10:39.693 INFO [mysql-cj-abandoned-connection-cleanup] org.apache.catalina.loader.WebappClassLoaderBase.checkStateForResourceLoading Illegal access: this web application instance has been stopped already. Could not load []. The following stack trace is thrown for debugging purposes as well as to attempt to terminate the thread which caused the illegal access.
	java.lang.IllegalStateException: Illegal access: this web application instance has been stopped already. Could not load []. The following stack trace is thrown for debugging purposes as well as to attempt to terminate the thread which caused the illegal access.
		at org.apache.catalina.loader.WebappClassLoaderBase.checkStateForResourceLoading(WebappClassLoaderBase.java:1369)
		at org.apache.catalina.loader.WebappClassLoaderBase.getResource(WebappClassLoaderBase.java:995)
		at com.mysql.cj.jdbc.AbandonedConnectionCleanupThread.checkThreadContextClassLoader(AbandonedConnectionCleanupThread.java:123)
		at com.mysql.cj.jdbc.AbandonedConnectionCleanupThread.run(AbandonedConnectionCleanupThread.java:90)
		at java.base/java.util.concurrent.ThreadPoolExecutor.runWorker(ThreadPoolExecutor.java:1136)
		at java.base/java.util.concurrent.ThreadPoolExecutor$Worker.run(ThreadPoolExecutor.java:635)
		at java.base/java.lang.Thread.run(Thread.java:833)
21-Aug-2025 10:10:47.087 INFO [main] org.apache.catalina.startup.VersionLoggerListener.log Server version name:   Apache Tomcat/9.0.98
21-Aug-2025 10:10:47.093 INFO [main] org.apache.catalina.startup.VersionLoggerListener.log Server built:          Dec 5 2024 19:50:29 UTC
21-Aug-2025 10:10:47.094 INFO [main] org.apache.catalina.startup.VersionLoggerListener.log Server version number: 9.0.98.0
21-Aug-2025 10:10:47.094 INFO [main] org.apache.catalina.startup.VersionLoggerListener.log OS Name:               Windows 10
21-Aug-2025 10:10:47.094 INFO [main] org.apache.catalina.startup.VersionLoggerListener.log OS Version:            10.0
21-Aug-2025 10:10:47.094 INFO [main] org.apache.catalina.startup.VersionLoggerListener.log Architecture:          amd64
21-Aug-2025 10:10:47.095 INFO [main] org.apache.catalina.startup.VersionLoggerListener.log Java Home:             C:\Program Files\Java\jdk-17.0.2
21-Aug-2025 10:10:47.096 INFO [main] org.apache.catalina.startup.VersionLoggerListener.log JVM Version:           17.0.2+8-LTS-86
21-Aug-2025 10:10:47.096 INFO [main] org.apache.catalina.startup.VersionLoggerListener.log JVM Vendor:            Oracle Corporation
21-Aug-2025 10:10:47.096 INFO [main] org.apache.catalina.startup.VersionLoggerListener.log CATALINA_BASE:         D:\PahanaeduBookshop
21-Aug-2025 10:10:47.096 INFO [main] org.apache.catalina.startup.VersionLoggerListener.log CATALINA_HOME:         G:\ICBT\1st_Semester\PROGRAMMING\apache-tomcat-9.0.98\apache-tomcat-9.0.98
21-Aug-2025 10:10:47.118 INFO [main] org.apache.catalina.startup.VersionLoggerListener.log Command line argument: --add-opens=java.base/java.lang=ALL-UNNAMED
21-Aug-2025 10:10:47.118 INFO [main] org.apache.catalina.startup.VersionLoggerListener.log Command line argument: --add-opens=java.base/java.io=ALL-UNNAMED
21-Aug-2025 10:10:47.118 INFO [main] org.apache.catalina.startup.VersionLoggerListener.log Command line argument: --add-opens=java.base/java.util=ALL-UNNAMED
21-Aug-2025 10:10:47.119 INFO [main] org.apache.catalina.startup.VersionLoggerListener.log Command line argument: --add-opens=java.base/java.util.concurrent=ALL-UNNAMED
21-Aug-2025 10:10:47.119 INFO [main] org.apache.catalina.startup.VersionLoggerListener.log Command line argument: --add-opens=java.rmi/sun.rmi.transport=ALL-UNNAMED
21-Aug-2025 10:10:47.119 INFO [main] org.apache.catalina.startup.VersionLoggerListener.log Command line argument: -Dcatalina.home=G:\ICBT\1st_Semester\PROGRAMMING\apache-tomcat-9.0.98\apache-tomcat-9.0.98
21-Aug-2025 10:10:47.120 INFO [main] org.apache.catalina.startup.VersionLoggerListener.log Command line argument: -Dcatalina.base=D:\PahanaeduBookshop
21-Aug-2025 10:10:47.120 INFO [main] org.apache.catalina.startup.VersionLoggerListener.log Command line argument: -Djava.io.tmpdir=D:\PahanaeduBookshop\temp
21-Aug-2025 10:10:47.120 INFO [main] org.apache.catalina.startup.VersionLoggerListener.log Command line argument: -Djava.util.logging.config.file=D:\PahanaeduBookshop\conf\logging.properties
21-Aug-2025 10:10:47.120 INFO [main] org.apache.catalina.startup.VersionLoggerListener.log Command line argument: -Djava.util.logging.manager=org.apache.juli.ClassLoaderLogManager
21-Aug-2025 10:10:47.122 INFO [main] org.apache.catalina.startup.VersionLoggerListener.log Command line argument: -javaagent:C:\Program Files\JetBrains\IntelliJ IDEA Community Edition 2024.3.1.1\lib\idea_rt.jar=62459:C:\Program Files\JetBrains\IntelliJ IDEA Community Edition 2024.3.1.1\bin
21-Aug-2025 10:10:47.122 INFO [main] org.apache.catalina.startup.VersionLoggerListener.log Command line argument: -Dfile.encoding=UTF-8
21-Aug-2025 10:10:47.448 INFO [main] org.apache.catalina.core.AprLifecycleListener.lifecycleEvent Loaded Apache Tomcat Native library [1.3.1] using APR version [1.7.4].
21-Aug-2025 10:10:47.448 INFO [main] org.apache.catalina.core.AprLifecycleListener.lifecycleEvent APR capabilities: IPv6 [true], sendfile [true], accept filters [false], random [true], UDS [true].
21-Aug-2025 10:10:47.448 INFO [main] org.apache.catalina.core.AprLifecycleListener.lifecycleEvent APR/OpenSSL configuration: useAprConnector [false], useOpenSSL [true]
21-Aug-2025 10:10:47.577 INFO [main] org.apache.catalina.core.AprLifecycleListener.initializeSSL OpenSSL successfully initialized [OpenSSL 3.0.14 4 Jun 2024]
21-Aug-2025 10:10:48.246 INFO [main] org.apache.coyote.AbstractProtocol.init Initializing ProtocolHandler ["http-nio-8080"]
21-Aug-2025 10:10:48.308 INFO [main] org.apache.catalina.startup.Catalina.load Server initialization in [1736] milliseconds
21-Aug-2025 10:10:48.405 INFO [main] org.apache.catalina.core.StandardService.startInternal Starting service [Catalina]
21-Aug-2025 10:10:48.405 INFO [main] org.apache.catalina.core.StandardEngine.startInternal Starting Servlet engine: [Apache Tomcat/9.0.98]
21-Aug-2025 10:10:48.417 INFO [main] org.apache.catalina.startup.HostConfig.deployDescriptor Deploying deployment descriptor [D:\PahanaeduBookshop\conf\Catalina\localhost\PahanaeduBookshop.xml]
21-Aug-2025 10:10:50.373 INFO [main] org.apache.jasper.servlet.TldScanner.scanJars At least one JAR was scanned for TLDs yet contained no TLDs. Enable debug logging for this logger for a complete list of JARs that were scanned but no TLDs were found in them. Skipping unneeded JARs during scanning can improve startup time and JSP compilation time.
21-Aug-2025 10:10:50.649 INFO [main] org.apache.catalina.startup.HostConfig.deployDescriptor Deployment of deployment descriptor [D:\PahanaeduBookshop\conf\Catalina\localhost\PahanaeduBookshop.xml] has finished in [2,232] ms
21-Aug-2025 10:10:50.655 INFO [main] org.apache.coyote.AbstractProtocol.start Starting ProtocolHandler ["http-nio-8080"]
21-Aug-2025 10:10:50.763 INFO [main] org.apache.catalina.startup.Catalina.start Server startup in [2454] milliseconds
21-Aug-2025 10:22:11.431 INFO [Catalina-utility-1] org.apache.catalina.startup.HostConfig.reload Reloading context [/PahanaeduBookshop]
21-Aug-2025 10:22:15.753 INFO [Catalina-utility-1] org.apache.catalina.core.StandardContext.reload Reloading Context with name [/PahanaeduBookshop] has started
21-Aug-2025 10:23:06.715 WARNING [Catalina-utility-1] org.apache.catalina.loader.WebappClassLoaderBase.clearReferencesJdbc The web application [PahanaeduBookshop] registered the JDBC driver [com.mysql.cj.jdbc.Driver] but failed to unregister it when the web application was stopped. To prevent a memory leak, the JDBC Driver has been forcibly unregistered.
21-Aug-2025 10:23:07.458 WARNING [Catalina-utility-1] org.apache.catalina.loader.WebappClassLoaderBase.clearReferencesThreads The web application [PahanaeduBookshop] appears to have started a thread named [mysql-cj-abandoned-connection-cleanup] but has failed to stop it. This is very likely to create a memory leak. Stack trace of thread:
 java.base@17.0.2/java.lang.Object.wait(Native Method)
 java.base@17.0.2/java.lang.ref.ReferenceQueue.remove(ReferenceQueue.java:155)
 com.mysql.cj.jdbc.AbandonedConnectionCleanupThread.run(AbandonedConnectionCleanupThread.java:91)
 java.base@17.0.2/java.util.concurrent.ThreadPoolExecutor.runWorker(ThreadPoolExecutor.java:1136)
 java.base@17.0.2/java.util.concurrent.ThreadPoolExecutor$Worker.run(ThreadPoolExecutor.java:635)
 java.base@17.0.2/java.lang.Thread.run(Thread.java:833)
21-Aug-2025 10:23:31.303 INFO [mysql-cj-abandoned-connection-cleanup] org.apache.catalina.loader.WebappClassLoaderBase.checkStateForResourceLoading Illegal access: this web application instance has been stopped already. Could not load []. The following stack trace is thrown for debugging purposes as well as to attempt to terminate the thread which caused the illegal access.
	java.lang.IllegalStateException: Illegal access: this web application instance has been stopped already. Could not load []. The following stack trace is thrown for debugging purposes as well as to attempt to terminate the thread which caused the illegal access.
		at org.apache.catalina.loader.WebappClassLoaderBase.checkStateForResourceLoading(WebappClassLoaderBase.java:1369)
		at org.apache.catalina.loader.WebappClassLoaderBase.getResource(WebappClassLoaderBase.java:995)
		at com.mysql.cj.jdbc.AbandonedConnectionCleanupThread.checkThreadContextClassLoader(AbandonedConnectionCleanupThread.java:123)
		at com.mysql.cj.jdbc.AbandonedConnectionCleanupThread.run(AbandonedConnectionCleanupThread.java:90)
		at java.base/java.util.concurrent.ThreadPoolExecutor.runWorker(ThreadPoolExecutor.java:1136)
		at java.base/java.util.concurrent.ThreadPoolExecutor$Worker.run(ThreadPoolExecutor.java:635)
		at java.base/java.lang.Thread.run(Thread.java:833)
21-Aug-2025 10:24:09.208 INFO [Catalina-utility-1] org.apache.jasper.servlet.TldScanner.scanJars At least one JAR was scanned for TLDs yet contained no TLDs. Enable debug logging for this logger for a complete list of JARs that were scanned but no TLDs were found in them. Skipping unneeded JARs during scanning can improve startup time and JSP compilation time.
21-Aug-2025 10:24:14.391 INFO [Catalina-utility-1] org.apache.catalina.core.StandardContext.reload Reloading Context with name [/PahanaeduBookshop] is completed
21-Aug-2025 11:09:57.053 INFO [Thread-1] org.apache.coyote.AbstractProtocol.pause Pausing ProtocolHandler ["http-nio-8080"]
21-Aug-2025 11:09:59.073 INFO [Thread-1] org.apache.catalina.core.StandardService.stopInternal Stopping service [Catalina]
21-Aug-2025 11:10:01.424 INFO [Thread-1] org.apache.coyote.AbstractProtocol.stop Stopping ProtocolHandler ["http-nio-8080"]
21-Aug-2025 11:10:03.270 INFO [Thread-1] org.apache.coyote.AbstractProtocol.destroy Destroying ProtocolHandler ["http-nio-8080"]
21-Aug-2025 11:10:47.143 INFO [main] org.apache.catalina.startup.VersionLoggerListener.log Server version name:   Apache Tomcat/9.0.98
21-Aug-2025 11:10:47.153 INFO [main] org.apache.catalina.startup.VersionLoggerListener.log Server built:          Dec 5 2024 19:50:29 UTC
21-Aug-2025 11:10:47.154 INFO [main] org.apache.catalina.startup.VersionLoggerListener.log Server version number: 9.0.98.0
21-Aug-2025 11:10:47.154 INFO [main] org.apache.catalina.startup.VersionLoggerListener.log OS Name:               Windows 10
21-Aug-2025 11:10:47.155 INFO [main] org.apache.catalina.startup.VersionLoggerListener.log OS Version:            10.0
21-Aug-2025 11:10:47.155 INFO [main] org.apache.catalina.startup.VersionLoggerListener.log Architecture:          amd64
21-Aug-2025 11:10:47.155 INFO [main] org.apache.catalina.startup.VersionLoggerListener.log Java Home:             C:\Program Files\Java\jdk-17.0.2
21-Aug-2025 11:10:47.156 INFO [main] org.apache.catalina.startup.VersionLoggerListener.log JVM Version:           17.0.2+8-LTS-86
21-Aug-2025 11:10:47.156 INFO [main] org.apache.catalina.startup.VersionLoggerListener.log JVM Vendor:            Oracle Corporation
21-Aug-2025 11:10:47.156 INFO [main] org.apache.catalina.startup.VersionLoggerListener.log CATALINA_BASE:         D:\PahanaeduBookshop
21-Aug-2025 11:10:47.157 INFO [main] org.apache.catalina.startup.VersionLoggerListener.log CATALINA_HOME:         G:\ICBT\1st_Semester\PROGRAMMING\apache-tomcat-9.0.98\apache-tomcat-9.0.98
21-Aug-2025 11:10:47.183 INFO [main] org.apache.catalina.startup.VersionLoggerListener.log Command line argument: --add-opens=java.base/java.lang=ALL-UNNAMED
21-Aug-2025 11:10:47.184 INFO [main] org.apache.catalina.startup.VersionLoggerListener.log Command line argument: --add-opens=java.base/java.io=ALL-UNNAMED
21-Aug-2025 11:10:47.184 INFO [main] org.apache.catalina.startup.VersionLoggerListener.log Command line argument: --add-opens=java.base/java.util=ALL-UNNAMED
21-Aug-2025 11:10:47.184 INFO [main] org.apache.catalina.startup.VersionLoggerListener.log Command line argument: --add-opens=java.base/java.util.concurrent=ALL-UNNAMED
21-Aug-2025 11:10:47.185 INFO [main] org.apache.catalina.startup.VersionLoggerListener.log Command line argument: --add-opens=java.rmi/sun.rmi.transport=ALL-UNNAMED
21-Aug-2025 11:10:47.185 INFO [main] org.apache.catalina.startup.VersionLoggerListener.log Command line argument: -Dcatalina.home=G:\ICBT\1st_Semester\PROGRAMMING\apache-tomcat-9.0.98\apache-tomcat-9.0.98
21-Aug-2025 11:10:47.185 INFO [main] org.apache.catalina.startup.VersionLoggerListener.log Command line argument: -Dcatalina.base=D:\PahanaeduBookshop
21-Aug-2025 11:10:47.186 INFO [main] org.apache.catalina.startup.VersionLoggerListener.log Command line argument: -Djava.io.tmpdir=D:\PahanaeduBookshop\temp
21-Aug-2025 11:10:47.186 INFO [main] org.apache.catalina.startup.VersionLoggerListener.log Command line argument: -Djava.util.logging.config.file=D:\PahanaeduBookshop\conf\logging.properties
21-Aug-2025 11:10:47.187 INFO [main] org.apache.catalina.startup.VersionLoggerListener.log Command line argument: -Djava.util.logging.manager=org.apache.juli.ClassLoaderLogManager
21-Aug-2025 11:10:47.187 INFO [main] org.apache.catalina.startup.VersionLoggerListener.log Command line argument: -javaagent:C:\Program Files\JetBrains\IntelliJ IDEA Community Edition 2024.3.1.1\lib\idea_rt.jar=57378:C:\Program Files\JetBrains\IntelliJ IDEA Community Edition 2024.3.1.1\bin
21-Aug-2025 11:10:47.188 INFO [main] org.apache.catalina.startup.VersionLoggerListener.log Command line argument: -Dfile.encoding=UTF-8
21-Aug-2025 11:10:47.303 INFO [main] org.apache.catalina.core.AprLifecycleListener.lifecycleEvent Loaded Apache Tomcat Native library [1.3.1] using APR version [1.7.4].
21-Aug-2025 11:10:47.304 INFO [main] org.apache.catalina.core.AprLifecycleListener.lifecycleEvent APR capabilities: IPv6 [true], sendfile [true], accept filters [false], random [true], UDS [true].
21-Aug-2025 11:10:47.304 INFO [main] org.apache.catalina.core.AprLifecycleListener.lifecycleEvent APR/OpenSSL configuration: useAprConnector [false], useOpenSSL [true]
21-Aug-2025 11:10:47.561 INFO [main] org.apache.catalina.core.AprLifecycleListener.initializeSSL OpenSSL successfully initialized [OpenSSL 3.0.14 4 Jun 2024]
21-Aug-2025 11:10:48.293 INFO [main] org.apache.coyote.AbstractProtocol.init Initializing ProtocolHandler ["http-nio-8080"]
21-Aug-2025 11:10:48.352 INFO [main] org.apache.catalina.startup.Catalina.load Server initialization in [2449] milliseconds
21-Aug-2025 11:10:48.488 INFO [main] org.apache.catalina.core.StandardService.startInternal Starting service [Catalina]
21-Aug-2025 11:10:48.488 INFO [main] org.apache.catalina.core.StandardEngine.startInternal Starting Servlet engine: [Apache Tomcat/9.0.98]
21-Aug-2025 11:10:48.518 INFO [main] org.apache.catalina.startup.HostConfig.deployDescriptor Deploying deployment descriptor [D:\PahanaeduBookshop\conf\Catalina\localhost\PahanaeduBookshop.xml]
21-Aug-2025 11:10:51.903 INFO [main] org.apache.jasper.servlet.TldScanner.scanJars At least one JAR was scanned for TLDs yet contained no TLDs. Enable debug logging for this logger for a complete list of JARs that were scanned but no TLDs were found in them. Skipping unneeded JARs during scanning can improve startup time and JSP compilation time.
21-Aug-2025 11:10:52.146 INFO [main] org.apache.catalina.startup.HostConfig.deployDescriptor Deployment of deployment descriptor [D:\PahanaeduBookshop\conf\Catalina\localhost\PahanaeduBookshop.xml] has finished in [3,627] ms
21-Aug-2025 11:10:52.153 INFO [main] org.apache.coyote.AbstractProtocol.start Starting ProtocolHandler ["http-nio-8080"]
21-Aug-2025 11:10:52.296 INFO [main] org.apache.catalina.startup.Catalina.start Server startup in [3942] milliseconds
21-Aug-2025 12:19:27.231 INFO [Thread-1] org.apache.coyote.AbstractProtocol.pause Pausing ProtocolHandler ["http-nio-8080"]
21-Aug-2025 12:19:29.682 INFO [Thread-1] org.apache.catalina.core.StandardService.stopInternal Stopping service [Catalina]
21-Aug-2025 12:19:36.582 WARNING [Thread-1] org.apache.catalina.loader.WebappClassLoaderBase.clearReferencesJdbc The web application [PahanaeduBookshop] registered the JDBC driver [com.mysql.cj.jdbc.Driver] but failed to unregister it when the web application was stopped. To prevent a memory leak, the JDBC Driver has been forcibly unregistered.
21-Aug-2025 12:19:36.663 WARNING [Thread-1] org.apache.catalina.loader.WebappClassLoaderBase.clearReferencesThreads The web application [PahanaeduBookshop] appears to have started a thread named [mysql-cj-abandoned-connection-cleanup] but has failed to stop it. This is very likely to create a memory leak. Stack trace of thread:
 java.base@17.0.2/java.lang.Object.wait(Native Method)
 java.base@17.0.2/java.lang.ref.ReferenceQueue.remove(ReferenceQueue.java:155)
 com.mysql.cj.jdbc.AbandonedConnectionCleanupThread.run(AbandonedConnectionCleanupThread.java:91)
 java.base@17.0.2/java.util.concurrent.ThreadPoolExecutor.runWorker(ThreadPoolExecutor.java:1136)
 java.base@17.0.2/java.util.concurrent.ThreadPoolExecutor$Worker.run(ThreadPoolExecutor.java:635)
 java.base@17.0.2/java.lang.Thread.run(Thread.java:833)
21-Aug-2025 12:19:39.180 INFO [Thread-1] org.apache.coyote.AbstractProtocol.stop Stopping ProtocolHandler ["http-nio-8080"]
21-Aug-2025 12:19:39.850 WARNING [Thread-1] org.apache.tomcat.util.net.Acceptor.stopMillis The acceptor thread [http-nio-8080-Acceptor] did not stop cleanly
21-Aug-2025 12:19:40.499 INFO [Thread-1] org.apache.coyote.AbstractProtocol.destroy Destroying ProtocolHandler ["http-nio-8080"]
21-Aug-2025 12:19:45.837 INFO [mysql-cj-abandoned-connection-cleanup] org.apache.catalina.loader.WebappClassLoaderBase.checkStateForResourceLoading Illegal access: this web application instance has been stopped already. Could not load []. The following stack trace is thrown for debugging purposes as well as to attempt to terminate the thread which caused the illegal access.
	java.lang.IllegalStateException: Illegal access: this web application instance has been stopped already. Could not load []. The following stack trace is thrown for debugging purposes as well as to attempt to terminate the thread which caused the illegal access.
		at org.apache.catalina.loader.WebappClassLoaderBase.checkStateForResourceLoading(WebappClassLoaderBase.java:1369)
		at org.apache.catalina.loader.WebappClassLoaderBase.getResource(WebappClassLoaderBase.java:995)
		at com.mysql.cj.jdbc.AbandonedConnectionCleanupThread.checkThreadContextClassLoader(AbandonedConnectionCleanupThread.java:123)
		at com.mysql.cj.jdbc.AbandonedConnectionCleanupThread.run(AbandonedConnectionCleanupThread.java:90)
		at java.base/java.util.concurrent.ThreadPoolExecutor.runWorker(ThreadPoolExecutor.java:1136)
		at java.base/java.util.concurrent.ThreadPoolExecutor$Worker.run(ThreadPoolExecutor.java:635)
		at java.base/java.lang.Thread.run(Thread.java:833)
21-Aug-2025 12:19:45.872 INFO [mysql-cj-abandoned-connection-cleanup] org.apache.catalina.loader.WebappClassLoaderBase.checkStateForResourceLoading Illegal access: this web application instance has been stopped already. Could not load []. The following stack trace is thrown for debugging purposes as well as to attempt to terminate the thread which caused the illegal access.
	java.lang.IllegalStateException: Illegal access: this web application instance has been stopped already. Could not load []. The following stack trace is thrown for debugging purposes as well as to attempt to terminate the thread which caused the illegal access.
		at org.apache.catalina.loader.WebappClassLoaderBase.checkStateForResourceLoading(WebappClassLoaderBase.java:1369)
		at org.apache.catalina.loader.WebappClassLoaderBase.getResource(WebappClassLoaderBase.java:995)
		at com.mysql.cj.jdbc.AbandonedConnectionCleanupThread.checkThreadContextClassLoader(AbandonedConnectionCleanupThread.java:123)
		at com.mysql.cj.jdbc.AbandonedConnectionCleanupThread.run(AbandonedConnectionCleanupThread.java:90)
		at java.base/java.util.concurrent.ThreadPoolExecutor.runWorker(ThreadPoolExecutor.java:1136)
		at java.base/java.util.concurrent.ThreadPoolExecutor$Worker.run(ThreadPoolExecutor.java:635)
		at java.base/java.lang.Thread.run(Thread.java:833)
21-Aug-2025 12:23:39.442 INFO [main] org.apache.catalina.startup.VersionLoggerListener.log Server version name:   Apache Tomcat/9.0.98
21-Aug-2025 12:23:39.449 INFO [main] org.apache.catalina.startup.VersionLoggerListener.log Server built:          Dec 5 2024 19:50:29 UTC
21-Aug-2025 12:23:39.450 INFO [main] org.apache.catalina.startup.VersionLoggerListener.log Server version number: 9.0.98.0
21-Aug-2025 12:23:39.450 INFO [main] org.apache.catalina.startup.VersionLoggerListener.log OS Name:               Windows 10
21-Aug-2025 12:23:39.450 INFO [main] org.apache.catalina.startup.VersionLoggerListener.log OS Version:            10.0
21-Aug-2025 12:23:39.450 INFO [main] org.apache.catalina.startup.VersionLoggerListener.log Architecture:          amd64
21-Aug-2025 12:23:39.451 INFO [main] org.apache.catalina.startup.VersionLoggerListener.log Java Home:             C:\Program Files\Java\jdk-17.0.2
21-Aug-2025 12:23:39.451 INFO [main] org.apache.catalina.startup.VersionLoggerListener.log JVM Version:           17.0.2+8-LTS-86
21-Aug-2025 12:23:39.451 INFO [main] org.apache.catalina.startup.VersionLoggerListener.log JVM Vendor:            Oracle Corporation
21-Aug-2025 12:23:39.451 INFO [main] org.apache.catalina.startup.VersionLoggerListener.log CATALINA_BASE:         D:\PahanaeduBookshop
21-Aug-2025 12:23:39.451 INFO [main] org.apache.catalina.startup.VersionLoggerListener.log CATALINA_HOME:         G:\ICBT\1st_Semester\PROGRAMMING\apache-tomcat-9.0.98\apache-tomcat-9.0.98
21-Aug-2025 12:23:39.464 INFO [main] org.apache.catalina.startup.VersionLoggerListener.log Command line argument: --add-opens=java.base/java.lang=ALL-UNNAMED
21-Aug-2025 12:23:39.464 INFO [main] org.apache.catalina.startup.VersionLoggerListener.log Command line argument: --add-opens=java.base/java.io=ALL-UNNAMED
21-Aug-2025 12:23:39.464 INFO [main] org.apache.catalina.startup.VersionLoggerListener.log Command line argument: --add-opens=java.base/java.util=ALL-UNNAMED
21-Aug-2025 12:23:39.465 INFO [main] org.apache.catalina.startup.VersionLoggerListener.log Command line argument: --add-opens=java.base/java.util.concurrent=ALL-UNNAMED
21-Aug-2025 12:23:39.465 INFO [main] org.apache.catalina.startup.VersionLoggerListener.log Command line argument: --add-opens=java.rmi/sun.rmi.transport=ALL-UNNAMED
21-Aug-2025 12:23:39.465 INFO [main] org.apache.catalina.startup.VersionLoggerListener.log Command line argument: -Dcatalina.home=G:\ICBT\1st_Semester\PROGRAMMING\apache-tomcat-9.0.98\apache-tomcat-9.0.98
21-Aug-2025 12:23:39.465 INFO [main] org.apache.catalina.startup.VersionLoggerListener.log Command line argument: -Dcatalina.base=D:\PahanaeduBookshop
21-Aug-2025 12:23:39.465 INFO [main] org.apache.catalina.startup.VersionLoggerListener.log Command line argument: -Djava.io.tmpdir=D:\PahanaeduBookshop\temp
21-Aug-2025 12:23:39.465 INFO [main] org.apache.catalina.startup.VersionLoggerListener.log Command line argument: -Djava.util.logging.config.file=D:\PahanaeduBookshop\conf\logging.properties
21-Aug-2025 12:23:39.466 INFO [main] org.apache.catalina.startup.VersionLoggerListener.log Command line argument: -Djava.util.logging.manager=org.apache.juli.ClassLoaderLogManager
21-Aug-2025 12:23:39.466 INFO [main] org.apache.catalina.startup.VersionLoggerListener.log Command line argument: -javaagent:C:\Program Files\JetBrains\IntelliJ IDEA Community Edition 2024.3.1.1\lib\idea_rt.jar=57346:C:\Program Files\JetBrains\IntelliJ IDEA Community Edition 2024.3.1.1\bin
21-Aug-2025 12:23:39.466 INFO [main] org.apache.catalina.startup.VersionLoggerListener.log Command line argument: -Dfile.encoding=UTF-8
21-Aug-2025 12:23:40.046 INFO [main] org.apache.catalina.core.AprLifecycleListener.lifecycleEvent Loaded Apache Tomcat Native library [1.3.1] using APR version [1.7.4].
21-Aug-2025 12:23:40.047 INFO [main] org.apache.catalina.core.AprLifecycleListener.lifecycleEvent APR capabilities: IPv6 [true], sendfile [true], accept filters [false], random [true], UDS [true].
21-Aug-2025 12:23:40.047 INFO [main] org.apache.catalina.core.AprLifecycleListener.lifecycleEvent APR/OpenSSL configuration: useAprConnector [false], useOpenSSL [true]
21-Aug-2025 12:23:41.394 INFO [main] org.apache.catalina.core.AprLifecycleListener.initializeSSL OpenSSL successfully initialized [OpenSSL 3.0.14 4 Jun 2024]
21-Aug-2025 12:23:43.065 INFO [main] org.apache.coyote.AbstractProtocol.init Initializing ProtocolHandler ["http-nio-8080"]
21-Aug-2025 12:23:43.367 INFO [main] org.apache.catalina.startup.Catalina.load Server initialization in [5998] milliseconds
21-Aug-2025 12:23:43.819 INFO [main] org.apache.catalina.core.StandardService.startInternal Starting service [Catalina]
21-Aug-2025 12:23:43.823 INFO [main] org.apache.catalina.core.StandardEngine.startInternal Starting Servlet engine: [Apache Tomcat/9.0.98]
21-Aug-2025 12:23:43.968 INFO [main] org.apache.catalina.startup.HostConfig.deployDescriptor Deploying deployment descriptor [D:\PahanaeduBookshop\conf\Catalina\localhost\PahanaeduBookshop.xml]
21-Aug-2025 12:23:49.392 INFO [main] org.apache.jasper.servlet.TldScanner.scanJars At least one JAR was scanned for TLDs yet contained no TLDs. Enable debug logging for this logger for a complete list of JARs that were scanned but no TLDs were found in them. Skipping unneeded JARs during scanning can improve startup time and JSP compilation time.
21-Aug-2025 12:23:50.026 INFO [main] org.apache.catalina.startup.HostConfig.deployDescriptor Deployment of deployment descriptor [D:\PahanaeduBookshop\conf\Catalina\localhost\PahanaeduBookshop.xml] has finished in [6,057] ms
21-Aug-2025 12:23:50.035 INFO [main] org.apache.coyote.AbstractProtocol.start Starting ProtocolHandler ["http-nio-8080"]
21-Aug-2025 12:23:50.259 INFO [main] org.apache.catalina.startup.Catalina.start Server startup in [6892] milliseconds
21-Aug-2025 12:29:31.231 INFO [Thread-1] org.apache.coyote.AbstractProtocol.pause Pausing ProtocolHandler ["http-nio-8080"]
21-Aug-2025 12:29:31.398 INFO [Thread-1] org.apache.catalina.core.StandardService.stopInternal Stopping service [Catalina]
21-Aug-2025 12:29:31.415 WARNING [Thread-1] org.apache.catalina.loader.WebappClassLoaderBase.clearReferencesJdbc The web application [PahanaeduBookshop] registered the JDBC driver [com.mysql.cj.jdbc.Driver] but failed to unregister it when the web application was stopped. To prevent a memory leak, the JDBC Driver has been forcibly unregistered.
21-Aug-2025 12:29:31.416 WARNING [Thread-1] org.apache.catalina.loader.WebappClassLoaderBase.clearReferencesThreads The web application [PahanaeduBookshop] appears to have started a thread named [mysql-cj-abandoned-connection-cleanup] but has failed to stop it. This is very likely to create a memory leak. Stack trace of thread:
 java.base@17.0.2/java.lang.Object.wait(Native Method)
 java.base@17.0.2/java.lang.ref.ReferenceQueue.remove(ReferenceQueue.java:155)
 com.mysql.cj.jdbc.AbandonedConnectionCleanupThread.run(AbandonedConnectionCleanupThread.java:91)
 java.base@17.0.2/java.util.concurrent.ThreadPoolExecutor.runWorker(ThreadPoolExecutor.java:1136)
 java.base@17.0.2/java.util.concurrent.ThreadPoolExecutor$Worker.run(ThreadPoolExecutor.java:635)
 java.base@17.0.2/java.lang.Thread.run(Thread.java:833)
21-Aug-2025 12:29:31.428 INFO [Thread-1] org.apache.coyote.AbstractProtocol.stop Stopping ProtocolHandler ["http-nio-8080"]
21-Aug-2025 12:29:31.446 INFO [Thread-1] org.apache.coyote.AbstractProtocol.destroy Destroying ProtocolHandler ["http-nio-8080"]
21-Aug-2025 12:29:31.478 INFO [mysql-cj-abandoned-connection-cleanup] org.apache.catalina.loader.WebappClassLoaderBase.checkStateForResourceLoading Illegal access: this web application instance has been stopped already. Could not load []. The following stack trace is thrown for debugging purposes as well as to attempt to terminate the thread which caused the illegal access.
	java.lang.IllegalStateException: Illegal access: this web application instance has been stopped already. Could not load []. The following stack trace is thrown for debugging purposes as well as to attempt to terminate the thread which caused the illegal access.
		at org.apache.catalina.loader.WebappClassLoaderBase.checkStateForResourceLoading(WebappClassLoaderBase.java:1369)
		at org.apache.catalina.loader.WebappClassLoaderBase.getResource(WebappClassLoaderBase.java:995)
		at com.mysql.cj.jdbc.AbandonedConnectionCleanupThread.checkThreadContextClassLoader(AbandonedConnectionCleanupThread.java:123)
		at com.mysql.cj.jdbc.AbandonedConnectionCleanupThread.run(AbandonedConnectionCleanupThread.java:90)
		at java.base/java.util.concurrent.ThreadPoolExecutor.runWorker(ThreadPoolExecutor.java:1136)
		at java.base/java.util.concurrent.ThreadPoolExecutor$Worker.run(ThreadPoolExecutor.java:635)
		at java.base/java.lang.Thread.run(Thread.java:833)
21-Aug-2025 12:30:26.821 INFO [main] org.apache.catalina.startup.VersionLoggerListener.log Server version name:   Apache Tomcat/9.0.98
21-Aug-2025 12:30:26.826 INFO [main] org.apache.catalina.startup.VersionLoggerListener.log Server built:          Dec 5 2024 19:50:29 UTC
21-Aug-2025 12:30:26.826 INFO [main] org.apache.catalina.startup.VersionLoggerListener.log Server version number: 9.0.98.0
21-Aug-2025 12:30:26.827 INFO [main] org.apache.catalina.startup.VersionLoggerListener.log OS Name:               Windows 10
21-Aug-2025 12:30:26.827 INFO [main] org.apache.catalina.startup.VersionLoggerListener.log OS Version:            10.0
21-Aug-2025 12:30:26.827 INFO [main] org.apache.catalina.startup.VersionLoggerListener.log Architecture:          amd64
21-Aug-2025 12:30:26.827 INFO [main] org.apache.catalina.startup.VersionLoggerListener.log Java Home:             C:\Program Files\Java\jdk-17.0.2
21-Aug-2025 12:30:26.827 INFO [main] org.apache.catalina.startup.VersionLoggerListener.log JVM Version:           17.0.2+8-LTS-86
21-Aug-2025 12:30:26.828 INFO [main] org.apache.catalina.startup.VersionLoggerListener.log JVM Vendor:            Oracle Corporation
21-Aug-2025 12:30:26.828 INFO [main] org.apache.catalina.startup.VersionLoggerListener.log CATALINA_BASE:         D:\PahanaeduBookshop
21-Aug-2025 12:30:26.828 INFO [main] org.apache.catalina.startup.VersionLoggerListener.log CATALINA_HOME:         G:\ICBT\1st_Semester\PROGRAMMING\apache-tomcat-9.0.98\apache-tomcat-9.0.98
21-Aug-2025 12:30:26.841 INFO [main] org.apache.catalina.startup.VersionLoggerListener.log Command line argument: --add-opens=java.base/java.lang=ALL-UNNAMED
21-Aug-2025 12:30:26.841 INFO [main] org.apache.catalina.startup.VersionLoggerListener.log Command line argument: --add-opens=java.base/java.io=ALL-UNNAMED
21-Aug-2025 12:30:26.841 INFO [main] org.apache.catalina.startup.VersionLoggerListener.log Command line argument: --add-opens=java.base/java.util=ALL-UNNAMED
21-Aug-2025 12:30:26.842 INFO [main] org.apache.catalina.startup.VersionLoggerListener.log Command line argument: --add-opens=java.base/java.util.concurrent=ALL-UNNAMED
21-Aug-2025 12:30:26.842 INFO [main] org.apache.catalina.startup.VersionLoggerListener.log Command line argument: --add-opens=java.rmi/sun.rmi.transport=ALL-UNNAMED
21-Aug-2025 12:30:26.842 INFO [main] org.apache.catalina.startup.VersionLoggerListener.log Command line argument: -Dcatalina.home=G:\ICBT\1st_Semester\PROGRAMMING\apache-tomcat-9.0.98\apache-tomcat-9.0.98
21-Aug-2025 12:30:26.843 INFO [main] org.apache.catalina.startup.VersionLoggerListener.log Command line argument: -Dcatalina.base=D:\PahanaeduBookshop
21-Aug-2025 12:30:26.843 INFO [main] org.apache.catalina.startup.VersionLoggerListener.log Command line argument: -Djava.io.tmpdir=D:\PahanaeduBookshop\temp
21-Aug-2025 12:30:26.843 INFO [main] org.apache.catalina.startup.VersionLoggerListener.log Command line argument: -Djava.util.logging.config.file=D:\PahanaeduBookshop\conf\logging.properties
21-Aug-2025 12:30:26.844 INFO [main] org.apache.catalina.startup.VersionLoggerListener.log Command line argument: -Djava.util.logging.manager=org.apache.juli.ClassLoaderLogManager
21-Aug-2025 12:30:26.844 INFO [main] org.apache.catalina.startup.VersionLoggerListener.log Command line argument: -javaagent:C:\Program Files\JetBrains\IntelliJ IDEA Community Edition 2024.3.1.1\lib\idea_rt.jar=57394:C:\Program Files\JetBrains\IntelliJ IDEA Community Edition 2024.3.1.1\bin
21-Aug-2025 12:30:26.844 INFO [main] org.apache.catalina.startup.VersionLoggerListener.log Command line argument: -Dfile.encoding=UTF-8
21-Aug-2025 12:30:26.998 INFO [main] org.apache.catalina.core.AprLifecycleListener.lifecycleEvent Loaded Apache Tomcat Native library [1.3.1] using APR version [1.7.4].
21-Aug-2025 12:30:26.999 INFO [main] org.apache.catalina.core.AprLifecycleListener.lifecycleEvent APR capabilities: IPv6 [true], sendfile [true], accept filters [false], random [true], UDS [true].
21-Aug-2025 12:30:26.999 INFO [main] org.apache.catalina.core.AprLifecycleListener.lifecycleEvent APR/OpenSSL configuration: useAprConnector [false], useOpenSSL [true]
21-Aug-2025 12:30:27.080 INFO [main] org.apache.catalina.core.AprLifecycleListener.initializeSSL OpenSSL successfully initialized [OpenSSL 3.0.14 4 Jun 2024]
21-Aug-2025 12:30:27.455 INFO [main] org.apache.coyote.AbstractProtocol.init Initializing ProtocolHandler ["http-nio-8080"]
21-Aug-2025 12:30:27.481 INFO [main] org.apache.catalina.startup.Catalina.load Server initialization in [1007] milliseconds
21-Aug-2025 12:30:27.534 INFO [main] org.apache.catalina.core.StandardService.startInternal Starting service [Catalina]
21-Aug-2025 12:30:27.535 INFO [main] org.apache.catalina.core.StandardEngine.startInternal Starting Servlet engine: [Apache Tomcat/9.0.98]
21-Aug-2025 12:30:27.546 INFO [main] org.apache.catalina.startup.HostConfig.deployDescriptor Deploying deployment descriptor [D:\PahanaeduBookshop\conf\Catalina\localhost\PahanaeduBookshop.xml]
21-Aug-2025 12:30:31.702 INFO [main] org.apache.jasper.servlet.TldScanner.scanJars At least one JAR was scanned for TLDs yet contained no TLDs. Enable debug logging for this logger for a complete list of JARs that were scanned but no TLDs were found in them. Skipping unneeded JARs during scanning can improve startup time and JSP compilation time.
21-Aug-2025 12:30:31.930 INFO [main] org.apache.catalina.startup.HostConfig.deployDescriptor Deployment of deployment descriptor [D:\PahanaeduBookshop\conf\Catalina\localhost\PahanaeduBookshop.xml] has finished in [4,383] ms
21-Aug-2025 12:30:31.936 INFO [main] org.apache.coyote.AbstractProtocol.start Starting ProtocolHandler ["http-nio-8080"]
21-Aug-2025 12:30:32.138 INFO [main] org.apache.catalina.startup.Catalina.start Server startup in [4656] milliseconds
21-Aug-2025 12:37:56.788 INFO [Thread-1] org.apache.coyote.AbstractProtocol.pause Pausing ProtocolHandler ["http-nio-8080"]
21-Aug-2025 12:37:56.989 INFO [Thread-1] org.apache.catalina.core.StandardService.stopInternal Stopping service [Catalina]
21-Aug-2025 12:37:57.225 WARNING [Thread-1] org.apache.catalina.loader.WebappClassLoaderBase.clearReferencesJdbc The web application [PahanaeduBookshop] registered the JDBC driver [com.mysql.cj.jdbc.Driver] but failed to unregister it when the web application was stopped. To prevent a memory leak, the JDBC Driver has been forcibly unregistered.
21-Aug-2025 12:37:57.227 WARNING [Thread-1] org.apache.catalina.loader.WebappClassLoaderBase.clearReferencesThreads The web application [PahanaeduBookshop] appears to have started a thread named [mysql-cj-abandoned-connection-cleanup] but has failed to stop it. This is very likely to create a memory leak. Stack trace of thread:
 java.base@17.0.2/java.lang.Object.wait(Native Method)
 java.base@17.0.2/java.lang.ref.ReferenceQueue.remove(ReferenceQueue.java:155)
 com.mysql.cj.jdbc.AbandonedConnectionCleanupThread.run(AbandonedConnectionCleanupThread.java:91)
 java.base@17.0.2/java.util.concurrent.ThreadPoolExecutor.runWorker(ThreadPoolExecutor.java:1136)
 java.base@17.0.2/java.util.concurrent.ThreadPoolExecutor$Worker.run(ThreadPoolExecutor.java:635)
 java.base@17.0.2/java.lang.Thread.run(Thread.java:833)
21-Aug-2025 12:37:57.251 INFO [Thread-1] org.apache.coyote.AbstractProtocol.stop Stopping ProtocolHandler ["http-nio-8080"]
21-Aug-2025 12:37:57.265 INFO [Thread-1] org.apache.coyote.AbstractProtocol.destroy Destroying ProtocolHandler ["http-nio-8080"]
21-Aug-2025 12:37:57.847 INFO [mysql-cj-abandoned-connection-cleanup] org.apache.catalina.loader.WebappClassLoaderBase.checkStateForResourceLoading Illegal access: this web application instance has been stopped already. Could not load []. The following stack trace is thrown for debugging purposes as well as to attempt to terminate the thread which caused the illegal access.
	java.lang.IllegalStateException: Illegal access: this web application instance has been stopped already. Could not load []. The following stack trace is thrown for debugging purposes as well as to attempt to terminate the thread which caused the illegal access.
		at org.apache.catalina.loader.WebappClassLoaderBase.checkStateForResourceLoading(WebappClassLoaderBase.java:1369)
		at org.apache.catalina.loader.WebappClassLoaderBase.getResource(WebappClassLoaderBase.java:995)
		at com.mysql.cj.jdbc.AbandonedConnectionCleanupThread.checkThreadContextClassLoader(AbandonedConnectionCleanupThread.java:123)
		at com.mysql.cj.jdbc.AbandonedConnectionCleanupThread.run(AbandonedConnectionCleanupThread.java:90)
		at java.base/java.util.concurrent.ThreadPoolExecutor.runWorker(ThreadPoolExecutor.java:1136)
		at java.base/java.util.concurrent.ThreadPoolExecutor$Worker.run(ThreadPoolExecutor.java:635)
		at java.base/java.lang.Thread.run(Thread.java:833)
21-Aug-2025 12:37:57.853 INFO [mysql-cj-abandoned-connection-cleanup] org.apache.catalina.loader.WebappClassLoaderBase.checkStateForResourceLoading Illegal access: this web application instance has been stopped already. Could not load []. The following stack trace is thrown for debugging purposes as well as to attempt to terminate the thread which caused the illegal access.
	java.lang.IllegalStateException: Illegal access: this web application instance has been stopped already. Could not load []. The following stack trace is thrown for debugging purposes as well as to attempt to terminate the thread which caused the illegal access.
		at org.apache.catalina.loader.WebappClassLoaderBase.checkStateForResourceLoading(WebappClassLoaderBase.java:1369)
		at org.apache.catalina.loader.WebappClassLoaderBase.getResource(WebappClassLoaderBase.java:995)
		at com.mysql.cj.jdbc.AbandonedConnectionCleanupThread.checkThreadContextClassLoader(AbandonedConnectionCleanupThread.java:123)
		at com.mysql.cj.jdbc.AbandonedConnectionCleanupThread.run(AbandonedConnectionCleanupThread.java:90)
		at java.base/java.util.concurrent.ThreadPoolExecutor.runWorker(ThreadPoolExecutor.java:1136)
		at java.base/java.util.concurrent.ThreadPoolExecutor$Worker.run(ThreadPoolExecutor.java:635)
		at java.base/java.lang.Thread.run(Thread.java:833)
21-Aug-2025 12:38:54.387 INFO [main] org.apache.catalina.startup.VersionLoggerListener.log Server version name:   Apache Tomcat/9.0.98
21-Aug-2025 12:38:54.393 INFO [main] org.apache.catalina.startup.VersionLoggerListener.log Server built:          Dec 5 2024 19:50:29 UTC
21-Aug-2025 12:38:54.393 INFO [main] org.apache.catalina.startup.VersionLoggerListener.log Server version number: 9.0.98.0
21-Aug-2025 12:38:54.393 INFO [main] org.apache.catalina.startup.VersionLoggerListener.log OS Name:               Windows 10
21-Aug-2025 12:38:54.393 INFO [main] org.apache.catalina.startup.VersionLoggerListener.log OS Version:            10.0
21-Aug-2025 12:38:54.393 INFO [main] org.apache.catalina.startup.VersionLoggerListener.log Architecture:          amd64
21-Aug-2025 12:38:54.393 INFO [main] org.apache.catalina.startup.VersionLoggerListener.log Java Home:             C:\Program Files\Java\jdk-17.0.2
21-Aug-2025 12:38:54.394 INFO [main] org.apache.catalina.startup.VersionLoggerListener.log JVM Version:           17.0.2+8-LTS-86
21-Aug-2025 12:38:54.394 INFO [main] org.apache.catalina.startup.VersionLoggerListener.log JVM Vendor:            Oracle Corporation
21-Aug-2025 12:38:54.394 INFO [main] org.apache.catalina.startup.VersionLoggerListener.log CATALINA_BASE:         D:\PahanaeduBookshop
21-Aug-2025 12:38:54.394 INFO [main] org.apache.catalina.startup.VersionLoggerListener.log CATALINA_HOME:         G:\ICBT\1st_Semester\PROGRAMMING\apache-tomcat-9.0.98\apache-tomcat-9.0.98
21-Aug-2025 12:38:54.407 INFO [main] org.apache.catalina.startup.VersionLoggerListener.log Command line argument: --add-opens=java.base/java.lang=ALL-UNNAMED
21-Aug-2025 12:38:54.407 INFO [main] org.apache.catalina.startup.VersionLoggerListener.log Command line argument: --add-opens=java.base/java.io=ALL-UNNAMED
21-Aug-2025 12:38:54.407 INFO [main] org.apache.catalina.startup.VersionLoggerListener.log Command line argument: --add-opens=java.base/java.util=ALL-UNNAMED
21-Aug-2025 12:38:54.408 INFO [main] org.apache.catalina.startup.VersionLoggerListener.log Command line argument: --add-opens=java.base/java.util.concurrent=ALL-UNNAMED
21-Aug-2025 12:38:54.408 INFO [main] org.apache.catalina.startup.VersionLoggerListener.log Command line argument: --add-opens=java.rmi/sun.rmi.transport=ALL-UNNAMED
21-Aug-2025 12:38:54.408 INFO [main] org.apache.catalina.startup.VersionLoggerListener.log Command line argument: -Dcatalina.home=G:\ICBT\1st_Semester\PROGRAMMING\apache-tomcat-9.0.98\apache-tomcat-9.0.98
21-Aug-2025 12:38:54.409 INFO [main] org.apache.catalina.startup.VersionLoggerListener.log Command line argument: -Dcatalina.base=D:\PahanaeduBookshop
21-Aug-2025 12:38:54.410 INFO [main] org.apache.catalina.startup.VersionLoggerListener.log Command line argument: -Djava.io.tmpdir=D:\PahanaeduBookshop\temp
21-Aug-2025 12:38:54.410 INFO [main] org.apache.catalina.startup.VersionLoggerListener.log Command line argument: -Djava.util.logging.config.file=D:\PahanaeduBookshop\conf\logging.properties
21-Aug-2025 12:38:54.410 INFO [main] org.apache.catalina.startup.VersionLoggerListener.log Command line argument: -Djava.util.logging.manager=org.apache.juli.ClassLoaderLogManager
21-Aug-2025 12:38:54.411 INFO [main] org.apache.catalina.startup.VersionLoggerListener.log Command line argument: -javaagent:C:\Program Files\JetBrains\IntelliJ IDEA Community Edition 2024.3.1.1\lib\idea_rt.jar=57473:C:\Program Files\JetBrains\IntelliJ IDEA Community Edition 2024.3.1.1\bin
21-Aug-2025 12:38:54.411 INFO [main] org.apache.catalina.startup.VersionLoggerListener.log Command line argument: -Dfile.encoding=UTF-8
21-Aug-2025 12:38:54.746 INFO [main] org.apache.catalina.core.AprLifecycleListener.lifecycleEvent Loaded Apache Tomcat Native library [1.3.1] using APR version [1.7.4].
21-Aug-2025 12:38:54.746 INFO [main] org.apache.catalina.core.AprLifecycleListener.lifecycleEvent APR capabilities: IPv6 [true], sendfile [true], accept filters [false], random [true], UDS [true].
21-Aug-2025 12:38:54.746 INFO [main] org.apache.catalina.core.AprLifecycleListener.lifecycleEvent APR/OpenSSL configuration: useAprConnector [false], useOpenSSL [true]
21-Aug-2025 12:38:55.608 INFO [main] org.apache.catalina.core.AprLifecycleListener.initializeSSL OpenSSL successfully initialized [OpenSSL 3.0.14 4 Jun 2024]
21-Aug-2025 12:38:56.390 INFO [main] org.apache.coyote.AbstractProtocol.init Initializing ProtocolHandler ["http-nio-8080"]
21-Aug-2025 12:38:56.629 INFO [main] org.apache.catalina.startup.Catalina.load Server initialization in [3523] milliseconds
21-Aug-2025 12:38:56.851 INFO [main] org.apache.catalina.core.StandardService.startInternal Starting service [Catalina]
21-Aug-2025 12:38:56.851 INFO [main] org.apache.catalina.core.StandardEngine.startInternal Starting Servlet engine: [Apache Tomcat/9.0.98]
21-Aug-2025 12:38:56.888 INFO [main] org.apache.catalina.startup.HostConfig.deployDescriptor Deploying deployment descriptor [D:\PahanaeduBookshop\conf\Catalina\localhost\PahanaeduBookshop.xml]
21-Aug-2025 12:38:59.955 INFO [main] org.apache.jasper.servlet.TldScanner.scanJars At least one JAR was scanned for TLDs yet contained no TLDs. Enable debug logging for this logger for a complete list of JARs that were scanned but no TLDs were found in them. Skipping unneeded JARs during scanning can improve startup time and JSP compilation time.
21-Aug-2025 12:39:00.415 INFO [main] org.apache.catalina.startup.HostConfig.deployDescriptor Deployment of deployment descriptor [D:\PahanaeduBookshop\conf\Catalina\localhost\PahanaeduBookshop.xml] has finished in [3,526] ms
21-Aug-2025 12:39:00.421 INFO [main] org.apache.coyote.AbstractProtocol.start Starting ProtocolHandler ["http-nio-8080"]
21-Aug-2025 12:39:01.082 INFO [main] org.apache.catalina.startup.Catalina.start Server startup in [4451] milliseconds
21-Aug-2025 12:44:08.828 INFO [Thread-1] org.apache.coyote.AbstractProtocol.pause Pausing ProtocolHandler ["http-nio-8080"]
21-Aug-2025 12:44:08.968 INFO [Thread-1] org.apache.catalina.core.StandardService.stopInternal Stopping service [Catalina]
21-Aug-2025 12:44:09.026 WARNING [Thread-1] org.apache.catalina.loader.WebappClassLoaderBase.clearReferencesJdbc The web application [PahanaeduBookshop] registered the JDBC driver [com.mysql.cj.jdbc.Driver] but failed to unregister it when the web application was stopped. To prevent a memory leak, the JDBC Driver has been forcibly unregistered.
21-Aug-2025 12:44:09.028 WARNING [Thread-1] org.apache.catalina.loader.WebappClassLoaderBase.clearReferencesThreads The web application [PahanaeduBookshop] appears to have started a thread named [mysql-cj-abandoned-connection-cleanup] but has failed to stop it. This is very likely to create a memory leak. Stack trace of thread:
 java.base@17.0.2/java.lang.Object.wait(Native Method)
 java.base@17.0.2/java.lang.ref.ReferenceQueue.remove(ReferenceQueue.java:155)
 com.mysql.cj.jdbc.AbandonedConnectionCleanupThread.run(AbandonedConnectionCleanupThread.java:91)
 java.base@17.0.2/java.util.concurrent.ThreadPoolExecutor.runWorker(ThreadPoolExecutor.java:1136)
 java.base@17.0.2/java.util.concurrent.ThreadPoolExecutor$Worker.run(ThreadPoolExecutor.java:635)
 java.base@17.0.2/java.lang.Thread.run(Thread.java:833)
21-Aug-2025 12:44:09.043 INFO [Thread-1] org.apache.coyote.AbstractProtocol.stop Stopping ProtocolHandler ["http-nio-8080"]
21-Aug-2025 12:44:09.053 INFO [Thread-1] org.apache.coyote.AbstractProtocol.destroy Destroying ProtocolHandler ["http-nio-8080"]
21-Aug-2025 12:44:09.092 INFO [mysql-cj-abandoned-connection-cleanup] org.apache.catalina.loader.WebappClassLoaderBase.checkStateForResourceLoading Illegal access: this web application instance has been stopped already. Could not load []. The following stack trace is thrown for debugging purposes as well as to attempt to terminate the thread which caused the illegal access.
	java.lang.IllegalStateException: Illegal access: this web application instance has been stopped already. Could not load []. The following stack trace is thrown for debugging purposes as well as to attempt to terminate the thread which caused the illegal access.
		at org.apache.catalina.loader.WebappClassLoaderBase.checkStateForResourceLoading(WebappClassLoaderBase.java:1369)
		at org.apache.catalina.loader.WebappClassLoaderBase.getResource(WebappClassLoaderBase.java:995)
		at com.mysql.cj.jdbc.AbandonedConnectionCleanupThread.checkThreadContextClassLoader(AbandonedConnectionCleanupThread.java:123)
		at com.mysql.cj.jdbc.AbandonedConnectionCleanupThread.run(AbandonedConnectionCleanupThread.java:90)
		at java.base/java.util.concurrent.ThreadPoolExecutor.runWorker(ThreadPoolExecutor.java:1136)
		at java.base/java.util.concurrent.ThreadPoolExecutor$Worker.run(ThreadPoolExecutor.java:635)
		at java.base/java.lang.Thread.run(Thread.java:833)
21-Aug-2025 12:44:09.093 INFO [mysql-cj-abandoned-connection-cleanup] org.apache.catalina.loader.WebappClassLoaderBase.checkStateForResourceLoading Illegal access: this web application instance has been stopped already. Could not load []. The following stack trace is thrown for debugging purposes as well as to attempt to terminate the thread which caused the illegal access.
	java.lang.IllegalStateException: Illegal access: this web application instance has been stopped already. Could not load []. The following stack trace is thrown for debugging purposes as well as to attempt to terminate the thread which caused the illegal access.
		at org.apache.catalina.loader.WebappClassLoaderBase.checkStateForResourceLoading(WebappClassLoaderBase.java:1369)
		at org.apache.catalina.loader.WebappClassLoaderBase.getResource(WebappClassLoaderBase.java:995)
		at com.mysql.cj.jdbc.AbandonedConnectionCleanupThread.checkThreadContextClassLoader(AbandonedConnectionCleanupThread.java:123)
		at com.mysql.cj.jdbc.AbandonedConnectionCleanupThread.run(AbandonedConnectionCleanupThread.java:90)
		at java.base/java.util.concurrent.ThreadPoolExecutor.runWorker(ThreadPoolExecutor.java:1136)
		at java.base/java.util.concurrent.ThreadPoolExecutor$Worker.run(ThreadPoolExecutor.java:635)
		at java.base/java.lang.Thread.run(Thread.java:833)
21-Aug-2025 12:44:23.247 INFO [main] org.apache.catalina.startup.VersionLoggerListener.log Server version name:   Apache Tomcat/9.0.98
21-Aug-2025 12:44:23.254 INFO [main] org.apache.catalina.startup.VersionLoggerListener.log Server built:          Dec 5 2024 19:50:29 UTC
21-Aug-2025 12:44:23.254 INFO [main] org.apache.catalina.startup.VersionLoggerListener.log Server version number: 9.0.98.0
21-Aug-2025 12:44:23.255 INFO [main] org.apache.catalina.startup.VersionLoggerListener.log OS Name:               Windows 10
21-Aug-2025 12:44:23.255 INFO [main] org.apache.catalina.startup.VersionLoggerListener.log OS Version:            10.0
21-Aug-2025 12:44:23.255 INFO [main] org.apache.catalina.startup.VersionLoggerListener.log Architecture:          amd64
21-Aug-2025 12:44:23.258 INFO [main] org.apache.catalina.startup.VersionLoggerListener.log Java Home:             C:\Program Files\Java\jdk-17.0.2
21-Aug-2025 12:44:23.258 INFO [main] org.apache.catalina.startup.VersionLoggerListener.log JVM Version:           17.0.2+8-LTS-86
21-Aug-2025 12:44:23.258 INFO [main] org.apache.catalina.startup.VersionLoggerListener.log JVM Vendor:            Oracle Corporation
21-Aug-2025 12:44:23.259 INFO [main] org.apache.catalina.startup.VersionLoggerListener.log CATALINA_BASE:         D:\PahanaeduBookshop
21-Aug-2025 12:44:23.259 INFO [main] org.apache.catalina.startup.VersionLoggerListener.log CATALINA_HOME:         G:\ICBT\1st_Semester\PROGRAMMING\apache-tomcat-9.0.98\apache-tomcat-9.0.98
21-Aug-2025 12:44:23.275 INFO [main] org.apache.catalina.startup.VersionLoggerListener.log Command line argument: --add-opens=java.base/java.lang=ALL-UNNAMED
21-Aug-2025 12:44:23.275 INFO [main] org.apache.catalina.startup.VersionLoggerListener.log Command line argument: --add-opens=java.base/java.io=ALL-UNNAMED
21-Aug-2025 12:44:23.275 INFO [main] org.apache.catalina.startup.VersionLoggerListener.log Command line argument: --add-opens=java.base/java.util=ALL-UNNAMED
21-Aug-2025 12:44:23.276 INFO [main] org.apache.catalina.startup.VersionLoggerListener.log Command line argument: --add-opens=java.base/java.util.concurrent=ALL-UNNAMED
21-Aug-2025 12:44:23.276 INFO [main] org.apache.catalina.startup.VersionLoggerListener.log Command line argument: --add-opens=java.rmi/sun.rmi.transport=ALL-UNNAMED
21-Aug-2025 12:44:23.276 INFO [main] org.apache.catalina.startup.VersionLoggerListener.log Command line argument: -Dcatalina.home=G:\ICBT\1st_Semester\PROGRAMMING\apache-tomcat-9.0.98\apache-tomcat-9.0.98
21-Aug-2025 12:44:23.276 INFO [main] org.apache.catalina.startup.VersionLoggerListener.log Command line argument: -Dcatalina.base=D:\PahanaeduBookshop
21-Aug-2025 12:44:23.276 INFO [main] org.apache.catalina.startup.VersionLoggerListener.log Command line argument: -Djava.io.tmpdir=D:\PahanaeduBookshop\temp
21-Aug-2025 12:44:23.276 INFO [main] org.apache.catalina.startup.VersionLoggerListener.log Command line argument: -Djava.util.logging.config.file=D:\PahanaeduBookshop\conf\logging.properties
21-Aug-2025 12:44:23.276 INFO [main] org.apache.catalina.startup.VersionLoggerListener.log Command line argument: -Djava.util.logging.manager=org.apache.juli.ClassLoaderLogManager
21-Aug-2025 12:44:23.277 INFO [main] org.apache.catalina.startup.VersionLoggerListener.log Command line argument: -javaagent:C:\Program Files\JetBrains\IntelliJ IDEA Community Edition 2024.3.1.1\lib\idea_rt.jar=57510:C:\Program Files\JetBrains\IntelliJ IDEA Community Edition 2024.3.1.1\bin
21-Aug-2025 12:44:23.277 INFO [main] org.apache.catalina.startup.VersionLoggerListener.log Command line argument: -Dfile.encoding=UTF-8
21-Aug-2025 12:44:23.336 INFO [main] org.apache.catalina.core.AprLifecycleListener.lifecycleEvent Loaded Apache Tomcat Native library [1.3.1] using APR version [1.7.4].
21-Aug-2025 12:44:23.336 INFO [main] org.apache.catalina.core.AprLifecycleListener.lifecycleEvent APR capabilities: IPv6 [true], sendfile [true], accept filters [false], random [true], UDS [true].
21-Aug-2025 12:44:23.336 INFO [main] org.apache.catalina.core.AprLifecycleListener.lifecycleEvent APR/OpenSSL configuration: useAprConnector [false], useOpenSSL [true]
21-Aug-2025 12:44:23.358 INFO [main] org.apache.catalina.core.AprLifecycleListener.initializeSSL OpenSSL successfully initialized [OpenSSL 3.0.14 4 Jun 2024]
21-Aug-2025 12:44:23.933 INFO [main] org.apache.coyote.AbstractProtocol.init Initializing ProtocolHandler ["http-nio-8080"]
21-Aug-2025 12:44:23.963 INFO [main] org.apache.catalina.startup.Catalina.load Server initialization in [1086] milliseconds
21-Aug-2025 12:44:24.029 INFO [main] org.apache.catalina.core.StandardService.startInternal Starting service [Catalina]
21-Aug-2025 12:44:24.029 INFO [main] org.apache.catalina.core.StandardEngine.startInternal Starting Servlet engine: [Apache Tomcat/9.0.98]
21-Aug-2025 12:44:24.043 INFO [main] org.apache.catalina.startup.HostConfig.deployDescriptor Deploying deployment descriptor [D:\PahanaeduBookshop\conf\Catalina\localhost\PahanaeduBookshop.xml]
21-Aug-2025 12:44:25.763 INFO [main] org.apache.jasper.servlet.TldScanner.scanJars At least one JAR was scanned for TLDs yet contained no TLDs. Enable debug logging for this logger for a complete list of JARs that were scanned but no TLDs were found in them. Skipping unneeded JARs during scanning can improve startup time and JSP compilation time.
21-Aug-2025 12:44:25.969 INFO [main] org.apache.catalina.startup.HostConfig.deployDescriptor Deployment of deployment descriptor [D:\PahanaeduBookshop\conf\Catalina\localhost\PahanaeduBookshop.xml] has finished in [1,925] ms
21-Aug-2025 12:44:25.975 INFO [main] org.apache.coyote.AbstractProtocol.start Starting ProtocolHandler ["http-nio-8080"]
21-Aug-2025 12:44:26.033 INFO [main] org.apache.catalina.startup.Catalina.start Server startup in [2070] milliseconds
21-Aug-2025 12:49:26.601 INFO [Thread-1] org.apache.coyote.AbstractProtocol.pause Pausing ProtocolHandler ["http-nio-8080"]
21-Aug-2025 12:49:26.765 INFO [Thread-1] org.apache.catalina.core.StandardService.stopInternal Stopping service [Catalina]
21-Aug-2025 12:49:26.775 WARNING [Thread-1] org.apache.catalina.loader.WebappClassLoaderBase.clearReferencesJdbc The web application [PahanaeduBookshop] registered the JDBC driver [com.mysql.cj.jdbc.Driver] but failed to unregister it when the web application was stopped. To prevent a memory leak, the JDBC Driver has been forcibly unregistered.
21-Aug-2025 12:49:26.776 WARNING [Thread-1] org.apache.catalina.loader.WebappClassLoaderBase.clearReferencesThreads The web application [PahanaeduBookshop] appears to have started a thread named [mysql-cj-abandoned-connection-cleanup] but has failed to stop it. This is very likely to create a memory leak. Stack trace of thread:
 java.base@17.0.2/java.lang.Object.wait(Native Method)
 java.base@17.0.2/java.lang.ref.ReferenceQueue.remove(ReferenceQueue.java:155)
 com.mysql.cj.jdbc.AbandonedConnectionCleanupThread.run(AbandonedConnectionCleanupThread.java:91)
 java.base@17.0.2/java.util.concurrent.ThreadPoolExecutor.runWorker(ThreadPoolExecutor.java:1136)
 java.base@17.0.2/java.util.concurrent.ThreadPoolExecutor$Worker.run(ThreadPoolExecutor.java:635)
 java.base@17.0.2/java.lang.Thread.run(Thread.java:833)
21-Aug-2025 12:49:26.789 INFO [Thread-1] org.apache.coyote.AbstractProtocol.stop Stopping ProtocolHandler ["http-nio-8080"]
21-Aug-2025 12:49:26.802 INFO [Thread-1] org.apache.coyote.AbstractProtocol.destroy Destroying ProtocolHandler ["http-nio-8080"]
21-Aug-2025 12:49:26.836 INFO [mysql-cj-abandoned-connection-cleanup] org.apache.catalina.loader.WebappClassLoaderBase.checkStateForResourceLoading Illegal access: this web application instance has been stopped already. Could not load []. The following stack trace is thrown for debugging purposes as well as to attempt to terminate the thread which caused the illegal access.
	java.lang.IllegalStateException: Illegal access: this web application instance has been stopped already. Could not load []. The following stack trace is thrown for debugging purposes as well as to attempt to terminate the thread which caused the illegal access.
		at org.apache.catalina.loader.WebappClassLoaderBase.checkStateForResourceLoading(WebappClassLoaderBase.java:1369)
		at org.apache.catalina.loader.WebappClassLoaderBase.getResource(WebappClassLoaderBase.java:995)
		at com.mysql.cj.jdbc.AbandonedConnectionCleanupThread.checkThreadContextClassLoader(AbandonedConnectionCleanupThread.java:123)
		at com.mysql.cj.jdbc.AbandonedConnectionCleanupThread.run(AbandonedConnectionCleanupThread.java:90)
		at java.base/java.util.concurrent.ThreadPoolExecutor.runWorker(ThreadPoolExecutor.java:1136)
		at java.base/java.util.concurrent.ThreadPoolExecutor$Worker.run(ThreadPoolExecutor.java:635)
		at java.base/java.lang.Thread.run(Thread.java:833)
21-Aug-2025 12:49:35.154 INFO [main] org.apache.catalina.startup.VersionLoggerListener.log Server version name:   Apache Tomcat/9.0.98
21-Aug-2025 12:49:35.160 INFO [main] org.apache.catalina.startup.VersionLoggerListener.log Server built:          Dec 5 2024 19:50:29 UTC
21-Aug-2025 12:49:35.161 INFO [main] org.apache.catalina.startup.VersionLoggerListener.log Server version number: 9.0.98.0
21-Aug-2025 12:49:35.161 INFO [main] org.apache.catalina.startup.VersionLoggerListener.log OS Name:               Windows 10
21-Aug-2025 12:49:35.161 INFO [main] org.apache.catalina.startup.VersionLoggerListener.log OS Version:            10.0
21-Aug-2025 12:49:35.163 INFO [main] org.apache.catalina.startup.VersionLoggerListener.log Architecture:          amd64
21-Aug-2025 12:49:35.164 INFO [main] org.apache.catalina.startup.VersionLoggerListener.log Java Home:             C:\Program Files\Java\jdk-17.0.2
21-Aug-2025 12:49:35.164 INFO [main] org.apache.catalina.startup.VersionLoggerListener.log JVM Version:           17.0.2+8-LTS-86
21-Aug-2025 12:49:35.165 INFO [main] org.apache.catalina.startup.VersionLoggerListener.log JVM Vendor:            Oracle Corporation
21-Aug-2025 12:49:35.165 INFO [main] org.apache.catalina.startup.VersionLoggerListener.log CATALINA_BASE:         D:\PahanaeduBookshop
21-Aug-2025 12:49:35.165 INFO [main] org.apache.catalina.startup.VersionLoggerListener.log CATALINA_HOME:         G:\ICBT\1st_Semester\PROGRAMMING\apache-tomcat-9.0.98\apache-tomcat-9.0.98
21-Aug-2025 12:49:35.178 INFO [main] org.apache.catalina.startup.VersionLoggerListener.log Command line argument: --add-opens=java.base/java.lang=ALL-UNNAMED
21-Aug-2025 12:49:35.179 INFO [main] org.apache.catalina.startup.VersionLoggerListener.log Command line argument: --add-opens=java.base/java.io=ALL-UNNAMED
21-Aug-2025 12:49:35.179 INFO [main] org.apache.catalina.startup.VersionLoggerListener.log Command line argument: --add-opens=java.base/java.util=ALL-UNNAMED
21-Aug-2025 12:49:35.180 INFO [main] org.apache.catalina.startup.VersionLoggerListener.log Command line argument: --add-opens=java.base/java.util.concurrent=ALL-UNNAMED
21-Aug-2025 12:49:35.180 INFO [main] org.apache.catalina.startup.VersionLoggerListener.log Command line argument: --add-opens=java.rmi/sun.rmi.transport=ALL-UNNAMED
21-Aug-2025 12:49:35.180 INFO [main] org.apache.catalina.startup.VersionLoggerListener.log Command line argument: -Dcatalina.home=G:\ICBT\1st_Semester\PROGRAMMING\apache-tomcat-9.0.98\apache-tomcat-9.0.98
21-Aug-2025 12:49:35.180 INFO [main] org.apache.catalina.startup.VersionLoggerListener.log Command line argument: -Dcatalina.base=D:\PahanaeduBookshop
21-Aug-2025 12:49:35.181 INFO [main] org.apache.catalina.startup.VersionLoggerListener.log Command line argument: -Djava.io.tmpdir=D:\PahanaeduBookshop\temp
21-Aug-2025 12:49:35.181 INFO [main] org.apache.catalina.startup.VersionLoggerListener.log Command line argument: -Djava.util.logging.config.file=D:\PahanaeduBookshop\conf\logging.properties
21-Aug-2025 12:49:35.181 INFO [main] org.apache.catalina.startup.VersionLoggerListener.log Command line argument: -Djava.util.logging.manager=org.apache.juli.ClassLoaderLogManager
21-Aug-2025 12:49:35.183 INFO [main] org.apache.catalina.startup.VersionLoggerListener.log Command line argument: -javaagent:C:\Program Files\JetBrains\IntelliJ IDEA Community Edition 2024.3.1.1\lib\idea_rt.jar=57550:C:\Program Files\JetBrains\IntelliJ IDEA Community Edition 2024.3.1.1\bin
21-Aug-2025 12:49:35.183 INFO [main] org.apache.catalina.startup.VersionLoggerListener.log Command line argument: -Dfile.encoding=UTF-8
21-Aug-2025 12:49:35.255 INFO [main] org.apache.catalina.core.AprLifecycleListener.lifecycleEvent Loaded Apache Tomcat Native library [1.3.1] using APR version [1.7.4].
21-Aug-2025 12:49:35.256 INFO [main] org.apache.catalina.core.AprLifecycleListener.lifecycleEvent APR capabilities: IPv6 [true], sendfile [true], accept filters [false], random [true], UDS [true].
21-Aug-2025 12:49:35.256 INFO [main] org.apache.catalina.core.AprLifecycleListener.lifecycleEvent APR/OpenSSL configuration: useAprConnector [false], useOpenSSL [true]
21-Aug-2025 12:49:35.295 INFO [main] org.apache.catalina.core.AprLifecycleListener.initializeSSL OpenSSL successfully initialized [OpenSSL 3.0.14 4 Jun 2024]
21-Aug-2025 12:49:35.802 INFO [main] org.apache.coyote.AbstractProtocol.init Initializing ProtocolHandler ["http-nio-8080"]
21-Aug-2025 12:49:35.836 INFO [main] org.apache.catalina.startup.Catalina.load Server initialization in [1071] milliseconds
21-Aug-2025 12:49:35.903 INFO [main] org.apache.catalina.core.StandardService.startInternal Starting service [Catalina]
21-Aug-2025 12:49:35.904 INFO [main] org.apache.catalina.core.StandardEngine.startInternal Starting Servlet engine: [Apache Tomcat/9.0.98]
21-Aug-2025 12:49:35.918 INFO [main] org.apache.catalina.startup.HostConfig.deployDescriptor Deploying deployment descriptor [D:\PahanaeduBookshop\conf\Catalina\localhost\PahanaeduBookshop.xml]
21-Aug-2025 12:49:37.482 INFO [main] org.apache.jasper.servlet.TldScanner.scanJars At least one JAR was scanned for TLDs yet contained no TLDs. Enable debug logging for this logger for a complete list of JARs that were scanned but no TLDs were found in them. Skipping unneeded JARs during scanning can improve startup time and JSP compilation time.
21-Aug-2025 12:49:37.648 INFO [main] org.apache.catalina.startup.HostConfig.deployDescriptor Deployment of deployment descriptor [D:\PahanaeduBookshop\conf\Catalina\localhost\PahanaeduBookshop.xml] has finished in [1,730] ms
21-Aug-2025 12:49:37.652 INFO [main] org.apache.coyote.AbstractProtocol.start Starting ProtocolHandler ["http-nio-8080"]
21-Aug-2025 12:49:37.718 INFO [main] org.apache.catalina.startup.Catalina.start Server startup in [1881] milliseconds
21-Aug-2025 13:21:19.362 INFO [main] org.apache.catalina.startup.VersionLoggerListener.log Server version name:   Apache Tomcat/9.0.98
21-Aug-2025 13:21:19.379 INFO [main] org.apache.catalina.startup.VersionLoggerListener.log Server built:          Dec 5 2024 19:50:29 UTC
21-Aug-2025 13:21:19.380 INFO [main] org.apache.catalina.startup.VersionLoggerListener.log Server version number: 9.0.98.0
21-Aug-2025 13:21:19.380 INFO [main] org.apache.catalina.startup.VersionLoggerListener.log OS Name:               Windows 10
21-Aug-2025 13:21:19.381 INFO [main] org.apache.catalina.startup.VersionLoggerListener.log OS Version:            10.0
21-Aug-2025 13:21:19.381 INFO [main] org.apache.catalina.startup.VersionLoggerListener.log Architecture:          amd64
21-Aug-2025 13:21:19.382 INFO [main] org.apache.catalina.startup.VersionLoggerListener.log Java Home:             C:\Program Files\Java\jdk-17.0.2
21-Aug-2025 13:21:19.382 INFO [main] org.apache.catalina.startup.VersionLoggerListener.log JVM Version:           17.0.2+8-LTS-86
21-Aug-2025 13:21:19.383 INFO [main] org.apache.catalina.startup.VersionLoggerListener.log JVM Vendor:            Oracle Corporation
21-Aug-2025 13:21:19.384 INFO [main] org.apache.catalina.startup.VersionLoggerListener.log CATALINA_BASE:         D:\PahanaeduBookshop
21-Aug-2025 13:21:19.384 INFO [main] org.apache.catalina.startup.VersionLoggerListener.log CATALINA_HOME:         G:\ICBT\1st_Semester\PROGRAMMING\apache-tomcat-9.0.98\apache-tomcat-9.0.98
21-Aug-2025 13:21:19.410 INFO [main] org.apache.catalina.startup.VersionLoggerListener.log Command line argument: --add-opens=java.base/java.lang=ALL-UNNAMED
21-Aug-2025 13:21:19.427 INFO [main] org.apache.catalina.startup.VersionLoggerListener.log Command line argument: --add-opens=java.base/java.io=ALL-UNNAMED
21-Aug-2025 13:21:19.427 INFO [main] org.apache.catalina.startup.VersionLoggerListener.log Command line argument: --add-opens=java.base/java.util=ALL-UNNAMED
21-Aug-2025 13:21:19.428 INFO [main] org.apache.catalina.startup.VersionLoggerListener.log Command line argument: --add-opens=java.base/java.util.concurrent=ALL-UNNAMED
21-Aug-2025 13:21:19.428 INFO [main] org.apache.catalina.startup.VersionLoggerListener.log Command line argument: --add-opens=java.rmi/sun.rmi.transport=ALL-UNNAMED
21-Aug-2025 13:21:19.428 INFO [main] org.apache.catalina.startup.VersionLoggerListener.log Command line argument: -Dcatalina.home=G:\ICBT\1st_Semester\PROGRAMMING\apache-tomcat-9.0.98\apache-tomcat-9.0.98
21-Aug-2025 13:21:19.428 INFO [main] org.apache.catalina.startup.VersionLoggerListener.log Command line argument: -Dcatalina.base=D:\PahanaeduBookshop
21-Aug-2025 13:21:19.428 INFO [main] org.apache.catalina.startup.VersionLoggerListener.log Command line argument: -Djava.io.tmpdir=D:\PahanaeduBookshop\temp
21-Aug-2025 13:21:19.428 INFO [main] org.apache.catalina.startup.VersionLoggerListener.log Command line argument: -Djava.util.logging.config.file=D:\PahanaeduBookshop\conf\logging.properties
21-Aug-2025 13:21:19.428 INFO [main] org.apache.catalina.startup.VersionLoggerListener.log Command line argument: -Djava.util.logging.manager=org.apache.juli.ClassLoaderLogManager
21-Aug-2025 13:21:19.429 INFO [main] org.apache.catalina.startup.VersionLoggerListener.log Command line argument: -javaagent:C:\Program Files\JetBrains\IntelliJ IDEA Community Edition 2024.3.1.1\lib\idea_rt.jar=57658:C:\Program Files\JetBrains\IntelliJ IDEA Community Edition 2024.3.1.1\bin
21-Aug-2025 13:21:19.429 INFO [main] org.apache.catalina.startup.VersionLoggerListener.log Command line argument: -Dfile.encoding=UTF-8
21-Aug-2025 13:21:20.252 INFO [main] org.apache.catalina.core.AprLifecycleListener.lifecycleEvent Loaded Apache Tomcat Native library [1.3.1] using APR version [1.7.4].
21-Aug-2025 13:21:20.253 INFO [main] org.apache.catalina.core.AprLifecycleListener.lifecycleEvent APR capabilities: IPv6 [true], sendfile [true], accept filters [false], random [true], UDS [true].
21-Aug-2025 13:21:20.253 INFO [main] org.apache.catalina.core.AprLifecycleListener.lifecycleEvent APR/OpenSSL configuration: useAprConnector [false], useOpenSSL [true]
21-Aug-2025 13:21:23.488 INFO [main] org.apache.catalina.core.AprLifecycleListener.initializeSSL OpenSSL successfully initialized [OpenSSL 3.0.14 4 Jun 2024]
21-Aug-2025 13:21:25.198 INFO [main] org.apache.coyote.AbstractProtocol.init Initializing ProtocolHandler ["http-nio-8080"]
21-Aug-2025 13:21:25.458 INFO [main] org.apache.catalina.startup.Catalina.load Server initialization in [10582] milliseconds
21-Aug-2025 13:21:26.026 INFO [main] org.apache.catalina.core.StandardService.startInternal Starting service [Catalina]
21-Aug-2025 13:21:26.027 INFO [main] org.apache.catalina.core.StandardEngine.startInternal Starting Servlet engine: [Apache Tomcat/9.0.98]
21-Aug-2025 13:21:26.106 INFO [main] org.apache.catalina.startup.HostConfig.deployDescriptor Deploying deployment descriptor [D:\PahanaeduBookshop\conf\Catalina\localhost\PahanaeduBookshop.xml]
21-Aug-2025 13:21:36.414 INFO [main] org.apache.jasper.servlet.TldScanner.scanJars At least one JAR was scanned for TLDs yet contained no TLDs. Enable debug logging for this logger for a complete list of JARs that were scanned but no TLDs were found in them. Skipping unneeded JARs during scanning can improve startup time and JSP compilation time.
21-Aug-2025 13:21:37.571 WARNING [main] org.apache.catalina.util.SessionIdGeneratorBase.createSecureRandom Creation of SecureRandom instance for session ID generation using [SHA1PRNG] took [186] milliseconds.
21-Aug-2025 13:21:38.364 INFO [main] org.apache.catalina.startup.HostConfig.deployDescriptor Deployment of deployment descriptor [D:\PahanaeduBookshop\conf\Catalina\localhost\PahanaeduBookshop.xml] has finished in [12,258] ms
21-Aug-2025 13:21:38.370 INFO [main] org.apache.coyote.AbstractProtocol.start Starting ProtocolHandler ["http-nio-8080"]
21-Aug-2025 13:21:38.881 INFO [main] org.apache.catalina.startup.Catalina.start Server startup in [13422] milliseconds
21-Aug-2025 13:32:53.524 INFO [Thread-1] org.apache.coyote.AbstractProtocol.pause Pausing ProtocolHandler ["http-nio-8080"]
21-Aug-2025 13:32:53.756 INFO [Thread-1] org.apache.catalina.core.StandardService.stopInternal Stopping service [Catalina]
21-Aug-2025 13:32:54.121 WARNING [Thread-1] org.apache.catalina.loader.WebappClassLoaderBase.clearReferencesJdbc The web application [PahanaeduBookshop] registered the JDBC driver [com.mysql.cj.jdbc.Driver] but failed to unregister it when the web application was stopped. To prevent a memory leak, the JDBC Driver has been forcibly unregistered.
21-Aug-2025 13:32:54.124 WARNING [Thread-1] org.apache.catalina.loader.WebappClassLoaderBase.clearReferencesThreads The web application [PahanaeduBookshop] appears to have started a thread named [mysql-cj-abandoned-connection-cleanup] but has failed to stop it. This is very likely to create a memory leak. Stack trace of thread:
 java.base@17.0.2/java.lang.Object.wait(Native Method)
 java.base@17.0.2/java.lang.ref.ReferenceQueue.remove(ReferenceQueue.java:155)
 com.mysql.cj.jdbc.AbandonedConnectionCleanupThread.run(AbandonedConnectionCleanupThread.java:91)
 java.base@17.0.2/java.util.concurrent.ThreadPoolExecutor.runWorker(ThreadPoolExecutor.java:1136)
 java.base@17.0.2/java.util.concurrent.ThreadPoolExecutor$Worker.run(ThreadPoolExecutor.java:635)
 java.base@17.0.2/java.lang.Thread.run(Thread.java:833)
21-Aug-2025 13:32:54.226 INFO [Thread-1] org.apache.coyote.AbstractProtocol.stop Stopping ProtocolHandler ["http-nio-8080"]
21-Aug-2025 13:32:54.270 INFO [Thread-1] org.apache.coyote.AbstractProtocol.destroy Destroying ProtocolHandler ["http-nio-8080"]
21-Aug-2025 13:32:54.738 INFO [mysql-cj-abandoned-connection-cleanup] org.apache.catalina.loader.WebappClassLoaderBase.checkStateForResourceLoading Illegal access: this web application instance has been stopped already. Could not load []. The following stack trace is thrown for debugging purposes as well as to attempt to terminate the thread which caused the illegal access.
	java.lang.IllegalStateException: Illegal access: this web application instance has been stopped already. Could not load []. The following stack trace is thrown for debugging purposes as well as to attempt to terminate the thread which caused the illegal access.
		at org.apache.catalina.loader.WebappClassLoaderBase.checkStateForResourceLoading(WebappClassLoaderBase.java:1369)
		at org.apache.catalina.loader.WebappClassLoaderBase.getResource(WebappClassLoaderBase.java:995)
		at com.mysql.cj.jdbc.AbandonedConnectionCleanupThread.checkThreadContextClassLoader(AbandonedConnectionCleanupThread.java:123)
		at com.mysql.cj.jdbc.AbandonedConnectionCleanupThread.run(AbandonedConnectionCleanupThread.java:90)
		at java.base/java.util.concurrent.ThreadPoolExecutor.runWorker(ThreadPoolExecutor.java:1136)
		at java.base/java.util.concurrent.ThreadPoolExecutor$Worker.run(ThreadPoolExecutor.java:635)
		at java.base/java.lang.Thread.run(Thread.java:833)
21-Aug-2025 13:32:54.739 INFO [mysql-cj-abandoned-connection-cleanup] org.apache.catalina.loader.WebappClassLoaderBase.checkStateForResourceLoading Illegal access: this web application instance has been stopped already. Could not load []. The following stack trace is thrown for debugging purposes as well as to attempt to terminate the thread which caused the illegal access.
	java.lang.IllegalStateException: Illegal access: this web application instance has been stopped already. Could not load []. The following stack trace is thrown for debugging purposes as well as to attempt to terminate the thread which caused the illegal access.
		at org.apache.catalina.loader.WebappClassLoaderBase.checkStateForResourceLoading(WebappClassLoaderBase.java:1369)
		at org.apache.catalina.loader.WebappClassLoaderBase.getResource(WebappClassLoaderBase.java:995)
		at com.mysql.cj.jdbc.AbandonedConnectionCleanupThread.checkThreadContextClassLoader(AbandonedConnectionCleanupThread.java:123)
		at com.mysql.cj.jdbc.AbandonedConnectionCleanupThread.run(AbandonedConnectionCleanupThread.java:90)
		at java.base/java.util.concurrent.ThreadPoolExecutor.runWorker(ThreadPoolExecutor.java:1136)
		at java.base/java.util.concurrent.ThreadPoolExecutor$Worker.run(ThreadPoolExecutor.java:635)
		at java.base/java.lang.Thread.run(Thread.java:833)
21-Aug-2025 13:33:13.376 INFO [main] org.apache.catalina.startup.VersionLoggerListener.log Server version name:   Apache Tomcat/9.0.98
21-Aug-2025 13:33:13.381 INFO [main] org.apache.catalina.startup.VersionLoggerListener.log Server built:          Dec 5 2024 19:50:29 UTC
21-Aug-2025 13:33:13.381 INFO [main] org.apache.catalina.startup.VersionLoggerListener.log Server version number: 9.0.98.0
21-Aug-2025 13:33:13.381 INFO [main] org.apache.catalina.startup.VersionLoggerListener.log OS Name:               Windows 10
21-Aug-2025 13:33:13.382 INFO [main] org.apache.catalina.startup.VersionLoggerListener.log OS Version:            10.0
21-Aug-2025 13:33:13.382 INFO [main] org.apache.catalina.startup.VersionLoggerListener.log Architecture:          amd64
21-Aug-2025 13:33:13.382 INFO [main] org.apache.catalina.startup.VersionLoggerListener.log Java Home:             C:\Program Files\Java\jdk-17.0.2
21-Aug-2025 13:33:13.382 INFO [main] org.apache.catalina.startup.VersionLoggerListener.log JVM Version:           17.0.2+8-LTS-86
21-Aug-2025 13:33:13.382 INFO [main] org.apache.catalina.startup.VersionLoggerListener.log JVM Vendor:            Oracle Corporation
21-Aug-2025 13:33:13.382 INFO [main] org.apache.catalina.startup.VersionLoggerListener.log CATALINA_BASE:         D:\PahanaeduBookshop
21-Aug-2025 13:33:13.383 INFO [main] org.apache.catalina.startup.VersionLoggerListener.log CATALINA_HOME:         G:\ICBT\1st_Semester\PROGRAMMING\apache-tomcat-9.0.98\apache-tomcat-9.0.98
21-Aug-2025 13:33:13.397 INFO [main] org.apache.catalina.startup.VersionLoggerListener.log Command line argument: --add-opens=java.base/java.lang=ALL-UNNAMED
21-Aug-2025 13:33:13.398 INFO [main] org.apache.catalina.startup.VersionLoggerListener.log Command line argument: --add-opens=java.base/java.io=ALL-UNNAMED
21-Aug-2025 13:33:13.398 INFO [main] org.apache.catalina.startup.VersionLoggerListener.log Command line argument: --add-opens=java.base/java.util=ALL-UNNAMED
21-Aug-2025 13:33:13.398 INFO [main] org.apache.catalina.startup.VersionLoggerListener.log Command line argument: --add-opens=java.base/java.util.concurrent=ALL-UNNAMED
21-Aug-2025 13:33:13.398 INFO [main] org.apache.catalina.startup.VersionLoggerListener.log Command line argument: --add-opens=java.rmi/sun.rmi.transport=ALL-UNNAMED
21-Aug-2025 13:33:13.398 INFO [main] org.apache.catalina.startup.VersionLoggerListener.log Command line argument: -Dcatalina.home=G:\ICBT\1st_Semester\PROGRAMMING\apache-tomcat-9.0.98\apache-tomcat-9.0.98
21-Aug-2025 13:33:13.399 INFO [main] org.apache.catalina.startup.VersionLoggerListener.log Command line argument: -Dcatalina.base=D:\PahanaeduBookshop
21-Aug-2025 13:33:13.399 INFO [main] org.apache.catalina.startup.VersionLoggerListener.log Command line argument: -Djava.io.tmpdir=D:\PahanaeduBookshop\temp
21-Aug-2025 13:33:13.399 INFO [main] org.apache.catalina.startup.VersionLoggerListener.log Command line argument: -Djava.util.logging.config.file=D:\PahanaeduBookshop\conf\logging.properties
21-Aug-2025 13:33:13.399 INFO [main] org.apache.catalina.startup.VersionLoggerListener.log Command line argument: -Djava.util.logging.manager=org.apache.juli.ClassLoaderLogManager
21-Aug-2025 13:33:13.399 INFO [main] org.apache.catalina.startup.VersionLoggerListener.log Command line argument: -javaagent:C:\Program Files\JetBrains\IntelliJ IDEA Community Edition 2024.3.1.1\lib\idea_rt.jar=57743:C:\Program Files\JetBrains\IntelliJ IDEA Community Edition 2024.3.1.1\bin
21-Aug-2025 13:33:13.399 INFO [main] org.apache.catalina.startup.VersionLoggerListener.log Command line argument: -Dfile.encoding=UTF-8
21-Aug-2025 13:33:13.569 INFO [main] org.apache.catalina.core.AprLifecycleListener.lifecycleEvent Loaded Apache Tomcat Native library [1.3.1] using APR version [1.7.4].
21-Aug-2025 13:33:13.570 INFO [main] org.apache.catalina.core.AprLifecycleListener.lifecycleEvent APR capabilities: IPv6 [true], sendfile [true], accept filters [false], random [true], UDS [true].
21-Aug-2025 13:33:13.570 INFO [main] org.apache.catalina.core.AprLifecycleListener.lifecycleEvent APR/OpenSSL configuration: useAprConnector [false], useOpenSSL [true]
21-Aug-2025 13:33:13.588 INFO [main] org.apache.catalina.core.AprLifecycleListener.initializeSSL OpenSSL successfully initialized [OpenSSL 3.0.14 4 Jun 2024]
21-Aug-2025 13:33:14.291 INFO [main] org.apache.coyote.AbstractProtocol.init Initializing ProtocolHandler ["http-nio-8080"]
21-Aug-2025 13:33:14.341 INFO [main] org.apache.catalina.startup.Catalina.load Server initialization in [1356] milliseconds
21-Aug-2025 13:33:14.408 INFO [main] org.apache.catalina.core.StandardService.startInternal Starting service [Catalina]
21-Aug-2025 13:33:14.408 INFO [main] org.apache.catalina.core.StandardEngine.startInternal Starting Servlet engine: [Apache Tomcat/9.0.98]
21-Aug-2025 13:33:14.417 INFO [main] org.apache.catalina.startup.HostConfig.deployDescriptor Deploying deployment descriptor [D:\PahanaeduBookshop\conf\Catalina\localhost\PahanaeduBookshop.xml]
21-Aug-2025 13:33:16.946 INFO [main] org.apache.jasper.servlet.TldScanner.scanJars At least one JAR was scanned for TLDs yet contained no TLDs. Enable debug logging for this logger for a complete list of JARs that were scanned but no TLDs were found in them. Skipping unneeded JARs during scanning can improve startup time and JSP compilation time.
21-Aug-2025 13:33:17.172 WARNING [main] org.apache.catalina.util.SessionIdGeneratorBase.createSecureRandom Creation of SecureRandom instance for session ID generation using [SHA1PRNG] took [122] milliseconds.
21-Aug-2025 13:33:17.207 INFO [main] org.apache.catalina.startup.HostConfig.deployDescriptor Deployment of deployment descriptor [D:\PahanaeduBookshop\conf\Catalina\localhost\PahanaeduBookshop.xml] has finished in [2,790] ms
21-Aug-2025 13:33:17.214 INFO [main] org.apache.coyote.AbstractProtocol.start Starting ProtocolHandler ["http-nio-8080"]
21-Aug-2025 13:33:17.266 INFO [main] org.apache.catalina.startup.Catalina.start Server startup in [2923] milliseconds
21-Aug-2025 13:41:45.193 INFO [Thread-1] org.apache.coyote.AbstractProtocol.pause Pausing ProtocolHandler ["http-nio-8080"]
21-Aug-2025 13:41:46.336 INFO [Thread-1] org.apache.catalina.core.StandardService.stopInternal Stopping service [Catalina]
21-Aug-2025 13:41:48.958 WARNING [Thread-1] org.apache.catalina.loader.WebappClassLoaderBase.clearReferencesJdbc The web application [PahanaeduBookshop] registered the JDBC driver [com.mysql.cj.jdbc.Driver] but failed to unregister it when the web application was stopped. To prevent a memory leak, the JDBC Driver has been forcibly unregistered.
21-Aug-2025 13:41:49.084 WARNING [Thread-1] org.apache.catalina.loader.WebappClassLoaderBase.clearReferencesThreads The web application [PahanaeduBookshop] appears to have started a thread named [mysql-cj-abandoned-connection-cleanup] but has failed to stop it. This is very likely to create a memory leak. Stack trace of thread:
 java.base@17.0.2/java.lang.Object.wait(Native Method)
 java.base@17.0.2/java.lang.ref.ReferenceQueue.remove(ReferenceQueue.java:155)
 com.mysql.cj.jdbc.AbandonedConnectionCleanupThread.run(AbandonedConnectionCleanupThread.java:91)
 java.base@17.0.2/java.util.concurrent.ThreadPoolExecutor.runWorker(ThreadPoolExecutor.java:1136)
 java.base@17.0.2/java.util.concurrent.ThreadPoolExecutor$Worker.run(ThreadPoolExecutor.java:635)
 java.base@17.0.2/java.lang.Thread.run(Thread.java:833)
21-Aug-2025 13:41:50.869 INFO [Thread-1] org.apache.coyote.AbstractProtocol.stop Stopping ProtocolHandler ["http-nio-8080"]
21-Aug-2025 13:41:51.220 INFO [Thread-1] org.apache.coyote.AbstractProtocol.destroy Destroying ProtocolHandler ["http-nio-8080"]
21-Aug-2025 13:41:54.732 INFO [mysql-cj-abandoned-connection-cleanup] org.apache.catalina.loader.WebappClassLoaderBase.checkStateForResourceLoading Illegal access: this web application instance has been stopped already. Could not load []. The following stack trace is thrown for debugging purposes as well as to attempt to terminate the thread which caused the illegal access.
	java.lang.IllegalStateException: Illegal access: this web application instance has been stopped already. Could not load []. The following stack trace is thrown for debugging purposes as well as to attempt to terminate the thread which caused the illegal access.
		at org.apache.catalina.loader.WebappClassLoaderBase.checkStateForResourceLoading(WebappClassLoaderBase.java:1369)
		at org.apache.catalina.loader.WebappClassLoaderBase.getResource(WebappClassLoaderBase.java:995)
		at com.mysql.cj.jdbc.AbandonedConnectionCleanupThread.checkThreadContextClassLoader(AbandonedConnectionCleanupThread.java:123)
		at com.mysql.cj.jdbc.AbandonedConnectionCleanupThread.run(AbandonedConnectionCleanupThread.java:90)
		at java.base/java.util.concurrent.ThreadPoolExecutor.runWorker(ThreadPoolExecutor.java:1136)
		at java.base/java.util.concurrent.ThreadPoolExecutor$Worker.run(ThreadPoolExecutor.java:635)
		at java.base/java.lang.Thread.run(Thread.java:833)
21-Aug-2025 13:41:54.734 INFO [mysql-cj-abandoned-connection-cleanup] org.apache.catalina.loader.WebappClassLoaderBase.checkStateForResourceLoading Illegal access: this web application instance has been stopped already. Could not load []. The following stack trace is thrown for debugging purposes as well as to attempt to terminate the thread which caused the illegal access.
	java.lang.IllegalStateException: Illegal access: this web application instance has been stopped already. Could not load []. The following stack trace is thrown for debugging purposes as well as to attempt to terminate the thread which caused the illegal access.
		at org.apache.catalina.loader.WebappClassLoaderBase.checkStateForResourceLoading(WebappClassLoaderBase.java:1369)
		at org.apache.catalina.loader.WebappClassLoaderBase.getResource(WebappClassLoaderBase.java:995)
		at com.mysql.cj.jdbc.AbandonedConnectionCleanupThread.checkThreadContextClassLoader(AbandonedConnectionCleanupThread.java:123)
		at com.mysql.cj.jdbc.AbandonedConnectionCleanupThread.run(AbandonedConnectionCleanupThread.java:90)
		at java.base/java.util.concurrent.ThreadPoolExecutor.runWorker(ThreadPoolExecutor.java:1136)
		at java.base/java.util.concurrent.ThreadPoolExecutor$Worker.run(ThreadPoolExecutor.java:635)
		at java.base/java.lang.Thread.run(Thread.java:833)
21-Aug-2025 13:42:58.446 INFO [main] org.apache.catalina.startup.VersionLoggerListener.log Server version name:   Apache Tomcat/9.0.98
21-Aug-2025 13:42:58.459 INFO [main] org.apache.catalina.startup.VersionLoggerListener.log Server built:          Dec 5 2024 19:50:29 UTC
21-Aug-2025 13:42:58.460 INFO [main] org.apache.catalina.startup.VersionLoggerListener.log Server version number: 9.0.98.0
21-Aug-2025 13:42:58.460 INFO [main] org.apache.catalina.startup.VersionLoggerListener.log OS Name:               Windows 10
21-Aug-2025 13:42:58.461 INFO [main] org.apache.catalina.startup.VersionLoggerListener.log OS Version:            10.0
21-Aug-2025 13:42:58.461 INFO [main] org.apache.catalina.startup.VersionLoggerListener.log Architecture:          amd64
21-Aug-2025 13:42:58.462 INFO [main] org.apache.catalina.startup.VersionLoggerListener.log Java Home:             C:\Program Files\Java\jdk-17.0.2
21-Aug-2025 13:42:58.462 INFO [main] org.apache.catalina.startup.VersionLoggerListener.log JVM Version:           17.0.2+8-LTS-86
21-Aug-2025 13:42:58.463 INFO [main] org.apache.catalina.startup.VersionLoggerListener.log JVM Vendor:            Oracle Corporation
21-Aug-2025 13:42:58.463 INFO [main] org.apache.catalina.startup.VersionLoggerListener.log CATALINA_BASE:         D:\PahanaeduBookshop
21-Aug-2025 13:42:58.464 INFO [main] org.apache.catalina.startup.VersionLoggerListener.log CATALINA_HOME:         G:\ICBT\1st_Semester\PROGRAMMING\apache-tomcat-9.0.98\apache-tomcat-9.0.98
21-Aug-2025 13:42:58.485 INFO [main] org.apache.catalina.startup.VersionLoggerListener.log Command line argument: --add-opens=java.base/java.lang=ALL-UNNAMED
21-Aug-2025 13:42:58.486 INFO [main] org.apache.catalina.startup.VersionLoggerListener.log Command line argument: --add-opens=java.base/java.io=ALL-UNNAMED
21-Aug-2025 13:42:58.486 INFO [main] org.apache.catalina.startup.VersionLoggerListener.log Command line argument: --add-opens=java.base/java.util=ALL-UNNAMED
21-Aug-2025 13:42:58.486 INFO [main] org.apache.catalina.startup.VersionLoggerListener.log Command line argument: --add-opens=java.base/java.util.concurrent=ALL-UNNAMED
21-Aug-2025 13:42:58.486 INFO [main] org.apache.catalina.startup.VersionLoggerListener.log Command line argument: --add-opens=java.rmi/sun.rmi.transport=ALL-UNNAMED
21-Aug-2025 13:42:58.487 INFO [main] org.apache.catalina.startup.VersionLoggerListener.log Command line argument: -Dcatalina.home=G:\ICBT\1st_Semester\PROGRAMMING\apache-tomcat-9.0.98\apache-tomcat-9.0.98
21-Aug-2025 13:42:58.487 INFO [main] org.apache.catalina.startup.VersionLoggerListener.log Command line argument: -Dcatalina.base=D:\PahanaeduBookshop
21-Aug-2025 13:42:58.487 INFO [main] org.apache.catalina.startup.VersionLoggerListener.log Command line argument: -Djava.io.tmpdir=D:\PahanaeduBookshop\temp
21-Aug-2025 13:42:58.487 INFO [main] org.apache.catalina.startup.VersionLoggerListener.log Command line argument: -Djava.util.logging.config.file=D:\PahanaeduBookshop\conf\logging.properties
21-Aug-2025 13:42:58.488 INFO [main] org.apache.catalina.startup.VersionLoggerListener.log Command line argument: -Djava.util.logging.manager=org.apache.juli.ClassLoaderLogManager
21-Aug-2025 13:42:58.488 INFO [main] org.apache.catalina.startup.VersionLoggerListener.log Command line argument: -javaagent:C:\Program Files\JetBrains\IntelliJ IDEA Community Edition 2024.3.1.1\lib\idea_rt.jar=57787:C:\Program Files\JetBrains\IntelliJ IDEA Community Edition 2024.3.1.1\bin
21-Aug-2025 13:42:58.488 INFO [main] org.apache.catalina.startup.VersionLoggerListener.log Command line argument: -Dfile.encoding=UTF-8
21-Aug-2025 13:42:58.982 INFO [main] org.apache.catalina.core.AprLifecycleListener.lifecycleEvent Loaded Apache Tomcat Native library [1.3.1] using APR version [1.7.4].
21-Aug-2025 13:42:58.982 INFO [main] org.apache.catalina.core.AprLifecycleListener.lifecycleEvent APR capabilities: IPv6 [true], sendfile [true], accept filters [false], random [true], UDS [true].
21-Aug-2025 13:42:58.983 INFO [main] org.apache.catalina.core.AprLifecycleListener.lifecycleEvent APR/OpenSSL configuration: useAprConnector [false], useOpenSSL [true]
21-Aug-2025 13:43:00.562 INFO [main] org.apache.catalina.core.AprLifecycleListener.initializeSSL OpenSSL successfully initialized [OpenSSL 3.0.14 4 Jun 2024]
21-Aug-2025 13:43:01.415 INFO [main] org.apache.coyote.AbstractProtocol.init Initializing ProtocolHandler ["http-nio-8080"]
21-Aug-2025 13:43:01.531 INFO [main] org.apache.catalina.startup.Catalina.load Server initialization in [6740] milliseconds
21-Aug-2025 13:43:01.662 INFO [main] org.apache.catalina.core.StandardService.startInternal Starting service [Catalina]
21-Aug-2025 13:43:01.662 INFO [main] org.apache.catalina.core.StandardEngine.startInternal Starting Servlet engine: [Apache Tomcat/9.0.98]
21-Aug-2025 13:43:01.707 INFO [main] org.apache.catalina.startup.HostConfig.deployDescriptor Deploying deployment descriptor [D:\PahanaeduBookshop\conf\Catalina\localhost\PahanaeduBookshop.xml]
21-Aug-2025 13:43:05.538 INFO [main] org.apache.jasper.servlet.TldScanner.scanJars At least one JAR was scanned for TLDs yet contained no TLDs. Enable debug logging for this logger for a complete list of JARs that were scanned but no TLDs were found in them. Skipping unneeded JARs during scanning can improve startup time and JSP compilation time.
21-Aug-2025 13:43:06.234 WARNING [main] org.apache.catalina.util.SessionIdGeneratorBase.createSecureRandom Creation of SecureRandom instance for session ID generation using [SHA1PRNG] took [114] milliseconds.
21-Aug-2025 13:43:06.629 INFO [main] org.apache.catalina.startup.HostConfig.deployDescriptor Deployment of deployment descriptor [D:\PahanaeduBookshop\conf\Catalina\localhost\PahanaeduBookshop.xml] has finished in [4,921] ms
21-Aug-2025 13:43:06.637 INFO [main] org.apache.coyote.AbstractProtocol.start Starting ProtocolHandler ["http-nio-8080"]
21-Aug-2025 13:43:06.883 INFO [main] org.apache.catalina.startup.Catalina.start Server startup in [5352] milliseconds
21-Aug-2025 13:48:34.242 INFO [Thread-1] org.apache.coyote.AbstractProtocol.pause Pausing ProtocolHandler ["http-nio-8080"]
21-Aug-2025 13:48:34.394 INFO [Thread-1] org.apache.catalina.core.StandardService.stopInternal Stopping service [Catalina]
21-Aug-2025 13:48:34.407 WARNING [Thread-1] org.apache.catalina.loader.WebappClassLoaderBase.clearReferencesJdbc The web application [PahanaeduBookshop] registered the JDBC driver [com.mysql.cj.jdbc.Driver] but failed to unregister it when the web application was stopped. To prevent a memory leak, the JDBC Driver has been forcibly unregistered.
21-Aug-2025 13:48:34.409 WARNING [Thread-1] org.apache.catalina.loader.WebappClassLoaderBase.clearReferencesThreads The web application [PahanaeduBookshop] appears to have started a thread named [mysql-cj-abandoned-connection-cleanup] but has failed to stop it. This is very likely to create a memory leak. Stack trace of thread:
 java.base@17.0.2/java.lang.Object.wait(Native Method)
 java.base@17.0.2/java.lang.ref.ReferenceQueue.remove(ReferenceQueue.java:155)
 com.mysql.cj.jdbc.AbandonedConnectionCleanupThread.run(AbandonedConnectionCleanupThread.java:91)
 java.base@17.0.2/java.util.concurrent.ThreadPoolExecutor.runWorker(ThreadPoolExecutor.java:1136)
 java.base@17.0.2/java.util.concurrent.ThreadPoolExecutor$Worker.run(ThreadPoolExecutor.java:635)
 java.base@17.0.2/java.lang.Thread.run(Thread.java:833)
21-Aug-2025 13:48:34.423 INFO [Thread-1] org.apache.coyote.AbstractProtocol.stop Stopping ProtocolHandler ["http-nio-8080"]
21-Aug-2025 13:48:34.433 INFO [Thread-1] org.apache.coyote.AbstractProtocol.destroy Destroying ProtocolHandler ["http-nio-8080"]
21-Aug-2025 13:48:34.465 INFO [mysql-cj-abandoned-connection-cleanup] org.apache.catalina.loader.WebappClassLoaderBase.checkStateForResourceLoading Illegal access: this web application instance has been stopped already. Could not load []. The following stack trace is thrown for debugging purposes as well as to attempt to terminate the thread which caused the illegal access.
	java.lang.IllegalStateException: Illegal access: this web application instance has been stopped already. Could not load []. The following stack trace is thrown for debugging purposes as well as to attempt to terminate the thread which caused the illegal access.
		at org.apache.catalina.loader.WebappClassLoaderBase.checkStateForResourceLoading(WebappClassLoaderBase.java:1369)
		at org.apache.catalina.loader.WebappClassLoaderBase.getResource(WebappClassLoaderBase.java:995)
		at com.mysql.cj.jdbc.AbandonedConnectionCleanupThread.checkThreadContextClassLoader(AbandonedConnectionCleanupThread.java:123)
		at com.mysql.cj.jdbc.AbandonedConnectionCleanupThread.run(AbandonedConnectionCleanupThread.java:90)
		at java.base/java.util.concurrent.ThreadPoolExecutor.runWorker(ThreadPoolExecutor.java:1136)
		at java.base/java.util.concurrent.ThreadPoolExecutor$Worker.run(ThreadPoolExecutor.java:635)
		at java.base/java.lang.Thread.run(Thread.java:833)
21-Aug-2025 13:48:56.225 INFO [main] org.apache.catalina.startup.VersionLoggerListener.log Server version name:   Apache Tomcat/9.0.98
21-Aug-2025 13:48:56.230 INFO [main] org.apache.catalina.startup.VersionLoggerListener.log Server built:          Dec 5 2024 19:50:29 UTC
21-Aug-2025 13:48:56.231 INFO [main] org.apache.catalina.startup.VersionLoggerListener.log Server version number: 9.0.98.0
21-Aug-2025 13:48:56.231 INFO [main] org.apache.catalina.startup.VersionLoggerListener.log OS Name:               Windows 10
21-Aug-2025 13:48:56.231 INFO [main] org.apache.catalina.startup.VersionLoggerListener.log OS Version:            10.0
21-Aug-2025 13:48:56.231 INFO [main] org.apache.catalina.startup.VersionLoggerListener.log Architecture:          amd64
21-Aug-2025 13:48:56.232 INFO [main] org.apache.catalina.startup.VersionLoggerListener.log Java Home:             C:\Program Files\Java\jdk-17.0.2
21-Aug-2025 13:48:56.232 INFO [main] org.apache.catalina.startup.VersionLoggerListener.log JVM Version:           17.0.2+8-LTS-86
21-Aug-2025 13:48:56.232 INFO [main] org.apache.catalina.startup.VersionLoggerListener.log JVM Vendor:            Oracle Corporation
21-Aug-2025 13:48:56.232 INFO [main] org.apache.catalina.startup.VersionLoggerListener.log CATALINA_BASE:         D:\PahanaeduBookshop
21-Aug-2025 13:48:56.232 INFO [main] org.apache.catalina.startup.VersionLoggerListener.log CATALINA_HOME:         G:\ICBT\1st_Semester\PROGRAMMING\apache-tomcat-9.0.98\apache-tomcat-9.0.98
21-Aug-2025 13:48:56.249 INFO [main] org.apache.catalina.startup.VersionLoggerListener.log Command line argument: --add-opens=java.base/java.lang=ALL-UNNAMED
21-Aug-2025 13:48:56.249 INFO [main] org.apache.catalina.startup.VersionLoggerListener.log Command line argument: --add-opens=java.base/java.io=ALL-UNNAMED
21-Aug-2025 13:48:56.249 INFO [main] org.apache.catalina.startup.VersionLoggerListener.log Command line argument: --add-opens=java.base/java.util=ALL-UNNAMED
21-Aug-2025 13:48:56.249 INFO [main] org.apache.catalina.startup.VersionLoggerListener.log Command line argument: --add-opens=java.base/java.util.concurrent=ALL-UNNAMED
21-Aug-2025 13:48:56.249 INFO [main] org.apache.catalina.startup.VersionLoggerListener.log Command line argument: --add-opens=java.rmi/sun.rmi.transport=ALL-UNNAMED
21-Aug-2025 13:48:56.250 INFO [main] org.apache.catalina.startup.VersionLoggerListener.log Command line argument: -Dcatalina.home=G:\ICBT\1st_Semester\PROGRAMMING\apache-tomcat-9.0.98\apache-tomcat-9.0.98
21-Aug-2025 13:48:56.250 INFO [main] org.apache.catalina.startup.VersionLoggerListener.log Command line argument: -Dcatalina.base=D:\PahanaeduBookshop
21-Aug-2025 13:48:56.250 INFO [main] org.apache.catalina.startup.VersionLoggerListener.log Command line argument: -Djava.io.tmpdir=D:\PahanaeduBookshop\temp
21-Aug-2025 13:48:56.250 INFO [main] org.apache.catalina.startup.VersionLoggerListener.log Command line argument: -Djava.util.logging.config.file=D:\PahanaeduBookshop\conf\logging.properties
21-Aug-2025 13:48:56.250 INFO [main] org.apache.catalina.startup.VersionLoggerListener.log Command line argument: -Djava.util.logging.manager=org.apache.juli.ClassLoaderLogManager
21-Aug-2025 13:48:56.250 INFO [main] org.apache.catalina.startup.VersionLoggerListener.log Command line argument: -javaagent:C:\Program Files\JetBrains\IntelliJ IDEA Community Edition 2024.3.1.1\lib\idea_rt.jar=57822:C:\Program Files\JetBrains\IntelliJ IDEA Community Edition 2024.3.1.1\bin
21-Aug-2025 13:48:56.250 INFO [main] org.apache.catalina.startup.VersionLoggerListener.log Command line argument: -Dfile.encoding=UTF-8
21-Aug-2025 13:48:56.490 INFO [main] org.apache.catalina.core.AprLifecycleListener.lifecycleEvent Loaded Apache Tomcat Native library [1.3.1] using APR version [1.7.4].
21-Aug-2025 13:48:56.492 INFO [main] org.apache.catalina.core.AprLifecycleListener.lifecycleEvent APR capabilities: IPv6 [true], sendfile [true], accept filters [false], random [true], UDS [true].
21-Aug-2025 13:48:56.784 INFO [main] org.apache.catalina.core.AprLifecycleListener.lifecycleEvent APR/OpenSSL configuration: useAprConnector [false], useOpenSSL [true]
21-Aug-2025 13:48:56.904 INFO [main] org.apache.catalina.core.AprLifecycleListener.initializeSSL OpenSSL successfully initialized [OpenSSL 3.0.14 4 Jun 2024]
21-Aug-2025 13:48:59.880 INFO [main] org.apache.coyote.AbstractProtocol.init Initializing ProtocolHandler ["http-nio-8080"]
21-Aug-2025 13:49:00.322 INFO [main] org.apache.catalina.startup.Catalina.load Server initialization in [4389] milliseconds
21-Aug-2025 13:49:01.018 INFO [main] org.apache.catalina.core.StandardService.startInternal Starting service [Catalina]
21-Aug-2025 13:49:01.019 INFO [main] org.apache.catalina.core.StandardEngine.startInternal Starting Servlet engine: [Apache Tomcat/9.0.98]
21-Aug-2025 13:49:01.609 INFO [main] org.apache.catalina.startup.HostConfig.deployDescriptor Deploying deployment descriptor [D:\PahanaeduBookshop\conf\Catalina\localhost\PahanaeduBookshop.xml]
21-Aug-2025 13:49:18.716 INFO [main] org.apache.jasper.servlet.TldScanner.scanJars At least one JAR was scanned for TLDs yet contained no TLDs. Enable debug logging for this logger for a complete list of JARs that were scanned but no TLDs were found in them. Skipping unneeded JARs during scanning can improve startup time and JSP compilation time.
21-Aug-2025 13:49:21.514 WARNING [main] org.apache.catalina.util.SessionIdGeneratorBase.createSecureRandom Creation of SecureRandom instance for session ID generation using [SHA1PRNG] took [248] milliseconds.
21-Aug-2025 13:49:22.607 INFO [main] org.apache.catalina.startup.HostConfig.deployDescriptor Deployment of deployment descriptor [D:\PahanaeduBookshop\conf\Catalina\localhost\PahanaeduBookshop.xml] has finished in [20,998] ms
21-Aug-2025 13:49:22.681 INFO [main] org.apache.coyote.AbstractProtocol.start Starting ProtocolHandler ["http-nio-8080"]
21-Aug-2025 13:49:23.545 INFO [main] org.apache.catalina.startup.Catalina.start Server startup in [23222] milliseconds
21-Aug-2025 13:55:25.303 INFO [Thread-1] org.apache.coyote.AbstractProtocol.pause Pausing ProtocolHandler ["http-nio-8080"]
21-Aug-2025 13:55:25.452 INFO [Thread-1] org.apache.catalina.core.StandardService.stopInternal Stopping service [Catalina]
21-Aug-2025 13:55:25.464 WARNING [Thread-1] org.apache.catalina.loader.WebappClassLoaderBase.clearReferencesJdbc The web application [PahanaeduBookshop] registered the JDBC driver [com.mysql.cj.jdbc.Driver] but failed to unregister it when the web application was stopped. To prevent a memory leak, the JDBC Driver has been forcibly unregistered.
21-Aug-2025 13:55:25.466 WARNING [Thread-1] org.apache.catalina.loader.WebappClassLoaderBase.clearReferencesThreads The web application [PahanaeduBookshop] appears to have started a thread named [mysql-cj-abandoned-connection-cleanup] but has failed to stop it. This is very likely to create a memory leak. Stack trace of thread:
 java.base@17.0.2/java.lang.Object.wait(Native Method)
 java.base@17.0.2/java.lang.ref.ReferenceQueue.remove(ReferenceQueue.java:155)
 com.mysql.cj.jdbc.AbandonedConnectionCleanupThread.run(AbandonedConnectionCleanupThread.java:91)
 java.base@17.0.2/java.util.concurrent.ThreadPoolExecutor.runWorker(ThreadPoolExecutor.java:1136)
 java.base@17.0.2/java.util.concurrent.ThreadPoolExecutor$Worker.run(ThreadPoolExecutor.java:635)
 java.base@17.0.2/java.lang.Thread.run(Thread.java:833)
21-Aug-2025 13:55:25.478 INFO [Thread-1] org.apache.coyote.AbstractProtocol.stop Stopping ProtocolHandler ["http-nio-8080"]
21-Aug-2025 13:55:25.486 INFO [Thread-1] org.apache.coyote.AbstractProtocol.destroy Destroying ProtocolHandler ["http-nio-8080"]
21-Aug-2025 13:55:25.527 INFO [mysql-cj-abandoned-connection-cleanup] org.apache.catalina.loader.WebappClassLoaderBase.checkStateForResourceLoading Illegal access: this web application instance has been stopped already. Could not load []. The following stack trace is thrown for debugging purposes as well as to attempt to terminate the thread which caused the illegal access.
	java.lang.IllegalStateException: Illegal access: this web application instance has been stopped already. Could not load []. The following stack trace is thrown for debugging purposes as well as to attempt to terminate the thread which caused the illegal access.
		at org.apache.catalina.loader.WebappClassLoaderBase.checkStateForResourceLoading(WebappClassLoaderBase.java:1369)
		at org.apache.catalina.loader.WebappClassLoaderBase.getResource(WebappClassLoaderBase.java:995)
		at com.mysql.cj.jdbc.AbandonedConnectionCleanupThread.checkThreadContextClassLoader(AbandonedConnectionCleanupThread.java:123)
		at com.mysql.cj.jdbc.AbandonedConnectionCleanupThread.run(AbandonedConnectionCleanupThread.java:90)
		at java.base/java.util.concurrent.ThreadPoolExecutor.runWorker(ThreadPoolExecutor.java:1136)
		at java.base/java.util.concurrent.ThreadPoolExecutor$Worker.run(ThreadPoolExecutor.java:635)
		at java.base/java.lang.Thread.run(Thread.java:833)
21-Aug-2025 13:55:25.528 INFO [mysql-cj-abandoned-connection-cleanup] org.apache.catalina.loader.WebappClassLoaderBase.checkStateForResourceLoading Illegal access: this web application instance has been stopped already. Could not load []. The following stack trace is thrown for debugging purposes as well as to attempt to terminate the thread which caused the illegal access.
	java.lang.IllegalStateException: Illegal access: this web application instance has been stopped already. Could not load []. The following stack trace is thrown for debugging purposes as well as to attempt to terminate the thread which caused the illegal access.
		at org.apache.catalina.loader.WebappClassLoaderBase.checkStateForResourceLoading(WebappClassLoaderBase.java:1369)
		at org.apache.catalina.loader.WebappClassLoaderBase.getResource(WebappClassLoaderBase.java:995)
		at com.mysql.cj.jdbc.AbandonedConnectionCleanupThread.checkThreadContextClassLoader(AbandonedConnectionCleanupThread.java:123)
		at com.mysql.cj.jdbc.AbandonedConnectionCleanupThread.run(AbandonedConnectionCleanupThread.java:90)
		at java.base/java.util.concurrent.ThreadPoolExecutor.runWorker(ThreadPoolExecutor.java:1136)
		at java.base/java.util.concurrent.ThreadPoolExecutor$Worker.run(ThreadPoolExecutor.java:635)
		at java.base/java.lang.Thread.run(Thread.java:833)
21-Aug-2025 13:55:25.528 INFO [mysql-cj-abandoned-connection-cleanup] org.apache.catalina.loader.WebappClassLoaderBase.checkStateForResourceLoading Illegal access: this web application instance has been stopped already. Could not load []. The following stack trace is thrown for debugging purposes as well as to attempt to terminate the thread which caused the illegal access.
	java.lang.IllegalStateException: Illegal access: this web application instance has been stopped already. Could not load []. The following stack trace is thrown for debugging purposes as well as to attempt to terminate the thread which caused the illegal access.
		at org.apache.catalina.loader.WebappClassLoaderBase.checkStateForResourceLoading(WebappClassLoaderBase.java:1369)
		at org.apache.catalina.loader.WebappClassLoaderBase.getResource(WebappClassLoaderBase.java:995)
		at com.mysql.cj.jdbc.AbandonedConnectionCleanupThread.checkThreadContextClassLoader(AbandonedConnectionCleanupThread.java:123)
		at com.mysql.cj.jdbc.AbandonedConnectionCleanupThread.run(AbandonedConnectionCleanupThread.java:90)
		at java.base/java.util.concurrent.ThreadPoolExecutor.runWorker(ThreadPoolExecutor.java:1136)
		at java.base/java.util.concurrent.ThreadPoolExecutor$Worker.run(ThreadPoolExecutor.java:635)
		at java.base/java.lang.Thread.run(Thread.java:833)
21-Aug-2025 13:55:25.528 INFO [mysql-cj-abandoned-connection-cleanup] org.apache.catalina.loader.WebappClassLoaderBase.checkStateForResourceLoading Illegal access: this web application instance has been stopped already. Could not load []. The following stack trace is thrown for debugging purposes as well as to attempt to terminate the thread which caused the illegal access.
	java.lang.IllegalStateException: Illegal access: this web application instance has been stopped already. Could not load []. The following stack trace is thrown for debugging purposes as well as to attempt to terminate the thread which caused the illegal access.
		at org.apache.catalina.loader.WebappClassLoaderBase.checkStateForResourceLoading(WebappClassLoaderBase.java:1369)
		at org.apache.catalina.loader.WebappClassLoaderBase.getResource(WebappClassLoaderBase.java:995)
		at com.mysql.cj.jdbc.AbandonedConnectionCleanupThread.checkThreadContextClassLoader(AbandonedConnectionCleanupThread.java:123)
		at com.mysql.cj.jdbc.AbandonedConnectionCleanupThread.run(AbandonedConnectionCleanupThread.java:90)
		at java.base/java.util.concurrent.ThreadPoolExecutor.runWorker(ThreadPoolExecutor.java:1136)
		at java.base/java.util.concurrent.ThreadPoolExecutor$Worker.run(ThreadPoolExecutor.java:635)
		at java.base/java.lang.Thread.run(Thread.java:833)
21-Aug-2025 13:55:33.423 INFO [main] org.apache.catalina.startup.VersionLoggerListener.log Server version name:   Apache Tomcat/9.0.98
21-Aug-2025 13:55:33.428 INFO [main] org.apache.catalina.startup.VersionLoggerListener.log Server built:          Dec 5 2024 19:50:29 UTC
21-Aug-2025 13:55:33.429 INFO [main] org.apache.catalina.startup.VersionLoggerListener.log Server version number: 9.0.98.0
21-Aug-2025 13:55:33.429 INFO [main] org.apache.catalina.startup.VersionLoggerListener.log OS Name:               Windows 10
21-Aug-2025 13:55:33.429 INFO [main] org.apache.catalina.startup.VersionLoggerListener.log OS Version:            10.0
21-Aug-2025 13:55:33.429 INFO [main] org.apache.catalina.startup.VersionLoggerListener.log Architecture:          amd64
21-Aug-2025 13:55:33.429 INFO [main] org.apache.catalina.startup.VersionLoggerListener.log Java Home:             C:\Program Files\Java\jdk-17.0.2
21-Aug-2025 13:55:33.430 INFO [main] org.apache.catalina.startup.VersionLoggerListener.log JVM Version:           17.0.2+8-LTS-86
21-Aug-2025 13:55:33.430 INFO [main] org.apache.catalina.startup.VersionLoggerListener.log JVM Vendor:            Oracle Corporation
21-Aug-2025 13:55:33.430 INFO [main] org.apache.catalina.startup.VersionLoggerListener.log CATALINA_BASE:         D:\PahanaeduBookshop
21-Aug-2025 13:55:33.430 INFO [main] org.apache.catalina.startup.VersionLoggerListener.log CATALINA_HOME:         G:\ICBT\1st_Semester\PROGRAMMING\apache-tomcat-9.0.98\apache-tomcat-9.0.98
21-Aug-2025 13:55:33.448 INFO [main] org.apache.catalina.startup.VersionLoggerListener.log Command line argument: --add-opens=java.base/java.lang=ALL-UNNAMED
21-Aug-2025 13:55:33.449 INFO [main] org.apache.catalina.startup.VersionLoggerListener.log Command line argument: --add-opens=java.base/java.io=ALL-UNNAMED
21-Aug-2025 13:55:33.449 INFO [main] org.apache.catalina.startup.VersionLoggerListener.log Command line argument: --add-opens=java.base/java.util=ALL-UNNAMED
21-Aug-2025 13:55:33.449 INFO [main] org.apache.catalina.startup.VersionLoggerListener.log Command line argument: --add-opens=java.base/java.util.concurrent=ALL-UNNAMED
21-Aug-2025 13:55:33.449 INFO [main] org.apache.catalina.startup.VersionLoggerListener.log Command line argument: --add-opens=java.rmi/sun.rmi.transport=ALL-UNNAMED
21-Aug-2025 13:55:33.449 INFO [main] org.apache.catalina.startup.VersionLoggerListener.log Command line argument: -Dcatalina.home=G:\ICBT\1st_Semester\PROGRAMMING\apache-tomcat-9.0.98\apache-tomcat-9.0.98
21-Aug-2025 13:55:33.450 INFO [main] org.apache.catalina.startup.VersionLoggerListener.log Command line argument: -Dcatalina.base=D:\PahanaeduBookshop
21-Aug-2025 13:55:33.450 INFO [main] org.apache.catalina.startup.VersionLoggerListener.log Command line argument: -Djava.io.tmpdir=D:\PahanaeduBookshop\temp
21-Aug-2025 13:55:33.450 INFO [main] org.apache.catalina.startup.VersionLoggerListener.log Command line argument: -Djava.util.logging.config.file=D:\PahanaeduBookshop\conf\logging.properties
21-Aug-2025 13:55:33.450 INFO [main] org.apache.catalina.startup.VersionLoggerListener.log Command line argument: -Djava.util.logging.manager=org.apache.juli.ClassLoaderLogManager
21-Aug-2025 13:55:33.450 INFO [main] org.apache.catalina.startup.VersionLoggerListener.log Command line argument: -javaagent:C:\Program Files\JetBrains\IntelliJ IDEA Community Edition 2024.3.1.1\lib\idea_rt.jar=57876:C:\Program Files\JetBrains\IntelliJ IDEA Community Edition 2024.3.1.1\bin
21-Aug-2025 13:55:33.450 INFO [main] org.apache.catalina.startup.VersionLoggerListener.log Command line argument: -Dfile.encoding=UTF-8
21-Aug-2025 13:55:33.514 INFO [main] org.apache.catalina.core.AprLifecycleListener.lifecycleEvent Loaded Apache Tomcat Native library [1.3.1] using APR version [1.7.4].
21-Aug-2025 13:55:33.514 INFO [main] org.apache.catalina.core.AprLifecycleListener.lifecycleEvent APR capabilities: IPv6 [true], sendfile [true], accept filters [false], random [true], UDS [true].
21-Aug-2025 13:55:33.514 INFO [main] org.apache.catalina.core.AprLifecycleListener.lifecycleEvent APR/OpenSSL configuration: useAprConnector [false], useOpenSSL [true]
21-Aug-2025 13:55:33.538 INFO [main] org.apache.catalina.core.AprLifecycleListener.initializeSSL OpenSSL successfully initialized [OpenSSL 3.0.14 4 Jun 2024]
21-Aug-2025 13:55:34.021 INFO [main] org.apache.coyote.AbstractProtocol.init Initializing ProtocolHandler ["http-nio-8080"]
21-Aug-2025 13:55:34.053 INFO [main] org.apache.catalina.startup.Catalina.load Server initialization in [1025] milliseconds
21-Aug-2025 13:55:34.121 INFO [main] org.apache.catalina.core.StandardService.startInternal Starting service [Catalina]
21-Aug-2025 13:55:34.121 INFO [main] org.apache.catalina.core.StandardEngine.startInternal Starting Servlet engine: [Apache Tomcat/9.0.98]
21-Aug-2025 13:55:34.132 INFO [main] org.apache.catalina.startup.HostConfig.deployDescriptor Deploying deployment descriptor [D:\PahanaeduBookshop\conf\Catalina\localhost\PahanaeduBookshop.xml]
21-Aug-2025 13:55:35.739 INFO [main] org.apache.jasper.servlet.TldScanner.scanJars At least one JAR was scanned for TLDs yet contained no TLDs. Enable debug logging for this logger for a complete list of JARs that were scanned but no TLDs were found in them. Skipping unneeded JARs during scanning can improve startup time and JSP compilation time.
21-Aug-2025 13:55:35.910 INFO [main] org.apache.catalina.startup.HostConfig.deployDescriptor Deployment of deployment descriptor [D:\PahanaeduBookshop\conf\Catalina\localhost\PahanaeduBookshop.xml] has finished in [1,777] ms
21-Aug-2025 13:55:35.916 INFO [main] org.apache.coyote.AbstractProtocol.start Starting ProtocolHandler ["http-nio-8080"]
21-Aug-2025 13:55:35.979 INFO [main] org.apache.catalina.startup.Catalina.start Server startup in [1925] milliseconds
21-Aug-2025 14:02:22.301 INFO [Thread-1] org.apache.coyote.AbstractProtocol.pause Pausing ProtocolHandler ["http-nio-8080"]
21-Aug-2025 14:02:22.450 INFO [Thread-1] org.apache.catalina.core.StandardService.stopInternal Stopping service [Catalina]
21-Aug-2025 14:02:22.462 WARNING [Thread-1] org.apache.catalina.loader.WebappClassLoaderBase.clearReferencesJdbc The web application [PahanaeduBookshop] registered the JDBC driver [com.mysql.cj.jdbc.Driver] but failed to unregister it when the web application was stopped. To prevent a memory leak, the JDBC Driver has been forcibly unregistered.
21-Aug-2025 14:02:22.465 WARNING [Thread-1] org.apache.catalina.loader.WebappClassLoaderBase.clearReferencesThreads The web application [PahanaeduBookshop] appears to have started a thread named [mysql-cj-abandoned-connection-cleanup] but has failed to stop it. This is very likely to create a memory leak. Stack trace of thread:
 java.base@17.0.2/java.lang.Object.wait(Native Method)
 java.base@17.0.2/java.lang.ref.ReferenceQueue.remove(ReferenceQueue.java:155)
 com.mysql.cj.jdbc.AbandonedConnectionCleanupThread.run(AbandonedConnectionCleanupThread.java:91)
 java.base@17.0.2/java.util.concurrent.ThreadPoolExecutor.runWorker(ThreadPoolExecutor.java:1136)
 java.base@17.0.2/java.util.concurrent.ThreadPoolExecutor$Worker.run(ThreadPoolExecutor.java:635)
 java.base@17.0.2/java.lang.Thread.run(Thread.java:833)
21-Aug-2025 14:02:22.479 INFO [Thread-1] org.apache.coyote.AbstractProtocol.stop Stopping ProtocolHandler ["http-nio-8080"]
21-Aug-2025 14:02:22.496 INFO [Thread-1] org.apache.coyote.AbstractProtocol.destroy Destroying ProtocolHandler ["http-nio-8080"]
21-Aug-2025 14:02:22.554 INFO [mysql-cj-abandoned-connection-cleanup] org.apache.catalina.loader.WebappClassLoaderBase.checkStateForResourceLoading Illegal access: this web application instance has been stopped already. Could not load []. The following stack trace is thrown for debugging purposes as well as to attempt to terminate the thread which caused the illegal access.
	java.lang.IllegalStateException: Illegal access: this web application instance has been stopped already. Could not load []. The following stack trace is thrown for debugging purposes as well as to attempt to terminate the thread which caused the illegal access.
		at org.apache.catalina.loader.WebappClassLoaderBase.checkStateForResourceLoading(WebappClassLoaderBase.java:1369)
		at org.apache.catalina.loader.WebappClassLoaderBase.getResource(WebappClassLoaderBase.java:995)
		at com.mysql.cj.jdbc.AbandonedConnectionCleanupThread.checkThreadContextClassLoader(AbandonedConnectionCleanupThread.java:123)
		at com.mysql.cj.jdbc.AbandonedConnectionCleanupThread.run(AbandonedConnectionCleanupThread.java:90)
		at java.base/java.util.concurrent.ThreadPoolExecutor.runWorker(ThreadPoolExecutor.java:1136)
		at java.base/java.util.concurrent.ThreadPoolExecutor$Worker.run(ThreadPoolExecutor.java:635)
		at java.base/java.lang.Thread.run(Thread.java:833)
21-Aug-2025 14:02:22.556 INFO [mysql-cj-abandoned-connection-cleanup] org.apache.catalina.loader.WebappClassLoaderBase.checkStateForResourceLoading Illegal access: this web application instance has been stopped already. Could not load []. The following stack trace is thrown for debugging purposes as well as to attempt to terminate the thread which caused the illegal access.
	java.lang.IllegalStateException: Illegal access: this web application instance has been stopped already. Could not load []. The following stack trace is thrown for debugging purposes as well as to attempt to terminate the thread which caused the illegal access.
		at org.apache.catalina.loader.WebappClassLoaderBase.checkStateForResourceLoading(WebappClassLoaderBase.java:1369)
		at org.apache.catalina.loader.WebappClassLoaderBase.getResource(WebappClassLoaderBase.java:995)
		at com.mysql.cj.jdbc.AbandonedConnectionCleanupThread.checkThreadContextClassLoader(AbandonedConnectionCleanupThread.java:123)
		at com.mysql.cj.jdbc.AbandonedConnectionCleanupThread.run(AbandonedConnectionCleanupThread.java:90)
		at java.base/java.util.concurrent.ThreadPoolExecutor.runWorker(ThreadPoolExecutor.java:1136)
		at java.base/java.util.concurrent.ThreadPoolExecutor$Worker.run(ThreadPoolExecutor.java:635)
		at java.base/java.lang.Thread.run(Thread.java:833)
21-Aug-2025 14:02:22.556 INFO [mysql-cj-abandoned-connection-cleanup] org.apache.catalina.loader.WebappClassLoaderBase.checkStateForResourceLoading Illegal access: this web application instance has been stopped already. Could not load []. The following stack trace is thrown for debugging purposes as well as to attempt to terminate the thread which caused the illegal access.
	java.lang.IllegalStateException: Illegal access: this web application instance has been stopped already. Could not load []. The following stack trace is thrown for debugging purposes as well as to attempt to terminate the thread which caused the illegal access.
		at org.apache.catalina.loader.WebappClassLoaderBase.checkStateForResourceLoading(WebappClassLoaderBase.java:1369)
		at org.apache.catalina.loader.WebappClassLoaderBase.getResource(WebappClassLoaderBase.java:995)
		at com.mysql.cj.jdbc.AbandonedConnectionCleanupThread.checkThreadContextClassLoader(AbandonedConnectionCleanupThread.java:123)
		at com.mysql.cj.jdbc.AbandonedConnectionCleanupThread.run(AbandonedConnectionCleanupThread.java:90)
		at java.base/java.util.concurrent.ThreadPoolExecutor.runWorker(ThreadPoolExecutor.java:1136)
		at java.base/java.util.concurrent.ThreadPoolExecutor$Worker.run(ThreadPoolExecutor.java:635)
		at java.base/java.lang.Thread.run(Thread.java:833)
21-Aug-2025 14:02:22.557 INFO [mysql-cj-abandoned-connection-cleanup] org.apache.catalina.loader.WebappClassLoaderBase.checkStateForResourceLoading Illegal access: this web application instance has been stopped already. Could not load []. The following stack trace is thrown for debugging purposes as well as to attempt to terminate the thread which caused the illegal access.
	java.lang.IllegalStateException: Illegal access: this web application instance has been stopped already. Could not load []. The following stack trace is thrown for debugging purposes as well as to attempt to terminate the thread which caused the illegal access.
		at org.apache.catalina.loader.WebappClassLoaderBase.checkStateForResourceLoading(WebappClassLoaderBase.java:1369)
		at org.apache.catalina.loader.WebappClassLoaderBase.getResource(WebappClassLoaderBase.java:995)
		at com.mysql.cj.jdbc.AbandonedConnectionCleanupThread.checkThreadContextClassLoader(AbandonedConnectionCleanupThread.java:123)
		at com.mysql.cj.jdbc.AbandonedConnectionCleanupThread.run(AbandonedConnectionCleanupThread.java:90)
		at java.base/java.util.concurrent.ThreadPoolExecutor.runWorker(ThreadPoolExecutor.java:1136)
		at java.base/java.util.concurrent.ThreadPoolExecutor$Worker.run(ThreadPoolExecutor.java:635)
		at java.base/java.lang.Thread.run(Thread.java:833)
21-Aug-2025 14:02:22.557 INFO [mysql-cj-abandoned-connection-cleanup] org.apache.catalina.loader.WebappClassLoaderBase.checkStateForResourceLoading Illegal access: this web application instance has been stopped already. Could not load []. The following stack trace is thrown for debugging purposes as well as to attempt to terminate the thread which caused the illegal access.
	java.lang.IllegalStateException: Illegal access: this web application instance has been stopped already. Could not load []. The following stack trace is thrown for debugging purposes as well as to attempt to terminate the thread which caused the illegal access.
		at org.apache.catalina.loader.WebappClassLoaderBase.checkStateForResourceLoading(WebappClassLoaderBase.java:1369)
		at org.apache.catalina.loader.WebappClassLoaderBase.getResource(WebappClassLoaderBase.java:995)
		at com.mysql.cj.jdbc.AbandonedConnectionCleanupThread.checkThreadContextClassLoader(AbandonedConnectionCleanupThread.java:123)
		at com.mysql.cj.jdbc.AbandonedConnectionCleanupThread.run(AbandonedConnectionCleanupThread.java:90)
		at java.base/java.util.concurrent.ThreadPoolExecutor.runWorker(ThreadPoolExecutor.java:1136)
		at java.base/java.util.concurrent.ThreadPoolExecutor$Worker.run(ThreadPoolExecutor.java:635)
		at java.base/java.lang.Thread.run(Thread.java:833)
21-Aug-2025 14:02:22.557 INFO [mysql-cj-abandoned-connection-cleanup] org.apache.catalina.loader.WebappClassLoaderBase.checkStateForResourceLoading Illegal access: this web application instance has been stopped already. Could not load []. The following stack trace is thrown for debugging purposes as well as to attempt to terminate the thread which caused the illegal access.
	java.lang.IllegalStateException: Illegal access: this web application instance has been stopped already. Could not load []. The following stack trace is thrown for debugging purposes as well as to attempt to terminate the thread which caused the illegal access.
		at org.apache.catalina.loader.WebappClassLoaderBase.checkStateForResourceLoading(WebappClassLoaderBase.java:1369)
		at org.apache.catalina.loader.WebappClassLoaderBase.getResource(WebappClassLoaderBase.java:995)
		at com.mysql.cj.jdbc.AbandonedConnectionCleanupThread.checkThreadContextClassLoader(AbandonedConnectionCleanupThread.java:123)
		at com.mysql.cj.jdbc.AbandonedConnectionCleanupThread.run(AbandonedConnectionCleanupThread.java:90)
		at java.base/java.util.concurrent.ThreadPoolExecutor.runWorker(ThreadPoolExecutor.java:1136)
		at java.base/java.util.concurrent.ThreadPoolExecutor$Worker.run(ThreadPoolExecutor.java:635)
		at java.base/java.lang.Thread.run(Thread.java:833)
21-Aug-2025 14:02:22.558 INFO [mysql-cj-abandoned-connection-cleanup] org.apache.catalina.loader.WebappClassLoaderBase.checkStateForResourceLoading Illegal access: this web application instance has been stopped already. Could not load []. The following stack trace is thrown for debugging purposes as well as to attempt to terminate the thread which caused the illegal access.
	java.lang.IllegalStateException: Illegal access: this web application instance has been stopped already. Could not load []. The following stack trace is thrown for debugging purposes as well as to attempt to terminate the thread which caused the illegal access.
		at org.apache.catalina.loader.WebappClassLoaderBase.checkStateForResourceLoading(WebappClassLoaderBase.java:1369)
		at org.apache.catalina.loader.WebappClassLoaderBase.getResource(WebappClassLoaderBase.java:995)
		at com.mysql.cj.jdbc.AbandonedConnectionCleanupThread.checkThreadContextClassLoader(AbandonedConnectionCleanupThread.java:123)
		at com.mysql.cj.jdbc.AbandonedConnectionCleanupThread.run(AbandonedConnectionCleanupThread.java:90)
		at java.base/java.util.concurrent.ThreadPoolExecutor.runWorker(ThreadPoolExecutor.java:1136)
		at java.base/java.util.concurrent.ThreadPoolExecutor$Worker.run(ThreadPoolExecutor.java:635)
		at java.base/java.lang.Thread.run(Thread.java:833)
21-Aug-2025 14:02:22.558 INFO [mysql-cj-abandoned-connection-cleanup] org.apache.catalina.loader.WebappClassLoaderBase.checkStateForResourceLoading Illegal access: this web application instance has been stopped already. Could not load []. The following stack trace is thrown for debugging purposes as well as to attempt to terminate the thread which caused the illegal access.
	java.lang.IllegalStateException: Illegal access: this web application instance has been stopped already. Could not load []. The following stack trace is thrown for debugging purposes as well as to attempt to terminate the thread which caused the illegal access.
		at org.apache.catalina.loader.WebappClassLoaderBase.checkStateForResourceLoading(WebappClassLoaderBase.java:1369)
		at org.apache.catalina.loader.WebappClassLoaderBase.getResource(WebappClassLoaderBase.java:995)
		at com.mysql.cj.jdbc.AbandonedConnectionCleanupThread.checkThreadContextClassLoader(AbandonedConnectionCleanupThread.java:123)
		at com.mysql.cj.jdbc.AbandonedConnectionCleanupThread.run(AbandonedConnectionCleanupThread.java:90)
		at java.base/java.util.concurrent.ThreadPoolExecutor.runWorker(ThreadPoolExecutor.java:1136)
		at java.base/java.util.concurrent.ThreadPoolExecutor$Worker.run(ThreadPoolExecutor.java:635)
		at java.base/java.lang.Thread.run(Thread.java:833)
21-Aug-2025 14:02:41.330 INFO [main] org.apache.catalina.startup.VersionLoggerListener.log Server version name:   Apache Tomcat/9.0.98
21-Aug-2025 14:02:41.337 INFO [main] org.apache.catalina.startup.VersionLoggerListener.log Server built:          Dec 5 2024 19:50:29 UTC
21-Aug-2025 14:02:41.337 INFO [main] org.apache.catalina.startup.VersionLoggerListener.log Server version number: 9.0.98.0
21-Aug-2025 14:02:41.337 INFO [main] org.apache.catalina.startup.VersionLoggerListener.log OS Name:               Windows 10
21-Aug-2025 14:02:41.337 INFO [main] org.apache.catalina.startup.VersionLoggerListener.log OS Version:            10.0
21-Aug-2025 14:02:41.338 INFO [main] org.apache.catalina.startup.VersionLoggerListener.log Architecture:          amd64
21-Aug-2025 14:02:41.339 INFO [main] org.apache.catalina.startup.VersionLoggerListener.log Java Home:             C:\Program Files\Java\jdk-17.0.2
21-Aug-2025 14:02:41.339 INFO [main] org.apache.catalina.startup.VersionLoggerListener.log JVM Version:           17.0.2+8-LTS-86
21-Aug-2025 14:02:41.340 INFO [main] org.apache.catalina.startup.VersionLoggerListener.log JVM Vendor:            Oracle Corporation
21-Aug-2025 14:02:41.340 INFO [main] org.apache.catalina.startup.VersionLoggerListener.log CATALINA_BASE:         D:\PahanaeduBookshop
21-Aug-2025 14:02:41.340 INFO [main] org.apache.catalina.startup.VersionLoggerListener.log CATALINA_HOME:         G:\ICBT\1st_Semester\PROGRAMMING\apache-tomcat-9.0.98\apache-tomcat-9.0.98
21-Aug-2025 14:02:41.356 INFO [main] org.apache.catalina.startup.VersionLoggerListener.log Command line argument: --add-opens=java.base/java.lang=ALL-UNNAMED
21-Aug-2025 14:02:41.357 INFO [main] org.apache.catalina.startup.VersionLoggerListener.log Command line argument: --add-opens=java.base/java.io=ALL-UNNAMED
21-Aug-2025 14:02:41.357 INFO [main] org.apache.catalina.startup.VersionLoggerListener.log Command line argument: --add-opens=java.base/java.util=ALL-UNNAMED
21-Aug-2025 14:02:41.358 INFO [main] org.apache.catalina.startup.VersionLoggerListener.log Command line argument: --add-opens=java.base/java.util.concurrent=ALL-UNNAMED
21-Aug-2025 14:02:41.358 INFO [main] org.apache.catalina.startup.VersionLoggerListener.log Command line argument: --add-opens=java.rmi/sun.rmi.transport=ALL-UNNAMED
21-Aug-2025 14:02:41.359 INFO [main] org.apache.catalina.startup.VersionLoggerListener.log Command line argument: -Dcatalina.home=G:\ICBT\1st_Semester\PROGRAMMING\apache-tomcat-9.0.98\apache-tomcat-9.0.98
21-Aug-2025 14:02:41.360 INFO [main] org.apache.catalina.startup.VersionLoggerListener.log Command line argument: -Dcatalina.base=D:\PahanaeduBookshop
21-Aug-2025 14:02:41.360 INFO [main] org.apache.catalina.startup.VersionLoggerListener.log Command line argument: -Djava.io.tmpdir=D:\PahanaeduBookshop\temp
21-Aug-2025 14:02:41.360 INFO [main] org.apache.catalina.startup.VersionLoggerListener.log Command line argument: -Djava.util.logging.config.file=D:\PahanaeduBookshop\conf\logging.properties
21-Aug-2025 14:02:41.361 INFO [main] org.apache.catalina.startup.VersionLoggerListener.log Command line argument: -Djava.util.logging.manager=org.apache.juli.ClassLoaderLogManager
21-Aug-2025 14:02:41.361 INFO [main] org.apache.catalina.startup.VersionLoggerListener.log Command line argument: -javaagent:C:\Program Files\JetBrains\IntelliJ IDEA Community Edition 2024.3.1.1\lib\idea_rt.jar=57931:C:\Program Files\JetBrains\IntelliJ IDEA Community Edition 2024.3.1.1\bin
21-Aug-2025 14:02:41.361 INFO [main] org.apache.catalina.startup.VersionLoggerListener.log Command line argument: -Dfile.encoding=UTF-8
21-Aug-2025 14:02:41.506 INFO [main] org.apache.catalina.core.AprLifecycleListener.lifecycleEvent Loaded Apache Tomcat Native library [1.3.1] using APR version [1.7.4].
21-Aug-2025 14:02:41.507 INFO [main] org.apache.catalina.core.AprLifecycleListener.lifecycleEvent APR capabilities: IPv6 [true], sendfile [true], accept filters [false], random [true], UDS [true].
21-Aug-2025 14:02:41.507 INFO [main] org.apache.catalina.core.AprLifecycleListener.lifecycleEvent APR/OpenSSL configuration: useAprConnector [false], useOpenSSL [true]
21-Aug-2025 14:02:41.755 INFO [main] org.apache.catalina.core.AprLifecycleListener.initializeSSL OpenSSL successfully initialized [OpenSSL 3.0.14 4 Jun 2024]
21-Aug-2025 14:02:42.185 INFO [main] org.apache.coyote.AbstractProtocol.init Initializing ProtocolHandler ["http-nio-8080"]
21-Aug-2025 14:02:42.213 INFO [main] org.apache.catalina.startup.Catalina.load Server initialization in [1202] milliseconds
21-Aug-2025 14:02:42.281 INFO [main] org.apache.catalina.core.StandardService.startInternal Starting service [Catalina]
21-Aug-2025 14:02:42.281 INFO [main] org.apache.catalina.core.StandardEngine.startInternal Starting Servlet engine: [Apache Tomcat/9.0.98]
21-Aug-2025 14:02:42.291 INFO [main] org.apache.catalina.startup.HostConfig.deployDescriptor Deploying deployment descriptor [D:\PahanaeduBookshop\conf\Catalina\localhost\PahanaeduBookshop.xml]
21-Aug-2025 14:02:43.672 INFO [main] org.apache.jasper.servlet.TldScanner.scanJars At least one JAR was scanned for TLDs yet contained no TLDs. Enable debug logging for this logger for a complete list of JARs that were scanned but no TLDs were found in them. Skipping unneeded JARs during scanning can improve startup time and JSP compilation time.
21-Aug-2025 14:02:43.847 INFO [main] org.apache.catalina.startup.HostConfig.deployDescriptor Deployment of deployment descriptor [D:\PahanaeduBookshop\conf\Catalina\localhost\PahanaeduBookshop.xml] has finished in [1,555] ms
21-Aug-2025 14:02:43.851 INFO [main] org.apache.coyote.AbstractProtocol.start Starting ProtocolHandler ["http-nio-8080"]
21-Aug-2025 14:02:43.920 INFO [main] org.apache.catalina.startup.Catalina.start Server startup in [1706] milliseconds
21-Aug-2025 14:05:25.260 INFO [Thread-1] org.apache.coyote.AbstractProtocol.pause Pausing ProtocolHandler ["http-nio-8080"]
21-Aug-2025 14:05:25.413 INFO [Thread-1] org.apache.catalina.core.StandardService.stopInternal Stopping service [Catalina]
21-Aug-2025 14:05:25.424 WARNING [Thread-1] org.apache.catalina.loader.WebappClassLoaderBase.clearReferencesJdbc The web application [PahanaeduBookshop] registered the JDBC driver [com.mysql.cj.jdbc.Driver] but failed to unregister it when the web application was stopped. To prevent a memory leak, the JDBC Driver has been forcibly unregistered.
21-Aug-2025 14:05:25.425 WARNING [Thread-1] org.apache.catalina.loader.WebappClassLoaderBase.clearReferencesThreads The web application [PahanaeduBookshop] appears to have started a thread named [mysql-cj-abandoned-connection-cleanup] but has failed to stop it. This is very likely to create a memory leak. Stack trace of thread:
 java.base@17.0.2/java.lang.Object.wait(Native Method)
 java.base@17.0.2/java.lang.ref.ReferenceQueue.remove(ReferenceQueue.java:155)
 com.mysql.cj.jdbc.AbandonedConnectionCleanupThread.run(AbandonedConnectionCleanupThread.java:91)
 java.base@17.0.2/java.util.concurrent.ThreadPoolExecutor.runWorker(ThreadPoolExecutor.java:1136)
 java.base@17.0.2/java.util.concurrent.ThreadPoolExecutor$Worker.run(ThreadPoolExecutor.java:635)
 java.base@17.0.2/java.lang.Thread.run(Thread.java:833)
21-Aug-2025 14:05:25.438 INFO [Thread-1] org.apache.coyote.AbstractProtocol.stop Stopping ProtocolHandler ["http-nio-8080"]
21-Aug-2025 14:05:25.452 INFO [Thread-1] org.apache.coyote.AbstractProtocol.destroy Destroying ProtocolHandler ["http-nio-8080"]
21-Aug-2025 14:05:25.483 INFO [mysql-cj-abandoned-connection-cleanup] org.apache.catalina.loader.WebappClassLoaderBase.checkStateForResourceLoading Illegal access: this web application instance has been stopped already. Could not load []. The following stack trace is thrown for debugging purposes as well as to attempt to terminate the thread which caused the illegal access.
	java.lang.IllegalStateException: Illegal access: this web application instance has been stopped already. Could not load []. The following stack trace is thrown for debugging purposes as well as to attempt to terminate the thread which caused the illegal access.
		at org.apache.catalina.loader.WebappClassLoaderBase.checkStateForResourceLoading(WebappClassLoaderBase.java:1369)
		at org.apache.catalina.loader.WebappClassLoaderBase.getResource(WebappClassLoaderBase.java:995)
		at com.mysql.cj.jdbc.AbandonedConnectionCleanupThread.checkThreadContextClassLoader(AbandonedConnectionCleanupThread.java:123)
		at com.mysql.cj.jdbc.AbandonedConnectionCleanupThread.run(AbandonedConnectionCleanupThread.java:90)
		at java.base/java.util.concurrent.ThreadPoolExecutor.runWorker(ThreadPoolExecutor.java:1136)
		at java.base/java.util.concurrent.ThreadPoolExecutor$Worker.run(ThreadPoolExecutor.java:635)
		at java.base/java.lang.Thread.run(Thread.java:833)
21-Aug-2025 14:05:25.485 INFO [mysql-cj-abandoned-connection-cleanup] org.apache.catalina.loader.WebappClassLoaderBase.checkStateForResourceLoading Illegal access: this web application instance has been stopped already. Could not load []. The following stack trace is thrown for debugging purposes as well as to attempt to terminate the thread which caused the illegal access.
	java.lang.IllegalStateException: Illegal access: this web application instance has been stopped already. Could not load []. The following stack trace is thrown for debugging purposes as well as to attempt to terminate the thread which caused the illegal access.
		at org.apache.catalina.loader.WebappClassLoaderBase.checkStateForResourceLoading(WebappClassLoaderBase.java:1369)
		at org.apache.catalina.loader.WebappClassLoaderBase.getResource(WebappClassLoaderBase.java:995)
		at com.mysql.cj.jdbc.AbandonedConnectionCleanupThread.checkThreadContextClassLoader(AbandonedConnectionCleanupThread.java:123)
		at com.mysql.cj.jdbc.AbandonedConnectionCleanupThread.run(AbandonedConnectionCleanupThread.java:90)
		at java.base/java.util.concurrent.ThreadPoolExecutor.runWorker(ThreadPoolExecutor.java:1136)
		at java.base/java.util.concurrent.ThreadPoolExecutor$Worker.run(ThreadPoolExecutor.java:635)
		at java.base/java.lang.Thread.run(Thread.java:833)
21-Aug-2025 14:05:45.347 INFO [main] org.apache.catalina.startup.VersionLoggerListener.log Server version name:   Apache Tomcat/9.0.98
21-Aug-2025 14:05:45.351 INFO [main] org.apache.catalina.startup.VersionLoggerListener.log Server built:          Dec 5 2024 19:50:29 UTC
21-Aug-2025 14:05:45.352 INFO [main] org.apache.catalina.startup.VersionLoggerListener.log Server version number: 9.0.98.0
21-Aug-2025 14:05:45.352 INFO [main] org.apache.catalina.startup.VersionLoggerListener.log OS Name:               Windows 10
21-Aug-2025 14:05:45.352 INFO [main] org.apache.catalina.startup.VersionLoggerListener.log OS Version:            10.0
21-Aug-2025 14:05:45.353 INFO [main] org.apache.catalina.startup.VersionLoggerListener.log Architecture:          amd64
21-Aug-2025 14:05:45.354 INFO [main] org.apache.catalina.startup.VersionLoggerListener.log Java Home:             C:\Program Files\Java\jdk-17.0.2
21-Aug-2025 14:05:45.354 INFO [main] org.apache.catalina.startup.VersionLoggerListener.log JVM Version:           17.0.2+8-LTS-86
21-Aug-2025 14:05:45.355 INFO [main] org.apache.catalina.startup.VersionLoggerListener.log JVM Vendor:            Oracle Corporation
21-Aug-2025 14:05:45.355 INFO [main] org.apache.catalina.startup.VersionLoggerListener.log CATALINA_BASE:         D:\PahanaeduBookshop
21-Aug-2025 14:05:45.355 INFO [main] org.apache.catalina.startup.VersionLoggerListener.log CATALINA_HOME:         G:\ICBT\1st_Semester\PROGRAMMING\apache-tomcat-9.0.98\apache-tomcat-9.0.98
21-Aug-2025 14:05:45.378 INFO [main] org.apache.catalina.startup.VersionLoggerListener.log Command line argument: --add-opens=java.base/java.lang=ALL-UNNAMED
21-Aug-2025 14:05:45.379 INFO [main] org.apache.catalina.startup.VersionLoggerListener.log Command line argument: --add-opens=java.base/java.io=ALL-UNNAMED
21-Aug-2025 14:05:45.379 INFO [main] org.apache.catalina.startup.VersionLoggerListener.log Command line argument: --add-opens=java.base/java.util=ALL-UNNAMED
21-Aug-2025 14:05:45.379 INFO [main] org.apache.catalina.startup.VersionLoggerListener.log Command line argument: --add-opens=java.base/java.util.concurrent=ALL-UNNAMED
21-Aug-2025 14:05:45.380 INFO [main] org.apache.catalina.startup.VersionLoggerListener.log Command line argument: --add-opens=java.rmi/sun.rmi.transport=ALL-UNNAMED
21-Aug-2025 14:05:45.380 INFO [main] org.apache.catalina.startup.VersionLoggerListener.log Command line argument: -Dcatalina.home=G:\ICBT\1st_Semester\PROGRAMMING\apache-tomcat-9.0.98\apache-tomcat-9.0.98
21-Aug-2025 14:05:45.380 INFO [main] org.apache.catalina.startup.VersionLoggerListener.log Command line argument: -Dcatalina.base=D:\PahanaeduBookshop
21-Aug-2025 14:05:45.380 INFO [main] org.apache.catalina.startup.VersionLoggerListener.log Command line argument: -Djava.io.tmpdir=D:\PahanaeduBookshop\temp
21-Aug-2025 14:05:45.381 INFO [main] org.apache.catalina.startup.VersionLoggerListener.log Command line argument: -Djava.util.logging.config.file=D:\PahanaeduBookshop\conf\logging.properties
21-Aug-2025 14:05:45.381 INFO [main] org.apache.catalina.startup.VersionLoggerListener.log Command line argument: -Djava.util.logging.manager=org.apache.juli.ClassLoaderLogManager
21-Aug-2025 14:05:45.381 INFO [main] org.apache.catalina.startup.VersionLoggerListener.log Command line argument: -javaagent:C:\Program Files\JetBrains\IntelliJ IDEA Community Edition 2024.3.1.1\lib\idea_rt.jar=57965:C:\Program Files\JetBrains\IntelliJ IDEA Community Edition 2024.3.1.1\bin
21-Aug-2025 14:05:45.382 INFO [main] org.apache.catalina.startup.VersionLoggerListener.log Command line argument: -Dfile.encoding=UTF-8
21-Aug-2025 14:05:45.497 INFO [main] org.apache.catalina.core.AprLifecycleListener.lifecycleEvent Loaded Apache Tomcat Native library [1.3.1] using APR version [1.7.4].
21-Aug-2025 14:05:45.497 INFO [main] org.apache.catalina.core.AprLifecycleListener.lifecycleEvent APR capabilities: IPv6 [true], sendfile [true], accept filters [false], random [true], UDS [true].
21-Aug-2025 14:05:45.497 INFO [main] org.apache.catalina.core.AprLifecycleListener.lifecycleEvent APR/OpenSSL configuration: useAprConnector [false], useOpenSSL [true]
21-Aug-2025 14:05:45.542 INFO [main] org.apache.catalina.core.AprLifecycleListener.initializeSSL OpenSSL successfully initialized [OpenSSL 3.0.14 4 Jun 2024]
21-Aug-2025 14:05:45.961 INFO [main] org.apache.coyote.AbstractProtocol.init Initializing ProtocolHandler ["http-nio-8080"]
21-Aug-2025 14:05:45.988 INFO [main] org.apache.catalina.startup.Catalina.load Server initialization in [932] milliseconds
21-Aug-2025 14:05:46.040 INFO [main] org.apache.catalina.core.StandardService.startInternal Starting service [Catalina]
21-Aug-2025 14:05:46.041 INFO [main] org.apache.catalina.core.StandardEngine.startInternal Starting Servlet engine: [Apache Tomcat/9.0.98]
21-Aug-2025 14:05:46.050 INFO [main] org.apache.catalina.startup.HostConfig.deployDescriptor Deploying deployment descriptor [D:\PahanaeduBookshop\conf\Catalina\localhost\PahanaeduBookshop.xml]
21-Aug-2025 14:05:47.548 INFO [main] org.apache.jasper.servlet.TldScanner.scanJars At least one JAR was scanned for TLDs yet contained no TLDs. Enable debug logging for this logger for a complete list of JARs that were scanned but no TLDs were found in them. Skipping unneeded JARs during scanning can improve startup time and JSP compilation time.
21-Aug-2025 14:05:47.716 INFO [main] org.apache.catalina.startup.HostConfig.deployDescriptor Deployment of deployment descriptor [D:\PahanaeduBookshop\conf\Catalina\localhost\PahanaeduBookshop.xml] has finished in [1,665] ms
21-Aug-2025 14:05:47.721 INFO [main] org.apache.coyote.AbstractProtocol.start Starting ProtocolHandler ["http-nio-8080"]
21-Aug-2025 14:05:47.787 INFO [main] org.apache.catalina.startup.Catalina.start Server startup in [1799] milliseconds
21-Aug-2025 14:14:17.678 INFO [Thread-1] org.apache.coyote.AbstractProtocol.pause Pausing ProtocolHandler ["http-nio-8080"]
21-Aug-2025 14:14:17.836 INFO [Thread-1] org.apache.catalina.core.StandardService.stopInternal Stopping service [Catalina]
21-Aug-2025 14:14:17.851 WARNING [Thread-1] org.apache.catalina.loader.WebappClassLoaderBase.clearReferencesJdbc The web application [PahanaeduBookshop] registered the JDBC driver [com.mysql.cj.jdbc.Driver] but failed to unregister it when the web application was stopped. To prevent a memory leak, the JDBC Driver has been forcibly unregistered.
21-Aug-2025 14:14:17.852 WARNING [Thread-1] org.apache.catalina.loader.WebappClassLoaderBase.clearReferencesThreads The web application [PahanaeduBookshop] appears to have started a thread named [mysql-cj-abandoned-connection-cleanup] but has failed to stop it. This is very likely to create a memory leak. Stack trace of thread:
 java.base@17.0.2/java.lang.Object.wait(Native Method)
 java.base@17.0.2/java.lang.ref.ReferenceQueue.remove(ReferenceQueue.java:155)
 com.mysql.cj.jdbc.AbandonedConnectionCleanupThread.run(AbandonedConnectionCleanupThread.java:91)
 java.base@17.0.2/java.util.concurrent.ThreadPoolExecutor.runWorker(ThreadPoolExecutor.java:1136)
 java.base@17.0.2/java.util.concurrent.ThreadPoolExecutor$Worker.run(ThreadPoolExecutor.java:635)
 java.base@17.0.2/java.lang.Thread.run(Thread.java:833)
21-Aug-2025 14:14:17.865 INFO [Thread-1] org.apache.coyote.AbstractProtocol.stop Stopping ProtocolHandler ["http-nio-8080"]
21-Aug-2025 14:14:17.877 INFO [Thread-1] org.apache.coyote.AbstractProtocol.destroy Destroying ProtocolHandler ["http-nio-8080"]
21-Aug-2025 14:14:17.976 INFO [mysql-cj-abandoned-connection-cleanup] org.apache.catalina.loader.WebappClassLoaderBase.checkStateForResourceLoading Illegal access: this web application instance has been stopped already. Could not load []. The following stack trace is thrown for debugging purposes as well as to attempt to terminate the thread which caused the illegal access.
	java.lang.IllegalStateException: Illegal access: this web application instance has been stopped already. Could not load []. The following stack trace is thrown for debugging purposes as well as to attempt to terminate the thread which caused the illegal access.
		at org.apache.catalina.loader.WebappClassLoaderBase.checkStateForResourceLoading(WebappClassLoaderBase.java:1369)
		at org.apache.catalina.loader.WebappClassLoaderBase.getResource(WebappClassLoaderBase.java:995)
		at com.mysql.cj.jdbc.AbandonedConnectionCleanupThread.checkThreadContextClassLoader(AbandonedConnectionCleanupThread.java:123)
		at com.mysql.cj.jdbc.AbandonedConnectionCleanupThread.run(AbandonedConnectionCleanupThread.java:90)
		at java.base/java.util.concurrent.ThreadPoolExecutor.runWorker(ThreadPoolExecutor.java:1136)
		at java.base/java.util.concurrent.ThreadPoolExecutor$Worker.run(ThreadPoolExecutor.java:635)
		at java.base/java.lang.Thread.run(Thread.java:833)
21-Aug-2025 14:14:29.369 INFO [main] org.apache.catalina.startup.VersionLoggerListener.log Server version name:   Apache Tomcat/9.0.98
21-Aug-2025 14:14:29.375 INFO [main] org.apache.catalina.startup.VersionLoggerListener.log Server built:          Dec 5 2024 19:50:29 UTC
21-Aug-2025 14:14:29.375 INFO [main] org.apache.catalina.startup.VersionLoggerListener.log Server version number: 9.0.98.0
21-Aug-2025 14:14:29.376 INFO [main] org.apache.catalina.startup.VersionLoggerListener.log OS Name:               Windows 10
21-Aug-2025 14:14:29.376 INFO [main] org.apache.catalina.startup.VersionLoggerListener.log OS Version:            10.0
21-Aug-2025 14:14:29.376 INFO [main] org.apache.catalina.startup.VersionLoggerListener.log Architecture:          amd64
21-Aug-2025 14:14:29.376 INFO [main] org.apache.catalina.startup.VersionLoggerListener.log Java Home:             C:\Program Files\Java\jdk-17.0.2
21-Aug-2025 14:14:29.376 INFO [main] org.apache.catalina.startup.VersionLoggerListener.log JVM Version:           17.0.2+8-LTS-86
21-Aug-2025 14:14:29.376 INFO [main] org.apache.catalina.startup.VersionLoggerListener.log JVM Vendor:            Oracle Corporation
21-Aug-2025 14:14:29.376 INFO [main] org.apache.catalina.startup.VersionLoggerListener.log CATALINA_BASE:         D:\PahanaeduBookshop
21-Aug-2025 14:14:29.376 INFO [main] org.apache.catalina.startup.VersionLoggerListener.log CATALINA_HOME:         G:\ICBT\1st_Semester\PROGRAMMING\apache-tomcat-9.0.98\apache-tomcat-9.0.98
21-Aug-2025 14:14:29.391 INFO [main] org.apache.catalina.startup.VersionLoggerListener.log Command line argument: --add-opens=java.base/java.lang=ALL-UNNAMED
21-Aug-2025 14:14:29.391 INFO [main] org.apache.catalina.startup.VersionLoggerListener.log Command line argument: --add-opens=java.base/java.io=ALL-UNNAMED
21-Aug-2025 14:14:29.391 INFO [main] org.apache.catalina.startup.VersionLoggerListener.log Command line argument: --add-opens=java.base/java.util=ALL-UNNAMED
21-Aug-2025 14:14:29.391 INFO [main] org.apache.catalina.startup.VersionLoggerListener.log Command line argument: --add-opens=java.base/java.util.concurrent=ALL-UNNAMED
21-Aug-2025 14:14:29.392 INFO [main] org.apache.catalina.startup.VersionLoggerListener.log Command line argument: --add-opens=java.rmi/sun.rmi.transport=ALL-UNNAMED
21-Aug-2025 14:14:29.392 INFO [main] org.apache.catalina.startup.VersionLoggerListener.log Command line argument: -Dcatalina.home=G:\ICBT\1st_Semester\PROGRAMMING\apache-tomcat-9.0.98\apache-tomcat-9.0.98
21-Aug-2025 14:14:29.392 INFO [main] org.apache.catalina.startup.VersionLoggerListener.log Command line argument: -Dcatalina.base=D:\PahanaeduBookshop
21-Aug-2025 14:14:29.392 INFO [main] org.apache.catalina.startup.VersionLoggerListener.log Command line argument: -Djava.io.tmpdir=D:\PahanaeduBookshop\temp
21-Aug-2025 14:14:29.392 INFO [main] org.apache.catalina.startup.VersionLoggerListener.log Command line argument: -Djava.util.logging.config.file=D:\PahanaeduBookshop\conf\logging.properties
21-Aug-2025 14:14:29.392 INFO [main] org.apache.catalina.startup.VersionLoggerListener.log Command line argument: -Djava.util.logging.manager=org.apache.juli.ClassLoaderLogManager
21-Aug-2025 14:14:29.393 INFO [main] org.apache.catalina.startup.VersionLoggerListener.log Command line argument: -javaagent:C:\Program Files\JetBrains\IntelliJ IDEA Community Edition 2024.3.1.1\lib\idea_rt.jar=58023:C:\Program Files\JetBrains\IntelliJ IDEA Community Edition 2024.3.1.1\bin
21-Aug-2025 14:14:29.393 INFO [main] org.apache.catalina.startup.VersionLoggerListener.log Command line argument: -Dfile.encoding=UTF-8
21-Aug-2025 14:14:29.433 INFO [main] org.apache.catalina.core.AprLifecycleListener.lifecycleEvent Loaded Apache Tomcat Native library [1.3.1] using APR version [1.7.4].
21-Aug-2025 14:14:29.433 INFO [main] org.apache.catalina.core.AprLifecycleListener.lifecycleEvent APR capabilities: IPv6 [true], sendfile [true], accept filters [false], random [true], UDS [true].
21-Aug-2025 14:14:29.433 INFO [main] org.apache.catalina.core.AprLifecycleListener.lifecycleEvent APR/OpenSSL configuration: useAprConnector [false], useOpenSSL [true]
21-Aug-2025 14:14:29.444 INFO [main] org.apache.catalina.core.AprLifecycleListener.initializeSSL OpenSSL successfully initialized [OpenSSL 3.0.14 4 Jun 2024]
21-Aug-2025 14:14:29.941 INFO [main] org.apache.coyote.AbstractProtocol.init Initializing ProtocolHandler ["http-nio-8080"]
21-Aug-2025 14:14:29.973 INFO [main] org.apache.catalina.startup.Catalina.load Server initialization in [1081] milliseconds
21-Aug-2025 14:14:30.042 INFO [main] org.apache.catalina.core.StandardService.startInternal Starting service [Catalina]
21-Aug-2025 14:14:30.043 INFO [main] org.apache.catalina.core.StandardEngine.startInternal Starting Servlet engine: [Apache Tomcat/9.0.98]
21-Aug-2025 14:14:30.058 INFO [main] org.apache.catalina.startup.HostConfig.deployDescriptor Deploying deployment descriptor [D:\PahanaeduBookshop\conf\Catalina\localhost\PahanaeduBookshop.xml]
21-Aug-2025 14:14:31.720 INFO [main] org.apache.jasper.servlet.TldScanner.scanJars At least one JAR was scanned for TLDs yet contained no TLDs. Enable debug logging for this logger for a complete list of JARs that were scanned but no TLDs were found in them. Skipping unneeded JARs during scanning can improve startup time and JSP compilation time.
21-Aug-2025 14:14:31.888 INFO [main] org.apache.catalina.startup.HostConfig.deployDescriptor Deployment of deployment descriptor [D:\PahanaeduBookshop\conf\Catalina\localhost\PahanaeduBookshop.xml] has finished in [1,829] ms
21-Aug-2025 14:14:31.893 INFO [main] org.apache.coyote.AbstractProtocol.start Starting ProtocolHandler ["http-nio-8080"]
21-Aug-2025 14:14:31.975 INFO [main] org.apache.catalina.startup.Catalina.start Server startup in [2002] milliseconds
21-Aug-2025 14:17:34.194 INFO [Thread-1] org.apache.coyote.AbstractProtocol.pause Pausing ProtocolHandler ["http-nio-8080"]
21-Aug-2025 14:17:34.514 INFO [Thread-1] org.apache.catalina.core.StandardService.stopInternal Stopping service [Catalina]
21-Aug-2025 14:17:34.730 WARNING [Thread-1] org.apache.catalina.loader.WebappClassLoaderBase.clearReferencesJdbc The web application [PahanaeduBookshop] registered the JDBC driver [com.mysql.cj.jdbc.Driver] but failed to unregister it when the web application was stopped. To prevent a memory leak, the JDBC Driver has been forcibly unregistered.
21-Aug-2025 14:17:34.736 WARNING [Thread-1] org.apache.catalina.loader.WebappClassLoaderBase.clearReferencesThreads The web application [PahanaeduBookshop] appears to have started a thread named [mysql-cj-abandoned-connection-cleanup] but has failed to stop it. This is very likely to create a memory leak. Stack trace of thread:
 java.base@17.0.2/java.lang.Object.wait(Native Method)
 java.base@17.0.2/java.lang.ref.ReferenceQueue.remove(ReferenceQueue.java:155)
 com.mysql.cj.jdbc.AbandonedConnectionCleanupThread.run(AbandonedConnectionCleanupThread.java:91)
 java.base@17.0.2/java.util.concurrent.ThreadPoolExecutor.runWorker(ThreadPoolExecutor.java:1136)
 java.base@17.0.2/java.util.concurrent.ThreadPoolExecutor$Worker.run(ThreadPoolExecutor.java:635)
 java.base@17.0.2/java.lang.Thread.run(Thread.java:833)
21-Aug-2025 14:17:34.756 INFO [Thread-1] org.apache.coyote.AbstractProtocol.stop Stopping ProtocolHandler ["http-nio-8080"]
21-Aug-2025 14:17:34.770 INFO [Thread-1] org.apache.coyote.AbstractProtocol.destroy Destroying ProtocolHandler ["http-nio-8080"]
21-Aug-2025 14:17:34.843 INFO [mysql-cj-abandoned-connection-cleanup] org.apache.catalina.loader.WebappClassLoaderBase.checkStateForResourceLoading Illegal access: this web application instance has been stopped already. Could not load []. The following stack trace is thrown for debugging purposes as well as to attempt to terminate the thread which caused the illegal access.
	java.lang.IllegalStateException: Illegal access: this web application instance has been stopped already. Could not load []. The following stack trace is thrown for debugging purposes as well as to attempt to terminate the thread which caused the illegal access.
		at org.apache.catalina.loader.WebappClassLoaderBase.checkStateForResourceLoading(WebappClassLoaderBase.java:1369)
		at org.apache.catalina.loader.WebappClassLoaderBase.getResource(WebappClassLoaderBase.java:995)
		at com.mysql.cj.jdbc.AbandonedConnectionCleanupThread.checkThreadContextClassLoader(AbandonedConnectionCleanupThread.java:123)
		at com.mysql.cj.jdbc.AbandonedConnectionCleanupThread.run(AbandonedConnectionCleanupThread.java:90)
		at java.base/java.util.concurrent.ThreadPoolExecutor.runWorker(ThreadPoolExecutor.java:1136)
		at java.base/java.util.concurrent.ThreadPoolExecutor$Worker.run(ThreadPoolExecutor.java:635)
		at java.base/java.lang.Thread.run(Thread.java:833)
21-Aug-2025 14:17:34.846 INFO [mysql-cj-abandoned-connection-cleanup] org.apache.catalina.loader.WebappClassLoaderBase.checkStateForResourceLoading Illegal access: this web application instance has been stopped already. Could not load []. The following stack trace is thrown for debugging purposes as well as to attempt to terminate the thread which caused the illegal access.
	java.lang.IllegalStateException: Illegal access: this web application instance has been stopped already. Could not load []. The following stack trace is thrown for debugging purposes as well as to attempt to terminate the thread which caused the illegal access.
		at org.apache.catalina.loader.WebappClassLoaderBase.checkStateForResourceLoading(WebappClassLoaderBase.java:1369)
		at org.apache.catalina.loader.WebappClassLoaderBase.getResource(WebappClassLoaderBase.java:995)
		at com.mysql.cj.jdbc.AbandonedConnectionCleanupThread.checkThreadContextClassLoader(AbandonedConnectionCleanupThread.java:123)
		at com.mysql.cj.jdbc.AbandonedConnectionCleanupThread.run(AbandonedConnectionCleanupThread.java:90)
		at java.base/java.util.concurrent.ThreadPoolExecutor.runWorker(ThreadPoolExecutor.java:1136)
		at java.base/java.util.concurrent.ThreadPoolExecutor$Worker.run(ThreadPoolExecutor.java:635)
		at java.base/java.lang.Thread.run(Thread.java:833)
21-Aug-2025 14:18:09.962 INFO [main] org.apache.catalina.startup.VersionLoggerListener.log Server version name:   Apache Tomcat/9.0.98
21-Aug-2025 14:18:09.968 INFO [main] org.apache.catalina.startup.VersionLoggerListener.log Server built:          Dec 5 2024 19:50:29 UTC
21-Aug-2025 14:18:09.968 INFO [main] org.apache.catalina.startup.VersionLoggerListener.log Server version number: 9.0.98.0
21-Aug-2025 14:18:09.968 INFO [main] org.apache.catalina.startup.VersionLoggerListener.log OS Name:               Windows 10
21-Aug-2025 14:18:09.968 INFO [main] org.apache.catalina.startup.VersionLoggerListener.log OS Version:            10.0
21-Aug-2025 14:18:09.969 INFO [main] org.apache.catalina.startup.VersionLoggerListener.log Architecture:          amd64
21-Aug-2025 14:18:09.969 INFO [main] org.apache.catalina.startup.VersionLoggerListener.log Java Home:             C:\Program Files\Java\jdk-17.0.2
21-Aug-2025 14:18:09.969 INFO [main] org.apache.catalina.startup.VersionLoggerListener.log JVM Version:           17.0.2+8-LTS-86
21-Aug-2025 14:18:09.969 INFO [main] org.apache.catalina.startup.VersionLoggerListener.log JVM Vendor:            Oracle Corporation
21-Aug-2025 14:18:09.969 INFO [main] org.apache.catalina.startup.VersionLoggerListener.log CATALINA_BASE:         D:\PahanaeduBookshop
21-Aug-2025 14:18:09.969 INFO [main] org.apache.catalina.startup.VersionLoggerListener.log CATALINA_HOME:         G:\ICBT\1st_Semester\PROGRAMMING\apache-tomcat-9.0.98\apache-tomcat-9.0.98
21-Aug-2025 14:18:09.984 INFO [main] org.apache.catalina.startup.VersionLoggerListener.log Command line argument: --add-opens=java.base/java.lang=ALL-UNNAMED
21-Aug-2025 14:18:09.985 INFO [main] org.apache.catalina.startup.VersionLoggerListener.log Command line argument: --add-opens=java.base/java.io=ALL-UNNAMED
21-Aug-2025 14:18:09.985 INFO [main] org.apache.catalina.startup.VersionLoggerListener.log Command line argument: --add-opens=java.base/java.util=ALL-UNNAMED
21-Aug-2025 14:18:09.985 INFO [main] org.apache.catalina.startup.VersionLoggerListener.log Command line argument: --add-opens=java.base/java.util.concurrent=ALL-UNNAMED
21-Aug-2025 14:18:09.985 INFO [main] org.apache.catalina.startup.VersionLoggerListener.log Command line argument: --add-opens=java.rmi/sun.rmi.transport=ALL-UNNAMED
21-Aug-2025 14:18:09.985 INFO [main] org.apache.catalina.startup.VersionLoggerListener.log Command line argument: -Dcatalina.home=G:\ICBT\1st_Semester\PROGRAMMING\apache-tomcat-9.0.98\apache-tomcat-9.0.98
21-Aug-2025 14:18:09.985 INFO [main] org.apache.catalina.startup.VersionLoggerListener.log Command line argument: -Dcatalina.base=D:\PahanaeduBookshop
21-Aug-2025 14:18:09.985 INFO [main] org.apache.catalina.startup.VersionLoggerListener.log Command line argument: -Djava.io.tmpdir=D:\PahanaeduBookshop\temp
21-Aug-2025 14:18:09.985 INFO [main] org.apache.catalina.startup.VersionLoggerListener.log Command line argument: -Djava.util.logging.config.file=D:\PahanaeduBookshop\conf\logging.properties
21-Aug-2025 14:18:09.986 INFO [main] org.apache.catalina.startup.VersionLoggerListener.log Command line argument: -Djava.util.logging.manager=org.apache.juli.ClassLoaderLogManager
21-Aug-2025 14:18:09.986 INFO [main] org.apache.catalina.startup.VersionLoggerListener.log Command line argument: -javaagent:C:\Program Files\JetBrains\IntelliJ IDEA Community Edition 2024.3.1.1\lib\idea_rt.jar=58052:C:\Program Files\JetBrains\IntelliJ IDEA Community Edition 2024.3.1.1\bin
21-Aug-2025 14:18:09.986 INFO [main] org.apache.catalina.startup.VersionLoggerListener.log Command line argument: -Dfile.encoding=UTF-8
21-Aug-2025 14:18:10.369 INFO [main] org.apache.catalina.core.AprLifecycleListener.lifecycleEvent Loaded Apache Tomcat Native library [1.3.1] using APR version [1.7.4].
21-Aug-2025 14:18:10.370 INFO [main] org.apache.catalina.core.AprLifecycleListener.lifecycleEvent APR capabilities: IPv6 [true], sendfile [true], accept filters [false], random [true], UDS [true].
21-Aug-2025 14:18:10.370 INFO [main] org.apache.catalina.core.AprLifecycleListener.lifecycleEvent APR/OpenSSL configuration: useAprConnector [false], useOpenSSL [true]
21-Aug-2025 14:18:12.259 INFO [main] org.apache.catalina.core.AprLifecycleListener.initializeSSL OpenSSL successfully initialized [OpenSSL 3.0.14 4 Jun 2024]
21-Aug-2025 14:18:13.212 INFO [main] org.apache.coyote.AbstractProtocol.init Initializing ProtocolHandler ["http-nio-8080"]
21-Aug-2025 14:18:13.328 INFO [main] org.apache.catalina.startup.Catalina.load Server initialization in [5034] milliseconds
21-Aug-2025 14:18:13.612 INFO [main] org.apache.catalina.core.StandardService.startInternal Starting service [Catalina]
21-Aug-2025 14:18:13.613 INFO [main] org.apache.catalina.core.StandardEngine.startInternal Starting Servlet engine: [Apache Tomcat/9.0.98]
21-Aug-2025 14:18:13.668 INFO [main] org.apache.catalina.startup.HostConfig.deployDescriptor Deploying deployment descriptor [D:\PahanaeduBookshop\conf\Catalina\localhost\PahanaeduBookshop.xml]
21-Aug-2025 14:18:17.041 INFO [main] org.apache.jasper.servlet.TldScanner.scanJars At least one JAR was scanned for TLDs yet contained no TLDs. Enable debug logging for this logger for a complete list of JARs that were scanned but no TLDs were found in them. Skipping unneeded JARs during scanning can improve startup time and JSP compilation time.
21-Aug-2025 14:18:17.800 INFO [main] org.apache.catalina.startup.HostConfig.deployDescriptor Deployment of deployment descriptor [D:\PahanaeduBookshop\conf\Catalina\localhost\PahanaeduBookshop.xml] has finished in [4,128] ms
21-Aug-2025 14:18:17.818 INFO [main] org.apache.coyote.AbstractProtocol.start Starting ProtocolHandler ["http-nio-8080"]
21-Aug-2025 14:18:18.061 INFO [main] org.apache.catalina.startup.Catalina.start Server startup in [4731] milliseconds
21-Aug-2025 14:22:53.485 INFO [Thread-1] org.apache.coyote.AbstractProtocol.pause Pausing ProtocolHandler ["http-nio-8080"]
21-Aug-2025 14:22:53.631 INFO [Thread-1] org.apache.catalina.core.StandardService.stopInternal Stopping service [Catalina]
21-Aug-2025 14:22:53.645 WARNING [Thread-1] org.apache.catalina.loader.WebappClassLoaderBase.clearReferencesJdbc The web application [PahanaeduBookshop] registered the JDBC driver [com.mysql.cj.jdbc.Driver] but failed to unregister it when the web application was stopped. To prevent a memory leak, the JDBC Driver has been forcibly unregistered.
21-Aug-2025 14:22:53.647 WARNING [Thread-1] org.apache.catalina.loader.WebappClassLoaderBase.clearReferencesThreads The web application [PahanaeduBookshop] appears to have started a thread named [mysql-cj-abandoned-connection-cleanup] but has failed to stop it. This is very likely to create a memory leak. Stack trace of thread:
 java.base@17.0.2/java.lang.Object.wait(Native Method)
 java.base@17.0.2/java.lang.ref.ReferenceQueue.remove(ReferenceQueue.java:155)
 com.mysql.cj.jdbc.AbandonedConnectionCleanupThread.run(AbandonedConnectionCleanupThread.java:91)
 java.base@17.0.2/java.util.concurrent.ThreadPoolExecutor.runWorker(ThreadPoolExecutor.java:1136)
 java.base@17.0.2/java.util.concurrent.ThreadPoolExecutor$Worker.run(ThreadPoolExecutor.java:635)
 java.base@17.0.2/java.lang.Thread.run(Thread.java:833)
21-Aug-2025 14:22:53.660 INFO [Thread-1] org.apache.coyote.AbstractProtocol.stop Stopping ProtocolHandler ["http-nio-8080"]
21-Aug-2025 14:22:53.669 INFO [Thread-1] org.apache.coyote.AbstractProtocol.destroy Destroying ProtocolHandler ["http-nio-8080"]
21-Aug-2025 14:22:53.703 INFO [mysql-cj-abandoned-connection-cleanup] org.apache.catalina.loader.WebappClassLoaderBase.checkStateForResourceLoading Illegal access: this web application instance has been stopped already. Could not load []. The following stack trace is thrown for debugging purposes as well as to attempt to terminate the thread which caused the illegal access.
	java.lang.IllegalStateException: Illegal access: this web application instance has been stopped already. Could not load []. The following stack trace is thrown for debugging purposes as well as to attempt to terminate the thread which caused the illegal access.
		at org.apache.catalina.loader.WebappClassLoaderBase.checkStateForResourceLoading(WebappClassLoaderBase.java:1369)
		at org.apache.catalina.loader.WebappClassLoaderBase.getResource(WebappClassLoaderBase.java:995)
		at com.mysql.cj.jdbc.AbandonedConnectionCleanupThread.checkThreadContextClassLoader(AbandonedConnectionCleanupThread.java:123)
		at com.mysql.cj.jdbc.AbandonedConnectionCleanupThread.run(AbandonedConnectionCleanupThread.java:90)
		at java.base/java.util.concurrent.ThreadPoolExecutor.runWorker(ThreadPoolExecutor.java:1136)
		at java.base/java.util.concurrent.ThreadPoolExecutor$Worker.run(ThreadPoolExecutor.java:635)
		at java.base/java.lang.Thread.run(Thread.java:833)
21-Aug-2025 14:23:00.834 INFO [main] org.apache.catalina.startup.VersionLoggerListener.log Server version name:   Apache Tomcat/9.0.98
21-Aug-2025 14:23:00.840 INFO [main] org.apache.catalina.startup.VersionLoggerListener.log Server built:          Dec 5 2024 19:50:29 UTC
21-Aug-2025 14:23:00.841 INFO [main] org.apache.catalina.startup.VersionLoggerListener.log Server version number: 9.0.98.0
21-Aug-2025 14:23:00.841 INFO [main] org.apache.catalina.startup.VersionLoggerListener.log OS Name:               Windows 10
21-Aug-2025 14:23:00.841 INFO [main] org.apache.catalina.startup.VersionLoggerListener.log OS Version:            10.0
21-Aug-2025 14:23:00.841 INFO [main] org.apache.catalina.startup.VersionLoggerListener.log Architecture:          amd64
21-Aug-2025 14:23:00.841 INFO [main] org.apache.catalina.startup.VersionLoggerListener.log Java Home:             C:\Program Files\Java\jdk-17.0.2
21-Aug-2025 14:23:00.842 INFO [main] org.apache.catalina.startup.VersionLoggerListener.log JVM Version:           17.0.2+8-LTS-86
21-Aug-2025 14:23:00.842 INFO [main] org.apache.catalina.startup.VersionLoggerListener.log JVM Vendor:            Oracle Corporation
21-Aug-2025 14:23:00.842 INFO [main] org.apache.catalina.startup.VersionLoggerListener.log CATALINA_BASE:         D:\PahanaeduBookshop
21-Aug-2025 14:23:00.842 INFO [main] org.apache.catalina.startup.VersionLoggerListener.log CATALINA_HOME:         G:\ICBT\1st_Semester\PROGRAMMING\apache-tomcat-9.0.98\apache-tomcat-9.0.98
21-Aug-2025 14:23:00.858 INFO [main] org.apache.catalina.startup.VersionLoggerListener.log Command line argument: --add-opens=java.base/java.lang=ALL-UNNAMED
21-Aug-2025 14:23:00.859 INFO [main] org.apache.catalina.startup.VersionLoggerListener.log Command line argument: --add-opens=java.base/java.io=ALL-UNNAMED
21-Aug-2025 14:23:00.859 INFO [main] org.apache.catalina.startup.VersionLoggerListener.log Command line argument: --add-opens=java.base/java.util=ALL-UNNAMED
21-Aug-2025 14:23:00.859 INFO [main] org.apache.catalina.startup.VersionLoggerListener.log Command line argument: --add-opens=java.base/java.util.concurrent=ALL-UNNAMED
21-Aug-2025 14:23:00.859 INFO [main] org.apache.catalina.startup.VersionLoggerListener.log Command line argument: --add-opens=java.rmi/sun.rmi.transport=ALL-UNNAMED
21-Aug-2025 14:23:00.859 INFO [main] org.apache.catalina.startup.VersionLoggerListener.log Command line argument: -Dcatalina.home=G:\ICBT\1st_Semester\PROGRAMMING\apache-tomcat-9.0.98\apache-tomcat-9.0.98
21-Aug-2025 14:23:00.860 INFO [main] org.apache.catalina.startup.VersionLoggerListener.log Command line argument: -Dcatalina.base=D:\PahanaeduBookshop
21-Aug-2025 14:23:00.860 INFO [main] org.apache.catalina.startup.VersionLoggerListener.log Command line argument: -Djava.io.tmpdir=D:\PahanaeduBookshop\temp
21-Aug-2025 14:23:00.860 INFO [main] org.apache.catalina.startup.VersionLoggerListener.log Command line argument: -Djava.util.logging.config.file=D:\PahanaeduBookshop\conf\logging.properties
21-Aug-2025 14:23:00.860 INFO [main] org.apache.catalina.startup.VersionLoggerListener.log Command line argument: -Djava.util.logging.manager=org.apache.juli.ClassLoaderLogManager
21-Aug-2025 14:23:00.860 INFO [main] org.apache.catalina.startup.VersionLoggerListener.log Command line argument: -javaagent:C:\Program Files\JetBrains\IntelliJ IDEA Community Edition 2024.3.1.1\lib\idea_rt.jar=58095:C:\Program Files\JetBrains\IntelliJ IDEA Community Edition 2024.3.1.1\bin
21-Aug-2025 14:23:00.860 INFO [main] org.apache.catalina.startup.VersionLoggerListener.log Command line argument: -Dfile.encoding=UTF-8
21-Aug-2025 14:23:00.955 INFO [main] org.apache.catalina.core.AprLifecycleListener.lifecycleEvent Loaded Apache Tomcat Native library [1.3.1] using APR version [1.7.4].
21-Aug-2025 14:23:00.955 INFO [main] org.apache.catalina.core.AprLifecycleListener.lifecycleEvent APR capabilities: IPv6 [true], sendfile [true], accept filters [false], random [true], UDS [true].
21-Aug-2025 14:23:00.955 INFO [main] org.apache.catalina.core.AprLifecycleListener.lifecycleEvent APR/OpenSSL configuration: useAprConnector [false], useOpenSSL [true]
21-Aug-2025 14:23:00.985 INFO [main] org.apache.catalina.core.AprLifecycleListener.initializeSSL OpenSSL successfully initialized [OpenSSL 3.0.14 4 Jun 2024]
21-Aug-2025 14:23:01.484 INFO [main] org.apache.coyote.AbstractProtocol.init Initializing ProtocolHandler ["http-nio-8080"]
21-Aug-2025 14:23:01.516 INFO [main] org.apache.catalina.startup.Catalina.load Server initialization in [1080] milliseconds
21-Aug-2025 14:23:01.584 INFO [main] org.apache.catalina.core.StandardService.startInternal Starting service [Catalina]
21-Aug-2025 14:23:01.585 INFO [main] org.apache.catalina.core.StandardEngine.startInternal Starting Servlet engine: [Apache Tomcat/9.0.98]
21-Aug-2025 14:23:01.598 INFO [main] org.apache.catalina.startup.HostConfig.deployDescriptor Deploying deployment descriptor [D:\PahanaeduBookshop\conf\Catalina\localhost\PahanaeduBookshop.xml]
21-Aug-2025 14:23:03.032 INFO [main] org.apache.jasper.servlet.TldScanner.scanJars At least one JAR was scanned for TLDs yet contained no TLDs. Enable debug logging for this logger for a complete list of JARs that were scanned but no TLDs were found in them. Skipping unneeded JARs during scanning can improve startup time and JSP compilation time.
21-Aug-2025 14:23:03.232 INFO [main] org.apache.catalina.startup.HostConfig.deployDescriptor Deployment of deployment descriptor [D:\PahanaeduBookshop\conf\Catalina\localhost\PahanaeduBookshop.xml] has finished in [1,633] ms
21-Aug-2025 14:23:03.237 INFO [main] org.apache.coyote.AbstractProtocol.start Starting ProtocolHandler ["http-nio-8080"]
21-Aug-2025 14:23:03.317 INFO [main] org.apache.catalina.startup.Catalina.start Server startup in [1801] milliseconds
21-Aug-2025 14:27:20.552 INFO [Thread-1] org.apache.coyote.AbstractProtocol.pause Pausing ProtocolHandler ["http-nio-8080"]
21-Aug-2025 14:27:20.702 INFO [Thread-1] org.apache.catalina.core.StandardService.stopInternal Stopping service [Catalina]
21-Aug-2025 14:27:20.718 WARNING [Thread-1] org.apache.catalina.loader.WebappClassLoaderBase.clearReferencesJdbc The web application [PahanaeduBookshop] registered the JDBC driver [com.mysql.cj.jdbc.Driver] but failed to unregister it when the web application was stopped. To prevent a memory leak, the JDBC Driver has been forcibly unregistered.
21-Aug-2025 14:27:20.719 WARNING [Thread-1] org.apache.catalina.loader.WebappClassLoaderBase.clearReferencesThreads The web application [PahanaeduBookshop] appears to have started a thread named [mysql-cj-abandoned-connection-cleanup] but has failed to stop it. This is very likely to create a memory leak. Stack trace of thread:
 java.base@17.0.2/java.lang.Object.wait(Native Method)
 java.base@17.0.2/java.lang.ref.ReferenceQueue.remove(ReferenceQueue.java:155)
 com.mysql.cj.jdbc.AbandonedConnectionCleanupThread.run(AbandonedConnectionCleanupThread.java:91)
 java.base@17.0.2/java.util.concurrent.ThreadPoolExecutor.runWorker(ThreadPoolExecutor.java:1136)
 java.base@17.0.2/java.util.concurrent.ThreadPoolExecutor$Worker.run(ThreadPoolExecutor.java:635)
 java.base@17.0.2/java.lang.Thread.run(Thread.java:833)
21-Aug-2025 14:27:20.734 INFO [Thread-1] org.apache.coyote.AbstractProtocol.stop Stopping ProtocolHandler ["http-nio-8080"]
21-Aug-2025 14:27:20.753 INFO [Thread-1] org.apache.coyote.AbstractProtocol.destroy Destroying ProtocolHandler ["http-nio-8080"]
21-Aug-2025 14:27:20.787 INFO [mysql-cj-abandoned-connection-cleanup] org.apache.catalina.loader.WebappClassLoaderBase.checkStateForResourceLoading Illegal access: this web application instance has been stopped already. Could not load []. The following stack trace is thrown for debugging purposes as well as to attempt to terminate the thread which caused the illegal access.
	java.lang.IllegalStateException: Illegal access: this web application instance has been stopped already. Could not load []. The following stack trace is thrown for debugging purposes as well as to attempt to terminate the thread which caused the illegal access.
		at org.apache.catalina.loader.WebappClassLoaderBase.checkStateForResourceLoading(WebappClassLoaderBase.java:1369)
		at org.apache.catalina.loader.WebappClassLoaderBase.getResource(WebappClassLoaderBase.java:995)
		at com.mysql.cj.jdbc.AbandonedConnectionCleanupThread.checkThreadContextClassLoader(AbandonedConnectionCleanupThread.java:123)
		at com.mysql.cj.jdbc.AbandonedConnectionCleanupThread.run(AbandonedConnectionCleanupThread.java:90)
		at java.base/java.util.concurrent.ThreadPoolExecutor.runWorker(ThreadPoolExecutor.java:1136)
		at java.base/java.util.concurrent.ThreadPoolExecutor$Worker.run(ThreadPoolExecutor.java:635)
		at java.base/java.lang.Thread.run(Thread.java:833)
21-Aug-2025 14:27:27.537 INFO [main] org.apache.catalina.startup.VersionLoggerListener.log Server version name:   Apache Tomcat/9.0.98
21-Aug-2025 14:27:27.543 INFO [main] org.apache.catalina.startup.VersionLoggerListener.log Server built:          Dec 5 2024 19:50:29 UTC
21-Aug-2025 14:27:27.543 INFO [main] org.apache.catalina.startup.VersionLoggerListener.log Server version number: 9.0.98.0
21-Aug-2025 14:27:27.543 INFO [main] org.apache.catalina.startup.VersionLoggerListener.log OS Name:               Windows 10
21-Aug-2025 14:27:27.544 INFO [main] org.apache.catalina.startup.VersionLoggerListener.log OS Version:            10.0
21-Aug-2025 14:27:27.544 INFO [main] org.apache.catalina.startup.VersionLoggerListener.log Architecture:          amd64
21-Aug-2025 14:27:27.545 INFO [main] org.apache.catalina.startup.VersionLoggerListener.log Java Home:             C:\Program Files\Java\jdk-17.0.2
21-Aug-2025 14:27:27.545 INFO [main] org.apache.catalina.startup.VersionLoggerListener.log JVM Version:           17.0.2+8-LTS-86
21-Aug-2025 14:27:27.545 INFO [main] org.apache.catalina.startup.VersionLoggerListener.log JVM Vendor:            Oracle Corporation
21-Aug-2025 14:27:27.546 INFO [main] org.apache.catalina.startup.VersionLoggerListener.log CATALINA_BASE:         D:\PahanaeduBookshop
21-Aug-2025 14:27:27.546 INFO [main] org.apache.catalina.startup.VersionLoggerListener.log CATALINA_HOME:         G:\ICBT\1st_Semester\PROGRAMMING\apache-tomcat-9.0.98\apache-tomcat-9.0.98
21-Aug-2025 14:27:27.584 INFO [main] org.apache.catalina.startup.VersionLoggerListener.log Command line argument: --add-opens=java.base/java.lang=ALL-UNNAMED
21-Aug-2025 14:27:27.585 INFO [main] org.apache.catalina.startup.VersionLoggerListener.log Command line argument: --add-opens=java.base/java.io=ALL-UNNAMED
21-Aug-2025 14:27:27.585 INFO [main] org.apache.catalina.startup.VersionLoggerListener.log Command line argument: --add-opens=java.base/java.util=ALL-UNNAMED
21-Aug-2025 14:27:27.585 INFO [main] org.apache.catalina.startup.VersionLoggerListener.log Command line argument: --add-opens=java.base/java.util.concurrent=ALL-UNNAMED
21-Aug-2025 14:27:27.585 INFO [main] org.apache.catalina.startup.VersionLoggerListener.log Command line argument: --add-opens=java.rmi/sun.rmi.transport=ALL-UNNAMED
21-Aug-2025 14:27:27.585 INFO [main] org.apache.catalina.startup.VersionLoggerListener.log Command line argument: -Dcatalina.home=G:\ICBT\1st_Semester\PROGRAMMING\apache-tomcat-9.0.98\apache-tomcat-9.0.98
21-Aug-2025 14:27:27.586 INFO [main] org.apache.catalina.startup.VersionLoggerListener.log Command line argument: -Dcatalina.base=D:\PahanaeduBookshop
21-Aug-2025 14:27:27.586 INFO [main] org.apache.catalina.startup.VersionLoggerListener.log Command line argument: -Djava.io.tmpdir=D:\PahanaeduBookshop\temp
21-Aug-2025 14:27:27.586 INFO [main] org.apache.catalina.startup.VersionLoggerListener.log Command line argument: -Djava.util.logging.config.file=D:\PahanaeduBookshop\conf\logging.properties
21-Aug-2025 14:27:27.586 INFO [main] org.apache.catalina.startup.VersionLoggerListener.log Command line argument: -Djava.util.logging.manager=org.apache.juli.ClassLoaderLogManager
21-Aug-2025 14:27:27.586 INFO [main] org.apache.catalina.startup.VersionLoggerListener.log Command line argument: -javaagent:C:\Program Files\JetBrains\IntelliJ IDEA Community Edition 2024.3.1.1\lib\idea_rt.jar=58132:C:\Program Files\JetBrains\IntelliJ IDEA Community Edition 2024.3.1.1\bin
21-Aug-2025 14:27:27.586 INFO [main] org.apache.catalina.startup.VersionLoggerListener.log Command line argument: -Dfile.encoding=UTF-8
21-Aug-2025 14:27:27.691 INFO [main] org.apache.catalina.core.AprLifecycleListener.lifecycleEvent Loaded Apache Tomcat Native library [1.3.1] using APR version [1.7.4].
21-Aug-2025 14:27:27.691 INFO [main] org.apache.catalina.core.AprLifecycleListener.lifecycleEvent APR capabilities: IPv6 [true], sendfile [true], accept filters [false], random [true], UDS [true].
21-Aug-2025 14:27:27.692 INFO [main] org.apache.catalina.core.AprLifecycleListener.lifecycleEvent APR/OpenSSL configuration: useAprConnector [false], useOpenSSL [true]
21-Aug-2025 14:27:27.769 INFO [main] org.apache.catalina.core.AprLifecycleListener.initializeSSL OpenSSL successfully initialized [OpenSSL 3.0.14 4 Jun 2024]
21-Aug-2025 14:27:28.400 INFO [main] org.apache.coyote.AbstractProtocol.init Initializing ProtocolHandler ["http-nio-8080"]
21-Aug-2025 14:27:28.432 INFO [main] org.apache.catalina.startup.Catalina.load Server initialization in [1247] milliseconds
21-Aug-2025 14:27:28.507 INFO [main] org.apache.catalina.core.StandardService.startInternal Starting service [Catalina]
21-Aug-2025 14:27:28.507 INFO [main] org.apache.catalina.core.StandardEngine.startInternal Starting Servlet engine: [Apache Tomcat/9.0.98]
21-Aug-2025 14:27:28.520 INFO [main] org.apache.catalina.startup.HostConfig.deployDescriptor Deploying deployment descriptor [D:\PahanaeduBookshop\conf\Catalina\localhost\PahanaeduBookshop.xml]
21-Aug-2025 14:27:30.732 INFO [main] org.apache.jasper.servlet.TldScanner.scanJars At least one JAR was scanned for TLDs yet contained no TLDs. Enable debug logging for this logger for a complete list of JARs that were scanned but no TLDs were found in them. Skipping unneeded JARs during scanning can improve startup time and JSP compilation time.
21-Aug-2025 14:27:30.929 INFO [main] org.apache.catalina.startup.HostConfig.deployDescriptor Deployment of deployment descriptor [D:\PahanaeduBookshop\conf\Catalina\localhost\PahanaeduBookshop.xml] has finished in [2,408] ms
21-Aug-2025 14:27:30.935 INFO [main] org.apache.coyote.AbstractProtocol.start Starting ProtocolHandler ["http-nio-8080"]
21-Aug-2025 14:27:31.010 INFO [main] org.apache.catalina.startup.Catalina.start Server startup in [2577] milliseconds
21-Aug-2025 14:28:49.558 INFO [Thread-1] org.apache.coyote.AbstractProtocol.pause Pausing ProtocolHandler ["http-nio-8080"]
21-Aug-2025 14:28:49.713 INFO [Thread-1] org.apache.catalina.core.StandardService.stopInternal Stopping service [Catalina]
21-Aug-2025 14:28:49.724 WARNING [Thread-1] org.apache.catalina.loader.WebappClassLoaderBase.clearReferencesJdbc The web application [PahanaeduBookshop] registered the JDBC driver [com.mysql.cj.jdbc.Driver] but failed to unregister it when the web application was stopped. To prevent a memory leak, the JDBC Driver has been forcibly unregistered.
21-Aug-2025 14:28:49.725 WARNING [Thread-1] org.apache.catalina.loader.WebappClassLoaderBase.clearReferencesThreads The web application [PahanaeduBookshop] appears to have started a thread named [mysql-cj-abandoned-connection-cleanup] but has failed to stop it. This is very likely to create a memory leak. Stack trace of thread:
 java.base@17.0.2/java.lang.Object.wait(Native Method)
 java.base@17.0.2/java.lang.ref.ReferenceQueue.remove(ReferenceQueue.java:155)
 com.mysql.cj.jdbc.AbandonedConnectionCleanupThread.run(AbandonedConnectionCleanupThread.java:91)
 java.base@17.0.2/java.util.concurrent.ThreadPoolExecutor.runWorker(ThreadPoolExecutor.java:1136)
 java.base@17.0.2/java.util.concurrent.ThreadPoolExecutor$Worker.run(ThreadPoolExecutor.java:635)
 java.base@17.0.2/java.lang.Thread.run(Thread.java:833)
21-Aug-2025 14:28:49.736 INFO [Thread-1] org.apache.coyote.AbstractProtocol.stop Stopping ProtocolHandler ["http-nio-8080"]
21-Aug-2025 14:28:49.752 INFO [Thread-1] org.apache.coyote.AbstractProtocol.destroy Destroying ProtocolHandler ["http-nio-8080"]
21-Aug-2025 14:28:49.782 INFO [mysql-cj-abandoned-connection-cleanup] org.apache.catalina.loader.WebappClassLoaderBase.checkStateForResourceLoading Illegal access: this web application instance has been stopped already. Could not load []. The following stack trace is thrown for debugging purposes as well as to attempt to terminate the thread which caused the illegal access.
	java.lang.IllegalStateException: Illegal access: this web application instance has been stopped already. Could not load []. The following stack trace is thrown for debugging purposes as well as to attempt to terminate the thread which caused the illegal access.
		at org.apache.catalina.loader.WebappClassLoaderBase.checkStateForResourceLoading(WebappClassLoaderBase.java:1369)
		at org.apache.catalina.loader.WebappClassLoaderBase.getResource(WebappClassLoaderBase.java:995)
		at com.mysql.cj.jdbc.AbandonedConnectionCleanupThread.checkThreadContextClassLoader(AbandonedConnectionCleanupThread.java:123)
		at com.mysql.cj.jdbc.AbandonedConnectionCleanupThread.run(AbandonedConnectionCleanupThread.java:90)
		at java.base/java.util.concurrent.ThreadPoolExecutor.runWorker(ThreadPoolExecutor.java:1136)
		at java.base/java.util.concurrent.ThreadPoolExecutor$Worker.run(ThreadPoolExecutor.java:635)
		at java.base/java.lang.Thread.run(Thread.java:833)
21-Aug-2025 14:28:56.428 INFO [main] org.apache.catalina.startup.VersionLoggerListener.log Server version name:   Apache Tomcat/9.0.98
21-Aug-2025 14:28:56.436 INFO [main] org.apache.catalina.startup.VersionLoggerListener.log Server built:          Dec 5 2024 19:50:29 UTC
21-Aug-2025 14:28:56.436 INFO [main] org.apache.catalina.startup.VersionLoggerListener.log Server version number: 9.0.98.0
21-Aug-2025 14:28:56.437 INFO [main] org.apache.catalina.startup.VersionLoggerListener.log OS Name:               Windows 10
21-Aug-2025 14:28:56.437 INFO [main] org.apache.catalina.startup.VersionLoggerListener.log OS Version:            10.0
21-Aug-2025 14:28:56.437 INFO [main] org.apache.catalina.startup.VersionLoggerListener.log Architecture:          amd64
21-Aug-2025 14:28:56.437 INFO [main] org.apache.catalina.startup.VersionLoggerListener.log Java Home:             C:\Program Files\Java\jdk-17.0.2
21-Aug-2025 14:28:56.437 INFO [main] org.apache.catalina.startup.VersionLoggerListener.log JVM Version:           17.0.2+8-LTS-86
21-Aug-2025 14:28:56.438 INFO [main] org.apache.catalina.startup.VersionLoggerListener.log JVM Vendor:            Oracle Corporation
21-Aug-2025 14:28:56.438 INFO [main] org.apache.catalina.startup.VersionLoggerListener.log CATALINA_BASE:         D:\PahanaeduBookshop
21-Aug-2025 14:28:56.438 INFO [main] org.apache.catalina.startup.VersionLoggerListener.log CATALINA_HOME:         G:\ICBT\1st_Semester\PROGRAMMING\apache-tomcat-9.0.98\apache-tomcat-9.0.98
21-Aug-2025 14:28:56.458 INFO [main] org.apache.catalina.startup.VersionLoggerListener.log Command line argument: --add-opens=java.base/java.lang=ALL-UNNAMED
21-Aug-2025 14:28:56.458 INFO [main] org.apache.catalina.startup.VersionLoggerListener.log Command line argument: --add-opens=java.base/java.io=ALL-UNNAMED
21-Aug-2025 14:28:56.459 INFO [main] org.apache.catalina.startup.VersionLoggerListener.log Command line argument: --add-opens=java.base/java.util=ALL-UNNAMED
21-Aug-2025 14:28:56.459 INFO [main] org.apache.catalina.startup.VersionLoggerListener.log Command line argument: --add-opens=java.base/java.util.concurrent=ALL-UNNAMED
21-Aug-2025 14:28:56.460 INFO [main] org.apache.catalina.startup.VersionLoggerListener.log Command line argument: --add-opens=java.rmi/sun.rmi.transport=ALL-UNNAMED
21-Aug-2025 14:28:56.460 INFO [main] org.apache.catalina.startup.VersionLoggerListener.log Command line argument: -Dcatalina.home=G:\ICBT\1st_Semester\PROGRAMMING\apache-tomcat-9.0.98\apache-tomcat-9.0.98
21-Aug-2025 14:28:56.460 INFO [main] org.apache.catalina.startup.VersionLoggerListener.log Command line argument: -Dcatalina.base=D:\PahanaeduBookshop
21-Aug-2025 14:28:56.460 INFO [main] org.apache.catalina.startup.VersionLoggerListener.log Command line argument: -Djava.io.tmpdir=D:\PahanaeduBookshop\temp
21-Aug-2025 14:28:56.461 INFO [main] org.apache.catalina.startup.VersionLoggerListener.log Command line argument: -Djava.util.logging.config.file=D:\PahanaeduBookshop\conf\logging.properties
21-Aug-2025 14:28:56.461 INFO [main] org.apache.catalina.startup.VersionLoggerListener.log Command line argument: -Djava.util.logging.manager=org.apache.juli.ClassLoaderLogManager
21-Aug-2025 14:28:56.461 INFO [main] org.apache.catalina.startup.VersionLoggerListener.log Command line argument: -javaagent:C:\Program Files\JetBrains\IntelliJ IDEA Community Edition 2024.3.1.1\lib\idea_rt.jar=58160:C:\Program Files\JetBrains\IntelliJ IDEA Community Edition 2024.3.1.1\bin
21-Aug-2025 14:28:56.461 INFO [main] org.apache.catalina.startup.VersionLoggerListener.log Command line argument: -Dfile.encoding=UTF-8
21-Aug-2025 14:28:56.505 INFO [main] org.apache.catalina.core.AprLifecycleListener.lifecycleEvent Loaded Apache Tomcat Native library [1.3.1] using APR version [1.7.4].
21-Aug-2025 14:28:56.505 INFO [main] org.apache.catalina.core.AprLifecycleListener.lifecycleEvent APR capabilities: IPv6 [true], sendfile [true], accept filters [false], random [true], UDS [true].
21-Aug-2025 14:28:56.505 INFO [main] org.apache.catalina.core.AprLifecycleListener.lifecycleEvent APR/OpenSSL configuration: useAprConnector [false], useOpenSSL [true]
21-Aug-2025 14:28:56.526 INFO [main] org.apache.catalina.core.AprLifecycleListener.initializeSSL OpenSSL successfully initialized [OpenSSL 3.0.14 4 Jun 2024]
21-Aug-2025 14:28:57.221 INFO [main] org.apache.coyote.AbstractProtocol.init Initializing ProtocolHandler ["http-nio-8080"]
21-Aug-2025 14:28:57.257 INFO [main] org.apache.catalina.startup.Catalina.load Server initialization in [1243] milliseconds
21-Aug-2025 14:28:57.340 INFO [main] org.apache.catalina.core.StandardService.startInternal Starting service [Catalina]
21-Aug-2025 14:28:57.340 INFO [main] org.apache.catalina.core.StandardEngine.startInternal Starting Servlet engine: [Apache Tomcat/9.0.98]
21-Aug-2025 14:28:57.354 INFO [main] org.apache.catalina.startup.HostConfig.deployDescriptor Deploying deployment descriptor [D:\PahanaeduBookshop\conf\Catalina\localhost\PahanaeduBookshop.xml]
21-Aug-2025 14:29:00.391 INFO [main] org.apache.jasper.servlet.TldScanner.scanJars At least one JAR was scanned for TLDs yet contained no TLDs. Enable debug logging for this logger for a complete list of JARs that were scanned but no TLDs were found in them. Skipping unneeded JARs during scanning can improve startup time and JSP compilation time.
21-Aug-2025 14:29:00.579 INFO [main] org.apache.catalina.startup.HostConfig.deployDescriptor Deployment of deployment descriptor [D:\PahanaeduBookshop\conf\Catalina\localhost\PahanaeduBookshop.xml] has finished in [3,225] ms
21-Aug-2025 14:29:00.585 INFO [main] org.apache.coyote.AbstractProtocol.start Starting ProtocolHandler ["http-nio-8080"]
21-Aug-2025 14:29:00.672 INFO [main] org.apache.catalina.startup.Catalina.start Server startup in [3414] milliseconds
21-Aug-2025 16:37:20.953 INFO [Thread-1] org.apache.coyote.AbstractProtocol.pause Pausing ProtocolHandler ["http-nio-8080"]
21-Aug-2025 16:37:23.972 INFO [Thread-1] org.apache.catalina.core.StandardService.stopInternal Stopping service [Catalina]
21-Aug-2025 16:37:29.580 WARNING [Thread-1] org.apache.catalina.loader.WebappClassLoaderBase.clearReferencesJdbc The web application [PahanaeduBookshop] registered the JDBC driver [com.mysql.cj.jdbc.Driver] but failed to unregister it when the web application was stopped. To prevent a memory leak, the JDBC Driver has been forcibly unregistered.
21-Aug-2025 16:37:29.792 WARNING [Thread-1] org.apache.catalina.loader.WebappClassLoaderBase.clearReferencesThreads The web application [PahanaeduBookshop] appears to have started a thread named [mysql-cj-abandoned-connection-cleanup] but has failed to stop it. This is very likely to create a memory leak. Stack trace of thread:
 java.base@17.0.2/java.lang.Object.wait(Native Method)
 java.base@17.0.2/java.lang.ref.ReferenceQueue.remove(ReferenceQueue.java:155)
 com.mysql.cj.jdbc.AbandonedConnectionCleanupThread.run(AbandonedConnectionCleanupThread.java:91)
 java.base@17.0.2/java.util.concurrent.ThreadPoolExecutor.runWorker(ThreadPoolExecutor.java:1136)
 java.base@17.0.2/java.util.concurrent.ThreadPoolExecutor$Worker.run(ThreadPoolExecutor.java:635)
 java.base@17.0.2/java.lang.Thread.run(Thread.java:833)
21-Aug-2025 16:37:35.796 INFO [Thread-1] org.apache.coyote.AbstractProtocol.stop Stopping ProtocolHandler ["http-nio-8080"]
21-Aug-2025 16:37:36.485 INFO [mysql-cj-abandoned-connection-cleanup] org.apache.catalina.loader.WebappClassLoaderBase.checkStateForResourceLoading Illegal access: this web application instance has been stopped already. Could not load []. The following stack trace is thrown for debugging purposes as well as to attempt to terminate the thread which caused the illegal access.
	java.lang.IllegalStateException: Illegal access: this web application instance has been stopped already. Could not load []. The following stack trace is thrown for debugging purposes as well as to attempt to terminate the thread which caused the illegal access.
		at org.apache.catalina.loader.WebappClassLoaderBase.checkStateForResourceLoading(WebappClassLoaderBase.java:1369)
		at org.apache.catalina.loader.WebappClassLoaderBase.getResource(WebappClassLoaderBase.java:995)
		at com.mysql.cj.jdbc.AbandonedConnectionCleanupThread.checkThreadContextClassLoader(AbandonedConnectionCleanupThread.java:123)
		at com.mysql.cj.jdbc.AbandonedConnectionCleanupThread.run(AbandonedConnectionCleanupThread.java:90)
		at java.base/java.util.concurrent.ThreadPoolExecutor.runWorker(ThreadPoolExecutor.java:1136)
		at java.base/java.util.concurrent.ThreadPoolExecutor$Worker.run(ThreadPoolExecutor.java:635)
		at java.base/java.lang.Thread.run(Thread.java:833)
21-Aug-2025 16:37:36.669 INFO [Thread-1] org.apache.coyote.AbstractProtocol.destroy Destroying ProtocolHandler ["http-nio-8080"]
21-Aug-2025 16:39:18.388 INFO [main] org.apache.catalina.startup.VersionLoggerListener.log Server version name:   Apache Tomcat/9.0.98
21-Aug-2025 16:39:18.392 INFO [main] org.apache.catalina.startup.VersionLoggerListener.log Server built:          Dec 5 2024 19:50:29 UTC
21-Aug-2025 16:39:18.392 INFO [main] org.apache.catalina.startup.VersionLoggerListener.log Server version number: 9.0.98.0
21-Aug-2025 16:39:18.392 INFO [main] org.apache.catalina.startup.VersionLoggerListener.log OS Name:               Windows 10
21-Aug-2025 16:39:18.392 INFO [main] org.apache.catalina.startup.VersionLoggerListener.log OS Version:            10.0
21-Aug-2025 16:39:18.392 INFO [main] org.apache.catalina.startup.VersionLoggerListener.log Architecture:          amd64
21-Aug-2025 16:39:18.392 INFO [main] org.apache.catalina.startup.VersionLoggerListener.log Java Home:             C:\Program Files\Java\jdk-17.0.2
21-Aug-2025 16:39:18.392 INFO [main] org.apache.catalina.startup.VersionLoggerListener.log JVM Version:           17.0.2+8-LTS-86
21-Aug-2025 16:39:18.393 INFO [main] org.apache.catalina.startup.VersionLoggerListener.log JVM Vendor:            Oracle Corporation
21-Aug-2025 16:39:18.393 INFO [main] org.apache.catalina.startup.VersionLoggerListener.log CATALINA_BASE:         D:\PahanaeduBookshop
21-Aug-2025 16:39:18.393 INFO [main] org.apache.catalina.startup.VersionLoggerListener.log CATALINA_HOME:         G:\ICBT\1st_Semester\PROGRAMMING\apache-tomcat-9.0.98\apache-tomcat-9.0.98
21-Aug-2025 16:39:18.402 INFO [main] org.apache.catalina.startup.VersionLoggerListener.log Command line argument: --add-opens=java.base/java.lang=ALL-UNNAMED
21-Aug-2025 16:39:18.402 INFO [main] org.apache.catalina.startup.VersionLoggerListener.log Command line argument: --add-opens=java.base/java.io=ALL-UNNAMED
21-Aug-2025 16:39:18.402 INFO [main] org.apache.catalina.startup.VersionLoggerListener.log Command line argument: --add-opens=java.base/java.util=ALL-UNNAMED
21-Aug-2025 16:39:18.403 INFO [main] org.apache.catalina.startup.VersionLoggerListener.log Command line argument: --add-opens=java.base/java.util.concurrent=ALL-UNNAMED
21-Aug-2025 16:39:18.403 INFO [main] org.apache.catalina.startup.VersionLoggerListener.log Command line argument: --add-opens=java.rmi/sun.rmi.transport=ALL-UNNAMED
21-Aug-2025 16:39:18.403 INFO [main] org.apache.catalina.startup.VersionLoggerListener.log Command line argument: -Dcatalina.home=G:\ICBT\1st_Semester\PROGRAMMING\apache-tomcat-9.0.98\apache-tomcat-9.0.98
21-Aug-2025 16:39:18.403 INFO [main] org.apache.catalina.startup.VersionLoggerListener.log Command line argument: -Dcatalina.base=D:\PahanaeduBookshop
21-Aug-2025 16:39:18.403 INFO [main] org.apache.catalina.startup.VersionLoggerListener.log Command line argument: -Djava.io.tmpdir=D:\PahanaeduBookshop\temp
21-Aug-2025 16:39:18.403 INFO [main] org.apache.catalina.startup.VersionLoggerListener.log Command line argument: -Djava.util.logging.config.file=D:\PahanaeduBookshop\conf\logging.properties
21-Aug-2025 16:39:18.403 INFO [main] org.apache.catalina.startup.VersionLoggerListener.log Command line argument: -Djava.util.logging.manager=org.apache.juli.ClassLoaderLogManager
21-Aug-2025 16:39:18.404 INFO [main] org.apache.catalina.startup.VersionLoggerListener.log Command line argument: -javaagent:C:\Program Files\JetBrains\IntelliJ IDEA Community Edition 2024.3.1.1\lib\idea_rt.jar=62951:C:\Program Files\JetBrains\IntelliJ IDEA Community Edition 2024.3.1.1\bin
21-Aug-2025 16:39:18.404 INFO [main] org.apache.catalina.startup.VersionLoggerListener.log Command line argument: -Dfile.encoding=UTF-8
21-Aug-2025 16:39:18.791 INFO [main] org.apache.catalina.core.AprLifecycleListener.lifecycleEvent Loaded Apache Tomcat Native library [1.3.1] using APR version [1.7.4].
21-Aug-2025 16:39:18.792 INFO [main] org.apache.catalina.core.AprLifecycleListener.lifecycleEvent APR capabilities: IPv6 [true], sendfile [true], accept filters [false], random [true], UDS [true].
21-Aug-2025 16:39:18.792 INFO [main] org.apache.catalina.core.AprLifecycleListener.lifecycleEvent APR/OpenSSL configuration: useAprConnector [false], useOpenSSL [true]
21-Aug-2025 16:39:20.386 INFO [main] org.apache.catalina.core.AprLifecycleListener.initializeSSL OpenSSL successfully initialized [OpenSSL 3.0.14 4 Jun 2024]
21-Aug-2025 16:39:21.808 INFO [main] org.apache.coyote.AbstractProtocol.init Initializing ProtocolHandler ["http-nio-8080"]
21-Aug-2025 16:39:21.973 INFO [main] org.apache.catalina.startup.Catalina.load Server initialization in [6263] milliseconds
21-Aug-2025 16:39:22.237 INFO [main] org.apache.catalina.core.StandardService.startInternal Starting service [Catalina]
21-Aug-2025 16:39:22.238 INFO [main] org.apache.catalina.core.StandardEngine.startInternal Starting Servlet engine: [Apache Tomcat/9.0.98]
21-Aug-2025 16:39:22.325 INFO [main] org.apache.catalina.startup.HostConfig.deployDescriptor Deploying deployment descriptor [D:\PahanaeduBookshop\conf\Catalina\localhost\PahanaeduBookshop.xml]
21-Aug-2025 16:39:30.252 INFO [main] org.apache.jasper.servlet.TldScanner.scanJars At least one JAR was scanned for TLDs yet contained no TLDs. Enable debug logging for this logger for a complete list of JARs that were scanned but no TLDs were found in them. Skipping unneeded JARs during scanning can improve startup time and JSP compilation time.
21-Aug-2025 16:39:30.764 INFO [main] org.apache.catalina.startup.HostConfig.deployDescriptor Deployment of deployment descriptor [D:\PahanaeduBookshop\conf\Catalina\localhost\PahanaeduBookshop.xml] has finished in [8,436] ms
21-Aug-2025 16:39:30.772 INFO [main] org.apache.coyote.AbstractProtocol.start Starting ProtocolHandler ["http-nio-8080"]
21-Aug-2025 16:39:31.100 INFO [main] org.apache.catalina.startup.Catalina.start Server startup in [9126] milliseconds
21-Aug-2025 16:44:18.731 INFO [Thread-1] org.apache.coyote.AbstractProtocol.pause Pausing ProtocolHandler ["http-nio-8080"]
21-Aug-2025 16:44:19.006 INFO [Thread-1] org.apache.catalina.core.StandardService.stopInternal Stopping service [Catalina]
21-Aug-2025 16:44:19.026 WARNING [Thread-1] org.apache.catalina.loader.WebappClassLoaderBase.clearReferencesJdbc The web application [PahanaeduBookshop] registered the JDBC driver [com.mysql.cj.jdbc.Driver] but failed to unregister it when the web application was stopped. To prevent a memory leak, the JDBC Driver has been forcibly unregistered.
21-Aug-2025 16:44:19.029 WARNING [Thread-1] org.apache.catalina.loader.WebappClassLoaderBase.clearReferencesThreads The web application [PahanaeduBookshop] appears to have started a thread named [mysql-cj-abandoned-connection-cleanup] but has failed to stop it. This is very likely to create a memory leak. Stack trace of thread:
 java.base@17.0.2/java.lang.Object.wait(Native Method)
 java.base@17.0.2/java.lang.ref.ReferenceQueue.remove(ReferenceQueue.java:155)
 com.mysql.cj.jdbc.AbandonedConnectionCleanupThread.run(AbandonedConnectionCleanupThread.java:91)
 java.base@17.0.2/java.util.concurrent.ThreadPoolExecutor.runWorker(ThreadPoolExecutor.java:1136)
 java.base@17.0.2/java.util.concurrent.ThreadPoolExecutor$Worker.run(ThreadPoolExecutor.java:635)
 java.base@17.0.2/java.lang.Thread.run(Thread.java:833)
21-Aug-2025 16:44:19.042 INFO [Thread-1] org.apache.coyote.AbstractProtocol.stop Stopping ProtocolHandler ["http-nio-8080"]
21-Aug-2025 16:44:19.055 INFO [Thread-1] org.apache.coyote.AbstractProtocol.destroy Destroying ProtocolHandler ["http-nio-8080"]
21-Aug-2025 16:44:19.091 INFO [mysql-cj-abandoned-connection-cleanup] org.apache.catalina.loader.WebappClassLoaderBase.checkStateForResourceLoading Illegal access: this web application instance has been stopped already. Could not load []. The following stack trace is thrown for debugging purposes as well as to attempt to terminate the thread which caused the illegal access.
	java.lang.IllegalStateException: Illegal access: this web application instance has been stopped already. Could not load []. The following stack trace is thrown for debugging purposes as well as to attempt to terminate the thread which caused the illegal access.
		at org.apache.catalina.loader.WebappClassLoaderBase.checkStateForResourceLoading(WebappClassLoaderBase.java:1369)
		at org.apache.catalina.loader.WebappClassLoaderBase.getResource(WebappClassLoaderBase.java:995)
		at com.mysql.cj.jdbc.AbandonedConnectionCleanupThread.checkThreadContextClassLoader(AbandonedConnectionCleanupThread.java:123)
		at com.mysql.cj.jdbc.AbandonedConnectionCleanupThread.run(AbandonedConnectionCleanupThread.java:90)
		at java.base/java.util.concurrent.ThreadPoolExecutor.runWorker(ThreadPoolExecutor.java:1136)
		at java.base/java.util.concurrent.ThreadPoolExecutor$Worker.run(ThreadPoolExecutor.java:635)
		at java.base/java.lang.Thread.run(Thread.java:833)
21-Aug-2025 16:44:34.276 INFO [main] org.apache.catalina.startup.VersionLoggerListener.log Server version name:   Apache Tomcat/9.0.98
21-Aug-2025 16:44:34.280 INFO [main] org.apache.catalina.startup.VersionLoggerListener.log Server built:          Dec 5 2024 19:50:29 UTC
21-Aug-2025 16:44:34.281 INFO [main] org.apache.catalina.startup.VersionLoggerListener.log Server version number: 9.0.98.0
21-Aug-2025 16:44:34.281 INFO [main] org.apache.catalina.startup.VersionLoggerListener.log OS Name:               Windows 10
21-Aug-2025 16:44:34.281 INFO [main] org.apache.catalina.startup.VersionLoggerListener.log OS Version:            10.0
21-Aug-2025 16:44:34.281 INFO [main] org.apache.catalina.startup.VersionLoggerListener.log Architecture:          amd64
21-Aug-2025 16:44:34.281 INFO [main] org.apache.catalina.startup.VersionLoggerListener.log Java Home:             C:\Program Files\Java\jdk-17.0.2
21-Aug-2025 16:44:34.281 INFO [main] org.apache.catalina.startup.VersionLoggerListener.log JVM Version:           17.0.2+8-LTS-86
21-Aug-2025 16:44:34.282 INFO [main] org.apache.catalina.startup.VersionLoggerListener.log JVM Vendor:            Oracle Corporation
21-Aug-2025 16:44:34.282 INFO [main] org.apache.catalina.startup.VersionLoggerListener.log CATALINA_BASE:         D:\PahanaeduBookshop
21-Aug-2025 16:44:34.282 INFO [main] org.apache.catalina.startup.VersionLoggerListener.log CATALINA_HOME:         G:\ICBT\1st_Semester\PROGRAMMING\apache-tomcat-9.0.98\apache-tomcat-9.0.98
21-Aug-2025 16:44:34.295 INFO [main] org.apache.catalina.startup.VersionLoggerListener.log Command line argument: --add-opens=java.base/java.lang=ALL-UNNAMED
21-Aug-2025 16:44:34.295 INFO [main] org.apache.catalina.startup.VersionLoggerListener.log Command line argument: --add-opens=java.base/java.io=ALL-UNNAMED
21-Aug-2025 16:44:34.295 INFO [main] org.apache.catalina.startup.VersionLoggerListener.log Command line argument: --add-opens=java.base/java.util=ALL-UNNAMED
21-Aug-2025 16:44:34.295 INFO [main] org.apache.catalina.startup.VersionLoggerListener.log Command line argument: --add-opens=java.base/java.util.concurrent=ALL-UNNAMED
21-Aug-2025 16:44:34.295 INFO [main] org.apache.catalina.startup.VersionLoggerListener.log Command line argument: --add-opens=java.rmi/sun.rmi.transport=ALL-UNNAMED
21-Aug-2025 16:44:34.295 INFO [main] org.apache.catalina.startup.VersionLoggerListener.log Command line argument: -Dcatalina.home=G:\ICBT\1st_Semester\PROGRAMMING\apache-tomcat-9.0.98\apache-tomcat-9.0.98
21-Aug-2025 16:44:34.296 INFO [main] org.apache.catalina.startup.VersionLoggerListener.log Command line argument: -Dcatalina.base=D:\PahanaeduBookshop
21-Aug-2025 16:44:34.296 INFO [main] org.apache.catalina.startup.VersionLoggerListener.log Command line argument: -Djava.io.tmpdir=D:\PahanaeduBookshop\temp
21-Aug-2025 16:44:34.296 INFO [main] org.apache.catalina.startup.VersionLoggerListener.log Command line argument: -Djava.util.logging.config.file=D:\PahanaeduBookshop\conf\logging.properties
21-Aug-2025 16:44:34.296 INFO [main] org.apache.catalina.startup.VersionLoggerListener.log Command line argument: -Djava.util.logging.manager=org.apache.juli.ClassLoaderLogManager
21-Aug-2025 16:44:34.296 INFO [main] org.apache.catalina.startup.VersionLoggerListener.log Command line argument: -javaagent:C:\Program Files\JetBrains\IntelliJ IDEA Community Edition 2024.3.1.1\lib\idea_rt.jar=62990:C:\Program Files\JetBrains\IntelliJ IDEA Community Edition 2024.3.1.1\bin
21-Aug-2025 16:44:34.296 INFO [main] org.apache.catalina.startup.VersionLoggerListener.log Command line argument: -Dfile.encoding=UTF-8
21-Aug-2025 16:44:34.415 INFO [main] org.apache.catalina.core.AprLifecycleListener.lifecycleEvent Loaded Apache Tomcat Native library [1.3.1] using APR version [1.7.4].
21-Aug-2025 16:44:34.416 INFO [main] org.apache.catalina.core.AprLifecycleListener.lifecycleEvent APR capabilities: IPv6 [true], sendfile [true], accept filters [false], random [true], UDS [true].
21-Aug-2025 16:44:34.417 INFO [main] org.apache.catalina.core.AprLifecycleListener.lifecycleEvent APR/OpenSSL configuration: useAprConnector [false], useOpenSSL [true]
21-Aug-2025 16:44:34.474 INFO [main] org.apache.catalina.core.AprLifecycleListener.initializeSSL OpenSSL successfully initialized [OpenSSL 3.0.14 4 Jun 2024]
21-Aug-2025 16:44:34.890 INFO [main] org.apache.coyote.AbstractProtocol.init Initializing ProtocolHandler ["http-nio-8080"]
21-Aug-2025 16:44:34.915 INFO [main] org.apache.catalina.startup.Catalina.load Server initialization in [933] milliseconds
21-Aug-2025 16:44:34.980 INFO [main] org.apache.catalina.core.StandardService.startInternal Starting service [Catalina]
21-Aug-2025 16:44:34.980 INFO [main] org.apache.catalina.core.StandardEngine.startInternal Starting Servlet engine: [Apache Tomcat/9.0.98]
21-Aug-2025 16:44:34.990 INFO [main] org.apache.catalina.startup.HostConfig.deployDescriptor Deploying deployment descriptor [D:\PahanaeduBookshop\conf\Catalina\localhost\PahanaeduBookshop.xml]
21-Aug-2025 16:44:36.758 INFO [main] org.apache.jasper.servlet.TldScanner.scanJars At least one JAR was scanned for TLDs yet contained no TLDs. Enable debug logging for this logger for a complete list of JARs that were scanned but no TLDs were found in them. Skipping unneeded JARs during scanning can improve startup time and JSP compilation time.
21-Aug-2025 16:44:36.942 INFO [main] org.apache.catalina.startup.HostConfig.deployDescriptor Deployment of deployment descriptor [D:\PahanaeduBookshop\conf\Catalina\localhost\PahanaeduBookshop.xml] has finished in [1,951] ms
21-Aug-2025 16:44:36.947 INFO [main] org.apache.coyote.AbstractProtocol.start Starting ProtocolHandler ["http-nio-8080"]
21-Aug-2025 16:44:37.025 INFO [main] org.apache.catalina.startup.Catalina.start Server startup in [2110] milliseconds
21-Aug-2025 16:48:25.134 INFO [Thread-1] org.apache.coyote.AbstractProtocol.pause Pausing ProtocolHandler ["http-nio-8080"]
21-Aug-2025 16:48:25.308 INFO [Thread-1] org.apache.catalina.core.StandardService.stopInternal Stopping service [Catalina]
21-Aug-2025 16:48:25.352 WARNING [Thread-1] org.apache.catalina.loader.WebappClassLoaderBase.clearReferencesJdbc The web application [PahanaeduBookshop] registered the JDBC driver [com.mysql.cj.jdbc.Driver] but failed to unregister it when the web application was stopped. To prevent a memory leak, the JDBC Driver has been forcibly unregistered.
21-Aug-2025 16:48:25.353 WARNING [Thread-1] org.apache.catalina.loader.WebappClassLoaderBase.clearReferencesThreads The web application [PahanaeduBookshop] appears to have started a thread named [mysql-cj-abandoned-connection-cleanup] but has failed to stop it. This is very likely to create a memory leak. Stack trace of thread:
 java.base@17.0.2/java.lang.Object.wait(Native Method)
 java.base@17.0.2/java.lang.ref.ReferenceQueue.remove(ReferenceQueue.java:155)
 com.mysql.cj.jdbc.AbandonedConnectionCleanupThread.run(AbandonedConnectionCleanupThread.java:91)
 java.base@17.0.2/java.util.concurrent.ThreadPoolExecutor.runWorker(ThreadPoolExecutor.java:1136)
 java.base@17.0.2/java.util.concurrent.ThreadPoolExecutor$Worker.run(ThreadPoolExecutor.java:635)
 java.base@17.0.2/java.lang.Thread.run(Thread.java:833)
21-Aug-2025 16:48:25.371 INFO [Thread-1] org.apache.coyote.AbstractProtocol.stop Stopping ProtocolHandler ["http-nio-8080"]
21-Aug-2025 16:48:25.386 INFO [Thread-1] org.apache.coyote.AbstractProtocol.destroy Destroying ProtocolHandler ["http-nio-8080"]
21-Aug-2025 16:48:25.417 INFO [mysql-cj-abandoned-connection-cleanup] org.apache.catalina.loader.WebappClassLoaderBase.checkStateForResourceLoading Illegal access: this web application instance has been stopped already. Could not load []. The following stack trace is thrown for debugging purposes as well as to attempt to terminate the thread which caused the illegal access.
	java.lang.IllegalStateException: Illegal access: this web application instance has been stopped already. Could not load []. The following stack trace is thrown for debugging purposes as well as to attempt to terminate the thread which caused the illegal access.
		at org.apache.catalina.loader.WebappClassLoaderBase.checkStateForResourceLoading(WebappClassLoaderBase.java:1369)
		at org.apache.catalina.loader.WebappClassLoaderBase.getResource(WebappClassLoaderBase.java:995)
		at com.mysql.cj.jdbc.AbandonedConnectionCleanupThread.checkThreadContextClassLoader(AbandonedConnectionCleanupThread.java:123)
		at com.mysql.cj.jdbc.AbandonedConnectionCleanupThread.run(AbandonedConnectionCleanupThread.java:90)
		at java.base/java.util.concurrent.ThreadPoolExecutor.runWorker(ThreadPoolExecutor.java:1136)
		at java.base/java.util.concurrent.ThreadPoolExecutor$Worker.run(ThreadPoolExecutor.java:635)
		at java.base/java.lang.Thread.run(Thread.java:833)
21-Aug-2025 16:48:48.990 INFO [main] org.apache.catalina.startup.VersionLoggerListener.log Server version name:   Apache Tomcat/9.0.98
21-Aug-2025 16:48:48.994 INFO [main] org.apache.catalina.startup.VersionLoggerListener.log Server built:          Dec 5 2024 19:50:29 UTC
21-Aug-2025 16:48:48.994 INFO [main] org.apache.catalina.startup.VersionLoggerListener.log Server version number: 9.0.98.0
21-Aug-2025 16:48:48.994 INFO [main] org.apache.catalina.startup.VersionLoggerListener.log OS Name:               Windows 10
21-Aug-2025 16:48:48.994 INFO [main] org.apache.catalina.startup.VersionLoggerListener.log OS Version:            10.0
21-Aug-2025 16:48:48.995 INFO [main] org.apache.catalina.startup.VersionLoggerListener.log Architecture:          amd64
21-Aug-2025 16:48:48.995 INFO [main] org.apache.catalina.startup.VersionLoggerListener.log Java Home:             C:\Program Files\Java\jdk-17.0.2
21-Aug-2025 16:48:48.995 INFO [main] org.apache.catalina.startup.VersionLoggerListener.log JVM Version:           17.0.2+8-LTS-86
21-Aug-2025 16:48:48.995 INFO [main] org.apache.catalina.startup.VersionLoggerListener.log JVM Vendor:            Oracle Corporation
21-Aug-2025 16:48:48.995 INFO [main] org.apache.catalina.startup.VersionLoggerListener.log CATALINA_BASE:         D:\PahanaeduBookshop
21-Aug-2025 16:48:48.995 INFO [main] org.apache.catalina.startup.VersionLoggerListener.log CATALINA_HOME:         G:\ICBT\1st_Semester\PROGRAMMING\apache-tomcat-9.0.98\apache-tomcat-9.0.98
21-Aug-2025 16:48:49.006 INFO [main] org.apache.catalina.startup.VersionLoggerListener.log Command line argument: --add-opens=java.base/java.lang=ALL-UNNAMED
21-Aug-2025 16:48:49.007 INFO [main] org.apache.catalina.startup.VersionLoggerListener.log Command line argument: --add-opens=java.base/java.io=ALL-UNNAMED
21-Aug-2025 16:48:49.007 INFO [main] org.apache.catalina.startup.VersionLoggerListener.log Command line argument: --add-opens=java.base/java.util=ALL-UNNAMED
21-Aug-2025 16:48:49.007 INFO [main] org.apache.catalina.startup.VersionLoggerListener.log Command line argument: --add-opens=java.base/java.util.concurrent=ALL-UNNAMED
21-Aug-2025 16:48:49.007 INFO [main] org.apache.catalina.startup.VersionLoggerListener.log Command line argument: --add-opens=java.rmi/sun.rmi.transport=ALL-UNNAMED
21-Aug-2025 16:48:49.007 INFO [main] org.apache.catalina.startup.VersionLoggerListener.log Command line argument: -Dcatalina.home=G:\ICBT\1st_Semester\PROGRAMMING\apache-tomcat-9.0.98\apache-tomcat-9.0.98
21-Aug-2025 16:48:49.008 INFO [main] org.apache.catalina.startup.VersionLoggerListener.log Command line argument: -Dcatalina.base=D:\PahanaeduBookshop
21-Aug-2025 16:48:49.008 INFO [main] org.apache.catalina.startup.VersionLoggerListener.log Command line argument: -Djava.io.tmpdir=D:\PahanaeduBookshop\temp
21-Aug-2025 16:48:49.008 INFO [main] org.apache.catalina.startup.VersionLoggerListener.log Command line argument: -Djava.util.logging.config.file=D:\PahanaeduBookshop\conf\logging.properties
21-Aug-2025 16:48:49.008 INFO [main] org.apache.catalina.startup.VersionLoggerListener.log Command line argument: -Djava.util.logging.manager=org.apache.juli.ClassLoaderLogManager
21-Aug-2025 16:48:49.008 INFO [main] org.apache.catalina.startup.VersionLoggerListener.log Command line argument: -javaagent:C:\Program Files\JetBrains\IntelliJ IDEA Community Edition 2024.3.1.1\lib\idea_rt.jar=63021:C:\Program Files\JetBrains\IntelliJ IDEA Community Edition 2024.3.1.1\bin
21-Aug-2025 16:48:49.008 INFO [main] org.apache.catalina.startup.VersionLoggerListener.log Command line argument: -Dfile.encoding=UTF-8
21-Aug-2025 16:48:49.338 INFO [main] org.apache.catalina.core.AprLifecycleListener.lifecycleEvent Loaded Apache Tomcat Native library [1.3.1] using APR version [1.7.4].
21-Aug-2025 16:48:49.340 INFO [main] org.apache.catalina.core.AprLifecycleListener.lifecycleEvent APR capabilities: IPv6 [true], sendfile [true], accept filters [false], random [true], UDS [true].
21-Aug-2025 16:48:49.341 INFO [main] org.apache.catalina.core.AprLifecycleListener.lifecycleEvent APR/OpenSSL configuration: useAprConnector [false], useOpenSSL [true]
21-Aug-2025 16:48:50.317 INFO [main] org.apache.catalina.core.AprLifecycleListener.initializeSSL OpenSSL successfully initialized [OpenSSL 3.0.14 4 Jun 2024]
21-Aug-2025 16:48:51.081 INFO [main] org.apache.coyote.AbstractProtocol.init Initializing ProtocolHandler ["http-nio-8080"]
21-Aug-2025 16:48:51.160 INFO [main] org.apache.catalina.startup.Catalina.load Server initialization in [4072] milliseconds
21-Aug-2025 16:48:51.350 INFO [main] org.apache.catalina.core.StandardService.startInternal Starting service [Catalina]
21-Aug-2025 16:48:51.350 INFO [main] org.apache.catalina.core.StandardEngine.startInternal Starting Servlet engine: [Apache Tomcat/9.0.98]
21-Aug-2025 16:48:51.385 INFO [main] org.apache.catalina.startup.HostConfig.deployDescriptor Deploying deployment descriptor [D:\PahanaeduBookshop\conf\Catalina\localhost\PahanaeduBookshop.xml]
21-Aug-2025 16:48:54.481 INFO [main] org.apache.jasper.servlet.TldScanner.scanJars At least one JAR was scanned for TLDs yet contained no TLDs. Enable debug logging for this logger for a complete list of JARs that were scanned but no TLDs were found in them. Skipping unneeded JARs during scanning can improve startup time and JSP compilation time.
21-Aug-2025 16:48:54.759 INFO [main] org.apache.catalina.startup.HostConfig.deployDescriptor Deployment of deployment descriptor [D:\PahanaeduBookshop\conf\Catalina\localhost\PahanaeduBookshop.xml] has finished in [3,373] ms
21-Aug-2025 16:48:54.764 INFO [main] org.apache.coyote.AbstractProtocol.start Starting ProtocolHandler ["http-nio-8080"]
21-Aug-2025 16:48:54.835 INFO [main] org.apache.catalina.startup.Catalina.start Server startup in [3673] milliseconds
21-Aug-2025 16:53:28.128 INFO [Thread-1] org.apache.coyote.AbstractProtocol.pause Pausing ProtocolHandler ["http-nio-8080"]
21-Aug-2025 16:53:28.281 INFO [Thread-1] org.apache.catalina.core.StandardService.stopInternal Stopping service [Catalina]
21-Aug-2025 16:53:28.292 WARNING [Thread-1] org.apache.catalina.loader.WebappClassLoaderBase.clearReferencesJdbc The web application [PahanaeduBookshop] registered the JDBC driver [com.mysql.cj.jdbc.Driver] but failed to unregister it when the web application was stopped. To prevent a memory leak, the JDBC Driver has been forcibly unregistered.
21-Aug-2025 16:53:28.293 WARNING [Thread-1] org.apache.catalina.loader.WebappClassLoaderBase.clearReferencesThreads The web application [PahanaeduBookshop] appears to have started a thread named [mysql-cj-abandoned-connection-cleanup] but has failed to stop it. This is very likely to create a memory leak. Stack trace of thread:
 java.base@17.0.2/java.lang.Object.wait(Native Method)
 java.base@17.0.2/java.lang.ref.ReferenceQueue.remove(ReferenceQueue.java:155)
 com.mysql.cj.jdbc.AbandonedConnectionCleanupThread.run(AbandonedConnectionCleanupThread.java:91)
 java.base@17.0.2/java.util.concurrent.ThreadPoolExecutor.runWorker(ThreadPoolExecutor.java:1136)
 java.base@17.0.2/java.util.concurrent.ThreadPoolExecutor$Worker.run(ThreadPoolExecutor.java:635)
 java.base@17.0.2/java.lang.Thread.run(Thread.java:833)
21-Aug-2025 16:53:28.306 INFO [Thread-1] org.apache.coyote.AbstractProtocol.stop Stopping ProtocolHandler ["http-nio-8080"]
21-Aug-2025 16:53:28.326 INFO [Thread-1] org.apache.coyote.AbstractProtocol.destroy Destroying ProtocolHandler ["http-nio-8080"]
21-Aug-2025 16:53:28.371 INFO [mysql-cj-abandoned-connection-cleanup] org.apache.catalina.loader.WebappClassLoaderBase.checkStateForResourceLoading Illegal access: this web application instance has been stopped already. Could not load []. The following stack trace is thrown for debugging purposes as well as to attempt to terminate the thread which caused the illegal access.
	java.lang.IllegalStateException: Illegal access: this web application instance has been stopped already. Could not load []. The following stack trace is thrown for debugging purposes as well as to attempt to terminate the thread which caused the illegal access.
		at org.apache.catalina.loader.WebappClassLoaderBase.checkStateForResourceLoading(WebappClassLoaderBase.java:1369)
		at org.apache.catalina.loader.WebappClassLoaderBase.getResource(WebappClassLoaderBase.java:995)
		at com.mysql.cj.jdbc.AbandonedConnectionCleanupThread.checkThreadContextClassLoader(AbandonedConnectionCleanupThread.java:123)
		at com.mysql.cj.jdbc.AbandonedConnectionCleanupThread.run(AbandonedConnectionCleanupThread.java:90)
		at java.base/java.util.concurrent.ThreadPoolExecutor.runWorker(ThreadPoolExecutor.java:1136)
		at java.base/java.util.concurrent.ThreadPoolExecutor$Worker.run(ThreadPoolExecutor.java:635)
		at java.base/java.lang.Thread.run(Thread.java:833)
21-Aug-2025 16:53:28.374 INFO [mysql-cj-abandoned-connection-cleanup] org.apache.catalina.loader.WebappClassLoaderBase.checkStateForResourceLoading Illegal access: this web application instance has been stopped already. Could not load []. The following stack trace is thrown for debugging purposes as well as to attempt to terminate the thread which caused the illegal access.
	java.lang.IllegalStateException: Illegal access: this web application instance has been stopped already. Could not load []. The following stack trace is thrown for debugging purposes as well as to attempt to terminate the thread which caused the illegal access.
		at org.apache.catalina.loader.WebappClassLoaderBase.checkStateForResourceLoading(WebappClassLoaderBase.java:1369)
		at org.apache.catalina.loader.WebappClassLoaderBase.getResource(WebappClassLoaderBase.java:995)
		at com.mysql.cj.jdbc.AbandonedConnectionCleanupThread.checkThreadContextClassLoader(AbandonedConnectionCleanupThread.java:123)
		at com.mysql.cj.jdbc.AbandonedConnectionCleanupThread.run(AbandonedConnectionCleanupThread.java:90)
		at java.base/java.util.concurrent.ThreadPoolExecutor.runWorker(ThreadPoolExecutor.java:1136)
		at java.base/java.util.concurrent.ThreadPoolExecutor$Worker.run(ThreadPoolExecutor.java:635)
		at java.base/java.lang.Thread.run(Thread.java:833)
21-Aug-2025 16:53:28.374 INFO [mysql-cj-abandoned-connection-cleanup] org.apache.catalina.loader.WebappClassLoaderBase.checkStateForResourceLoading Illegal access: this web application instance has been stopped already. Could not load []. The following stack trace is thrown for debugging purposes as well as to attempt to terminate the thread which caused the illegal access.
	java.lang.IllegalStateException: Illegal access: this web application instance has been stopped already. Could not load []. The following stack trace is thrown for debugging purposes as well as to attempt to terminate the thread which caused the illegal access.
		at org.apache.catalina.loader.WebappClassLoaderBase.checkStateForResourceLoading(WebappClassLoaderBase.java:1369)
		at org.apache.catalina.loader.WebappClassLoaderBase.getResource(WebappClassLoaderBase.java:995)
		at com.mysql.cj.jdbc.AbandonedConnectionCleanupThread.checkThreadContextClassLoader(AbandonedConnectionCleanupThread.java:123)
		at com.mysql.cj.jdbc.AbandonedConnectionCleanupThread.run(AbandonedConnectionCleanupThread.java:90)
		at java.base/java.util.concurrent.ThreadPoolExecutor.runWorker(ThreadPoolExecutor.java:1136)
		at java.base/java.util.concurrent.ThreadPoolExecutor$Worker.run(ThreadPoolExecutor.java:635)
		at java.base/java.lang.Thread.run(Thread.java:833)
21-Aug-2025 16:54:01.643 INFO [main] org.apache.catalina.startup.VersionLoggerListener.log Server version name:   Apache Tomcat/9.0.98
21-Aug-2025 16:54:01.647 INFO [main] org.apache.catalina.startup.VersionLoggerListener.log Server built:          Dec 5 2024 19:50:29 UTC
21-Aug-2025 16:54:01.648 INFO [main] org.apache.catalina.startup.VersionLoggerListener.log Server version number: 9.0.98.0
21-Aug-2025 16:54:01.648 INFO [main] org.apache.catalina.startup.VersionLoggerListener.log OS Name:               Windows 10
21-Aug-2025 16:54:01.648 INFO [main] org.apache.catalina.startup.VersionLoggerListener.log OS Version:            10.0
21-Aug-2025 16:54:01.648 INFO [main] org.apache.catalina.startup.VersionLoggerListener.log Architecture:          amd64
21-Aug-2025 16:54:01.648 INFO [main] org.apache.catalina.startup.VersionLoggerListener.log Java Home:             C:\Program Files\Java\jdk-17.0.2
21-Aug-2025 16:54:01.648 INFO [main] org.apache.catalina.startup.VersionLoggerListener.log JVM Version:           17.0.2+8-LTS-86
21-Aug-2025 16:54:01.648 INFO [main] org.apache.catalina.startup.VersionLoggerListener.log JVM Vendor:            Oracle Corporation
21-Aug-2025 16:54:01.649 INFO [main] org.apache.catalina.startup.VersionLoggerListener.log CATALINA_BASE:         D:\PahanaeduBookshop
21-Aug-2025 16:54:01.649 INFO [main] org.apache.catalina.startup.VersionLoggerListener.log CATALINA_HOME:         G:\ICBT\1st_Semester\PROGRAMMING\apache-tomcat-9.0.98\apache-tomcat-9.0.98
21-Aug-2025 16:54:01.662 INFO [main] org.apache.catalina.startup.VersionLoggerListener.log Command line argument: --add-opens=java.base/java.lang=ALL-UNNAMED
21-Aug-2025 16:54:01.662 INFO [main] org.apache.catalina.startup.VersionLoggerListener.log Command line argument: --add-opens=java.base/java.io=ALL-UNNAMED
21-Aug-2025 16:54:01.662 INFO [main] org.apache.catalina.startup.VersionLoggerListener.log Command line argument: --add-opens=java.base/java.util=ALL-UNNAMED
21-Aug-2025 16:54:01.662 INFO [main] org.apache.catalina.startup.VersionLoggerListener.log Command line argument: --add-opens=java.base/java.util.concurrent=ALL-UNNAMED
21-Aug-2025 16:54:01.662 INFO [main] org.apache.catalina.startup.VersionLoggerListener.log Command line argument: --add-opens=java.rmi/sun.rmi.transport=ALL-UNNAMED
21-Aug-2025 16:54:01.662 INFO [main] org.apache.catalina.startup.VersionLoggerListener.log Command line argument: -Dcatalina.home=G:\ICBT\1st_Semester\PROGRAMMING\apache-tomcat-9.0.98\apache-tomcat-9.0.98
21-Aug-2025 16:54:01.662 INFO [main] org.apache.catalina.startup.VersionLoggerListener.log Command line argument: -Dcatalina.base=D:\PahanaeduBookshop
21-Aug-2025 16:54:01.663 INFO [main] org.apache.catalina.startup.VersionLoggerListener.log Command line argument: -Djava.io.tmpdir=D:\PahanaeduBookshop\temp
21-Aug-2025 16:54:01.663 INFO [main] org.apache.catalina.startup.VersionLoggerListener.log Command line argument: -Djava.util.logging.config.file=D:\PahanaeduBookshop\conf\logging.properties
21-Aug-2025 16:54:01.663 INFO [main] org.apache.catalina.startup.VersionLoggerListener.log Command line argument: -Djava.util.logging.manager=org.apache.juli.ClassLoaderLogManager
21-Aug-2025 16:54:01.663 INFO [main] org.apache.catalina.startup.VersionLoggerListener.log Command line argument: -javaagent:C:\Program Files\JetBrains\IntelliJ IDEA Community Edition 2024.3.1.1\lib\idea_rt.jar=63065:C:\Program Files\JetBrains\IntelliJ IDEA Community Edition 2024.3.1.1\bin
21-Aug-2025 16:54:01.663 INFO [main] org.apache.catalina.startup.VersionLoggerListener.log Command line argument: -Dfile.encoding=UTF-8
21-Aug-2025 16:54:01.743 INFO [main] org.apache.catalina.core.AprLifecycleListener.lifecycleEvent Loaded Apache Tomcat Native library [1.3.1] using APR version [1.7.4].
21-Aug-2025 16:54:01.744 INFO [main] org.apache.catalina.core.AprLifecycleListener.lifecycleEvent APR capabilities: IPv6 [true], sendfile [true], accept filters [false], random [true], UDS [true].
21-Aug-2025 16:54:03.498 INFO [main] org.apache.catalina.core.AprLifecycleListener.lifecycleEvent APR/OpenSSL configuration: useAprConnector [false], useOpenSSL [true]
21-Aug-2025 16:54:03.598 INFO [main] org.apache.catalina.core.AprLifecycleListener.initializeSSL OpenSSL successfully initialized [OpenSSL 3.0.14 4 Jun 2024]
21-Aug-2025 16:54:04.005 INFO [main] org.apache.coyote.AbstractProtocol.init Initializing ProtocolHandler ["http-nio-8080"]
21-Aug-2025 16:54:04.032 INFO [main] org.apache.catalina.startup.Catalina.load Server initialization in [2665] milliseconds
21-Aug-2025 16:54:04.085 INFO [main] org.apache.catalina.core.StandardService.startInternal Starting service [Catalina]
21-Aug-2025 16:54:04.085 INFO [main] org.apache.catalina.core.StandardEngine.startInternal Starting Servlet engine: [Apache Tomcat/9.0.98]
21-Aug-2025 16:54:04.098 INFO [main] org.apache.catalina.startup.HostConfig.deployDescriptor Deploying deployment descriptor [D:\PahanaeduBookshop\conf\Catalina\localhost\PahanaeduBookshop.xml]
21-Aug-2025 16:54:06.012 INFO [main] org.apache.jasper.servlet.TldScanner.scanJars At least one JAR was scanned for TLDs yet contained no TLDs. Enable debug logging for this logger for a complete list of JARs that were scanned but no TLDs were found in them. Skipping unneeded JARs during scanning can improve startup time and JSP compilation time.
21-Aug-2025 16:54:06.209 INFO [main] org.apache.catalina.startup.HostConfig.deployDescriptor Deployment of deployment descriptor [D:\PahanaeduBookshop\conf\Catalina\localhost\PahanaeduBookshop.xml] has finished in [2,110] ms
21-Aug-2025 16:54:06.214 INFO [main] org.apache.coyote.AbstractProtocol.start Starting ProtocolHandler ["http-nio-8080"]
21-Aug-2025 16:54:06.313 INFO [main] org.apache.catalina.startup.Catalina.start Server startup in [2281] milliseconds
21-Aug-2025 17:05:17.705 INFO [Thread-1] org.apache.coyote.AbstractProtocol.pause Pausing ProtocolHandler ["http-nio-8080"]
21-Aug-2025 17:05:17.886 INFO [Thread-1] org.apache.catalina.core.StandardService.stopInternal Stopping service [Catalina]
21-Aug-2025 17:05:17.898 WARNING [Thread-1] org.apache.catalina.loader.WebappClassLoaderBase.clearReferencesJdbc The web application [PahanaeduBookshop] registered the JDBC driver [com.mysql.cj.jdbc.Driver] but failed to unregister it when the web application was stopped. To prevent a memory leak, the JDBC Driver has been forcibly unregistered.
21-Aug-2025 17:05:17.900 WARNING [Thread-1] org.apache.catalina.loader.WebappClassLoaderBase.clearReferencesThreads The web application [PahanaeduBookshop] appears to have started a thread named [mysql-cj-abandoned-connection-cleanup] but has failed to stop it. This is very likely to create a memory leak. Stack trace of thread:
 java.base@17.0.2/java.lang.Object.wait(Native Method)
 java.base@17.0.2/java.lang.ref.ReferenceQueue.remove(ReferenceQueue.java:155)
 com.mysql.cj.jdbc.AbandonedConnectionCleanupThread.run(AbandonedConnectionCleanupThread.java:91)
 java.base@17.0.2/java.util.concurrent.ThreadPoolExecutor.runWorker(ThreadPoolExecutor.java:1136)
 java.base@17.0.2/java.util.concurrent.ThreadPoolExecutor$Worker.run(ThreadPoolExecutor.java:635)
 java.base@17.0.2/java.lang.Thread.run(Thread.java:833)
21-Aug-2025 17:05:17.915 INFO [Thread-1] org.apache.coyote.AbstractProtocol.stop Stopping ProtocolHandler ["http-nio-8080"]
21-Aug-2025 17:05:18.010 INFO [Thread-1] org.apache.coyote.AbstractProtocol.destroy Destroying ProtocolHandler ["http-nio-8080"]
21-Aug-2025 17:05:18.044 INFO [mysql-cj-abandoned-connection-cleanup] org.apache.catalina.loader.WebappClassLoaderBase.checkStateForResourceLoading Illegal access: this web application instance has been stopped already. Could not load []. The following stack trace is thrown for debugging purposes as well as to attempt to terminate the thread which caused the illegal access.
	java.lang.IllegalStateException: Illegal access: this web application instance has been stopped already. Could not load []. The following stack trace is thrown for debugging purposes as well as to attempt to terminate the thread which caused the illegal access.
		at org.apache.catalina.loader.WebappClassLoaderBase.checkStateForResourceLoading(WebappClassLoaderBase.java:1369)
		at org.apache.catalina.loader.WebappClassLoaderBase.getResource(WebappClassLoaderBase.java:995)
		at com.mysql.cj.jdbc.AbandonedConnectionCleanupThread.checkThreadContextClassLoader(AbandonedConnectionCleanupThread.java:123)
		at com.mysql.cj.jdbc.AbandonedConnectionCleanupThread.run(AbandonedConnectionCleanupThread.java:90)
		at java.base/java.util.concurrent.ThreadPoolExecutor.runWorker(ThreadPoolExecutor.java:1136)
		at java.base/java.util.concurrent.ThreadPoolExecutor$Worker.run(ThreadPoolExecutor.java:635)
		at java.base/java.lang.Thread.run(Thread.java:833)
21-Aug-2025 17:05:56.959 INFO [main] org.apache.catalina.startup.VersionLoggerListener.log Server version name:   Apache Tomcat/9.0.98
21-Aug-2025 17:05:56.963 INFO [main] org.apache.catalina.startup.VersionLoggerListener.log Server built:          Dec 5 2024 19:50:29 UTC
21-Aug-2025 17:05:56.964 INFO [main] org.apache.catalina.startup.VersionLoggerListener.log Server version number: 9.0.98.0
21-Aug-2025 17:05:56.964 INFO [main] org.apache.catalina.startup.VersionLoggerListener.log OS Name:               Windows 10
21-Aug-2025 17:05:56.964 INFO [main] org.apache.catalina.startup.VersionLoggerListener.log OS Version:            10.0
21-Aug-2025 17:05:56.964 INFO [main] org.apache.catalina.startup.VersionLoggerListener.log Architecture:          amd64
21-Aug-2025 17:05:56.964 INFO [main] org.apache.catalina.startup.VersionLoggerListener.log Java Home:             C:\Program Files\Java\jdk-17.0.2
21-Aug-2025 17:05:56.964 INFO [main] org.apache.catalina.startup.VersionLoggerListener.log JVM Version:           17.0.2+8-LTS-86
21-Aug-2025 17:05:56.965 INFO [main] org.apache.catalina.startup.VersionLoggerListener.log JVM Vendor:            Oracle Corporation
21-Aug-2025 17:05:56.965 INFO [main] org.apache.catalina.startup.VersionLoggerListener.log CATALINA_BASE:         D:\PahanaeduBookshop
21-Aug-2025 17:05:56.965 INFO [main] org.apache.catalina.startup.VersionLoggerListener.log CATALINA_HOME:         G:\ICBT\1st_Semester\PROGRAMMING\apache-tomcat-9.0.98\apache-tomcat-9.0.98
21-Aug-2025 17:05:56.979 INFO [main] org.apache.catalina.startup.VersionLoggerListener.log Command line argument: --add-opens=java.base/java.lang=ALL-UNNAMED
21-Aug-2025 17:05:56.980 INFO [main] org.apache.catalina.startup.VersionLoggerListener.log Command line argument: --add-opens=java.base/java.io=ALL-UNNAMED
21-Aug-2025 17:05:56.980 INFO [main] org.apache.catalina.startup.VersionLoggerListener.log Command line argument: --add-opens=java.base/java.util=ALL-UNNAMED
21-Aug-2025 17:05:56.980 INFO [main] org.apache.catalina.startup.VersionLoggerListener.log Command line argument: --add-opens=java.base/java.util.concurrent=ALL-UNNAMED
21-Aug-2025 17:05:56.980 INFO [main] org.apache.catalina.startup.VersionLoggerListener.log Command line argument: --add-opens=java.rmi/sun.rmi.transport=ALL-UNNAMED
21-Aug-2025 17:05:56.980 INFO [main] org.apache.catalina.startup.VersionLoggerListener.log Command line argument: -Dcatalina.home=G:\ICBT\1st_Semester\PROGRAMMING\apache-tomcat-9.0.98\apache-tomcat-9.0.98
21-Aug-2025 17:05:56.981 INFO [main] org.apache.catalina.startup.VersionLoggerListener.log Command line argument: -Dcatalina.base=D:\PahanaeduBookshop
21-Aug-2025 17:05:56.981 INFO [main] org.apache.catalina.startup.VersionLoggerListener.log Command line argument: -Djava.io.tmpdir=D:\PahanaeduBookshop\temp
21-Aug-2025 17:05:56.981 INFO [main] org.apache.catalina.startup.VersionLoggerListener.log Command line argument: -Djava.util.logging.config.file=D:\PahanaeduBookshop\conf\logging.properties
21-Aug-2025 17:05:56.981 INFO [main] org.apache.catalina.startup.VersionLoggerListener.log Command line argument: -Djava.util.logging.manager=org.apache.juli.ClassLoaderLogManager
21-Aug-2025 17:05:56.981 INFO [main] org.apache.catalina.startup.VersionLoggerListener.log Command line argument: -javaagent:C:\Program Files\JetBrains\IntelliJ IDEA Community Edition 2024.3.1.1\lib\idea_rt.jar=63146:C:\Program Files\JetBrains\IntelliJ IDEA Community Edition 2024.3.1.1\bin
21-Aug-2025 17:05:56.981 INFO [main] org.apache.catalina.startup.VersionLoggerListener.log Command line argument: -Dfile.encoding=UTF-8
21-Aug-2025 17:05:58.135 INFO [main] org.apache.catalina.core.AprLifecycleListener.lifecycleEvent Loaded Apache Tomcat Native library [1.3.1] using APR version [1.7.4].
21-Aug-2025 17:05:58.136 INFO [main] org.apache.catalina.core.AprLifecycleListener.lifecycleEvent APR capabilities: IPv6 [true], sendfile [true], accept filters [false], random [true], UDS [true].
21-Aug-2025 17:05:58.136 INFO [main] org.apache.catalina.core.AprLifecycleListener.lifecycleEvent APR/OpenSSL configuration: useAprConnector [false], useOpenSSL [true]
21-Aug-2025 17:05:59.128 INFO [main] org.apache.catalina.core.AprLifecycleListener.initializeSSL OpenSSL successfully initialized [OpenSSL 3.0.14 4 Jun 2024]
21-Aug-2025 17:05:59.892 INFO [main] org.apache.coyote.AbstractProtocol.init Initializing ProtocolHandler ["http-nio-8080"]
21-Aug-2025 17:06:00.060 INFO [main] org.apache.catalina.startup.Catalina.load Server initialization in [6116] milliseconds
21-Aug-2025 17:06:00.413 INFO [main] org.apache.catalina.core.StandardService.startInternal Starting service [Catalina]
21-Aug-2025 17:06:00.413 INFO [main] org.apache.catalina.core.StandardEngine.startInternal Starting Servlet engine: [Apache Tomcat/9.0.98]
21-Aug-2025 17:06:00.464 INFO [main] org.apache.catalina.startup.HostConfig.deployDescriptor Deploying deployment descriptor [D:\PahanaeduBookshop\conf\Catalina\localhost\PahanaeduBookshop.xml]
21-Aug-2025 17:06:03.353 INFO [main] org.apache.jasper.servlet.TldScanner.scanJars At least one JAR was scanned for TLDs yet contained no TLDs. Enable debug logging for this logger for a complete list of JARs that were scanned but no TLDs were found in them. Skipping unneeded JARs during scanning can improve startup time and JSP compilation time.
21-Aug-2025 17:06:04.129 INFO [main] org.apache.catalina.startup.HostConfig.deployDescriptor Deployment of deployment descriptor [D:\PahanaeduBookshop\conf\Catalina\localhost\PahanaeduBookshop.xml] has finished in [3,662] ms
21-Aug-2025 17:06:04.142 INFO [main] org.apache.coyote.AbstractProtocol.start Starting ProtocolHandler ["http-nio-8080"]
21-Aug-2025 17:06:04.434 INFO [main] org.apache.catalina.startup.Catalina.start Server startup in [4374] milliseconds
21-Aug-2025 17:25:43.723 INFO [Thread-1] org.apache.coyote.AbstractProtocol.pause Pausing ProtocolHandler ["http-nio-8080"]
21-Aug-2025 17:25:46.259 INFO [Thread-1] org.apache.catalina.core.StandardService.stopInternal Stopping service [Catalina]
21-Aug-2025 17:25:51.092 WARNING [Thread-1] org.apache.catalina.loader.WebappClassLoaderBase.clearReferencesJdbc The web application [PahanaeduBookshop] registered the JDBC driver [com.mysql.cj.jdbc.Driver] but failed to unregister it when the web application was stopped. To prevent a memory leak, the JDBC Driver has been forcibly unregistered.
21-Aug-2025 17:25:51.197 WARNING [Thread-1] org.apache.catalina.loader.WebappClassLoaderBase.clearReferencesThreads The web application [PahanaeduBookshop] appears to have started a thread named [mysql-cj-abandoned-connection-cleanup] but has failed to stop it. This is very likely to create a memory leak. Stack trace of thread:
 java.base@17.0.2/java.lang.Object.wait(Native Method)
 java.base@17.0.2/java.lang.ref.ReferenceQueue.remove(ReferenceQueue.java:155)
 com.mysql.cj.jdbc.AbandonedConnectionCleanupThread.run(AbandonedConnectionCleanupThread.java:91)
 java.base@17.0.2/java.util.concurrent.ThreadPoolExecutor.runWorker(ThreadPoolExecutor.java:1136)
 java.base@17.0.2/java.util.concurrent.ThreadPoolExecutor$Worker.run(ThreadPoolExecutor.java:635)
 java.base@17.0.2/java.lang.Thread.run(Thread.java:833)
21-Aug-2025 17:25:52.033 INFO [Thread-1] org.apache.coyote.AbstractProtocol.stop Stopping ProtocolHandler ["http-nio-8080"]
21-Aug-2025 17:25:52.655 WARNING [Thread-1] org.apache.tomcat.util.net.Acceptor.stopMillis The acceptor thread [http-nio-8080-Acceptor] did not stop cleanly
21-Aug-2025 17:25:52.751 INFO [mysql-cj-abandoned-connection-cleanup] org.apache.catalina.loader.WebappClassLoaderBase.checkStateForResourceLoading Illegal access: this web application instance has been stopped already. Could not load []. The following stack trace is thrown for debugging purposes as well as to attempt to terminate the thread which caused the illegal access.
	java.lang.IllegalStateException: Illegal access: this web application instance has been stopped already. Could not load []. The following stack trace is thrown for debugging purposes as well as to attempt to terminate the thread which caused the illegal access.
		at org.apache.catalina.loader.WebappClassLoaderBase.checkStateForResourceLoading(WebappClassLoaderBase.java:1369)
		at org.apache.catalina.loader.WebappClassLoaderBase.getResource(WebappClassLoaderBase.java:995)
		at com.mysql.cj.jdbc.AbandonedConnectionCleanupThread.checkThreadContextClassLoader(AbandonedConnectionCleanupThread.java:123)
		at com.mysql.cj.jdbc.AbandonedConnectionCleanupThread.run(AbandonedConnectionCleanupThread.java:90)
		at java.base/java.util.concurrent.ThreadPoolExecutor.runWorker(ThreadPoolExecutor.java:1136)
		at java.base/java.util.concurrent.ThreadPoolExecutor$Worker.run(ThreadPoolExecutor.java:635)
		at java.base/java.lang.Thread.run(Thread.java:833)
21-Aug-2025 17:25:53.000 INFO [Thread-1] org.apache.coyote.AbstractProtocol.destroy Destroying ProtocolHandler ["http-nio-8080"]
21-Aug-2025 17:26:30.766 INFO [main] org.apache.catalina.startup.VersionLoggerListener.log Server version name:   Apache Tomcat/9.0.98
21-Aug-2025 17:26:30.781 INFO [main] org.apache.catalina.startup.VersionLoggerListener.log Server built:          Dec 5 2024 19:50:29 UTC
21-Aug-2025 17:26:30.783 INFO [main] org.apache.catalina.startup.VersionLoggerListener.log Server version number: 9.0.98.0
21-Aug-2025 17:26:30.784 INFO [main] org.apache.catalina.startup.VersionLoggerListener.log OS Name:               Windows 10
21-Aug-2025 17:26:30.784 INFO [main] org.apache.catalina.startup.VersionLoggerListener.log OS Version:            10.0
21-Aug-2025 17:26:30.785 INFO [main] org.apache.catalina.startup.VersionLoggerListener.log Architecture:          amd64
21-Aug-2025 17:26:30.785 INFO [main] org.apache.catalina.startup.VersionLoggerListener.log Java Home:             C:\Program Files\Java\jdk-17.0.2
21-Aug-2025 17:26:30.786 INFO [main] org.apache.catalina.startup.VersionLoggerListener.log JVM Version:           17.0.2+8-LTS-86
21-Aug-2025 17:26:30.786 INFO [main] org.apache.catalina.startup.VersionLoggerListener.log JVM Vendor:            Oracle Corporation
21-Aug-2025 17:26:30.787 INFO [main] org.apache.catalina.startup.VersionLoggerListener.log CATALINA_BASE:         D:\PahanaeduBookshop
21-Aug-2025 17:26:30.788 INFO [main] org.apache.catalina.startup.VersionLoggerListener.log CATALINA_HOME:         G:\ICBT\1st_Semester\PROGRAMMING\apache-tomcat-9.0.98\apache-tomcat-9.0.98
21-Aug-2025 17:26:30.814 INFO [main] org.apache.catalina.startup.VersionLoggerListener.log Command line argument: --add-opens=java.base/java.lang=ALL-UNNAMED
21-Aug-2025 17:26:30.814 INFO [main] org.apache.catalina.startup.VersionLoggerListener.log Command line argument: --add-opens=java.base/java.io=ALL-UNNAMED
21-Aug-2025 17:26:30.814 INFO [main] org.apache.catalina.startup.VersionLoggerListener.log Command line argument: --add-opens=java.base/java.util=ALL-UNNAMED
21-Aug-2025 17:26:30.815 INFO [main] org.apache.catalina.startup.VersionLoggerListener.log Command line argument: --add-opens=java.base/java.util.concurrent=ALL-UNNAMED
21-Aug-2025 17:26:30.815 INFO [main] org.apache.catalina.startup.VersionLoggerListener.log Command line argument: --add-opens=java.rmi/sun.rmi.transport=ALL-UNNAMED
21-Aug-2025 17:26:30.815 INFO [main] org.apache.catalina.startup.VersionLoggerListener.log Command line argument: -Dcatalina.home=G:\ICBT\1st_Semester\PROGRAMMING\apache-tomcat-9.0.98\apache-tomcat-9.0.98
21-Aug-2025 17:26:30.815 INFO [main] org.apache.catalina.startup.VersionLoggerListener.log Command line argument: -Dcatalina.base=D:\PahanaeduBookshop
21-Aug-2025 17:26:30.815 INFO [main] org.apache.catalina.startup.VersionLoggerListener.log Command line argument: -Djava.io.tmpdir=D:\PahanaeduBookshop\temp
21-Aug-2025 17:26:30.816 INFO [main] org.apache.catalina.startup.VersionLoggerListener.log Command line argument: -Djava.util.logging.config.file=D:\PahanaeduBookshop\conf\logging.properties
21-Aug-2025 17:26:30.816 INFO [main] org.apache.catalina.startup.VersionLoggerListener.log Command line argument: -Djava.util.logging.manager=org.apache.juli.ClassLoaderLogManager
21-Aug-2025 17:26:30.816 INFO [main] org.apache.catalina.startup.VersionLoggerListener.log Command line argument: -javaagent:C:\Program Files\JetBrains\IntelliJ IDEA Community Edition 2024.3.1.1\lib\idea_rt.jar=63210:C:\Program Files\JetBrains\IntelliJ IDEA Community Edition 2024.3.1.1\bin
21-Aug-2025 17:26:30.816 INFO [main] org.apache.catalina.startup.VersionLoggerListener.log Command line argument: -Dfile.encoding=UTF-8
21-Aug-2025 17:26:31.236 INFO [main] org.apache.catalina.core.AprLifecycleListener.lifecycleEvent Loaded Apache Tomcat Native library [1.3.1] using APR version [1.7.4].
21-Aug-2025 17:26:31.237 INFO [main] org.apache.catalina.core.AprLifecycleListener.lifecycleEvent APR capabilities: IPv6 [true], sendfile [true], accept filters [false], random [true], UDS [true].
21-Aug-2025 17:26:31.238 INFO [main] org.apache.catalina.core.AprLifecycleListener.lifecycleEvent APR/OpenSSL configuration: useAprConnector [false], useOpenSSL [true]
21-Aug-2025 17:26:32.739 INFO [main] org.apache.catalina.core.AprLifecycleListener.initializeSSL OpenSSL successfully initialized [OpenSSL 3.0.14 4 Jun 2024]
21-Aug-2025 17:26:34.675 INFO [main] org.apache.coyote.AbstractProtocol.init Initializing ProtocolHandler ["http-nio-8080"]
21-Aug-2025 17:26:34.959 INFO [main] org.apache.catalina.startup.Catalina.load Server initialization in [7036] milliseconds
21-Aug-2025 17:26:35.346 INFO [main] org.apache.catalina.core.StandardService.startInternal Starting service [Catalina]
21-Aug-2025 17:26:35.347 INFO [main] org.apache.catalina.core.StandardEngine.startInternal Starting Servlet engine: [Apache Tomcat/9.0.98]
21-Aug-2025 17:26:35.436 INFO [main] org.apache.catalina.startup.HostConfig.deployDescriptor Deploying deployment descriptor [D:\PahanaeduBookshop\conf\Catalina\localhost\PahanaeduBookshop.xml]
21-Aug-2025 17:26:38.644 INFO [main] org.apache.jasper.servlet.TldScanner.scanJars At least one JAR was scanned for TLDs yet contained no TLDs. Enable debug logging for this logger for a complete list of JARs that were scanned but no TLDs were found in them. Skipping unneeded JARs during scanning can improve startup time and JSP compilation time.
21-Aug-2025 17:26:39.307 INFO [main] org.apache.catalina.startup.HostConfig.deployDescriptor Deployment of deployment descriptor [D:\PahanaeduBookshop\conf\Catalina\localhost\PahanaeduBookshop.xml] has finished in [3,868] ms
21-Aug-2025 17:26:39.320 INFO [main] org.apache.coyote.AbstractProtocol.start Starting ProtocolHandler ["http-nio-8080"]
21-Aug-2025 17:26:39.610 INFO [main] org.apache.catalina.startup.Catalina.start Server startup in [4650] milliseconds
21-Aug-2025 17:29:10.329 INFO [Thread-1] org.apache.coyote.AbstractProtocol.pause Pausing ProtocolHandler ["http-nio-8080"]
21-Aug-2025 17:29:10.474 INFO [Thread-1] org.apache.catalina.core.StandardService.stopInternal Stopping service [Catalina]
21-Aug-2025 17:29:10.483 WARNING [Thread-1] org.apache.catalina.loader.WebappClassLoaderBase.clearReferencesJdbc The web application [PahanaeduBookshop] registered the JDBC driver [com.mysql.cj.jdbc.Driver] but failed to unregister it when the web application was stopped. To prevent a memory leak, the JDBC Driver has been forcibly unregistered.
21-Aug-2025 17:29:10.484 WARNING [Thread-1] org.apache.catalina.loader.WebappClassLoaderBase.clearReferencesThreads The web application [PahanaeduBookshop] appears to have started a thread named [mysql-cj-abandoned-connection-cleanup] but has failed to stop it. This is very likely to create a memory leak. Stack trace of thread:
 java.base@17.0.2/java.lang.Object.wait(Native Method)
 java.base@17.0.2/java.lang.ref.ReferenceQueue.remove(ReferenceQueue.java:155)
 com.mysql.cj.jdbc.AbandonedConnectionCleanupThread.run(AbandonedConnectionCleanupThread.java:91)
 java.base@17.0.2/java.util.concurrent.ThreadPoolExecutor.runWorker(ThreadPoolExecutor.java:1136)
 java.base@17.0.2/java.util.concurrent.ThreadPoolExecutor$Worker.run(ThreadPoolExecutor.java:635)
 java.base@17.0.2/java.lang.Thread.run(Thread.java:833)
21-Aug-2025 17:29:10.497 INFO [Thread-1] org.apache.coyote.AbstractProtocol.stop Stopping ProtocolHandler ["http-nio-8080"]
21-Aug-2025 17:29:10.510 INFO [Thread-1] org.apache.coyote.AbstractProtocol.destroy Destroying ProtocolHandler ["http-nio-8080"]
21-Aug-2025 17:29:10.540 INFO [mysql-cj-abandoned-connection-cleanup] org.apache.catalina.loader.WebappClassLoaderBase.checkStateForResourceLoading Illegal access: this web application instance has been stopped already. Could not load []. The following stack trace is thrown for debugging purposes as well as to attempt to terminate the thread which caused the illegal access.
	java.lang.IllegalStateException: Illegal access: this web application instance has been stopped already. Could not load []. The following stack trace is thrown for debugging purposes as well as to attempt to terminate the thread which caused the illegal access.
		at org.apache.catalina.loader.WebappClassLoaderBase.checkStateForResourceLoading(WebappClassLoaderBase.java:1369)
		at org.apache.catalina.loader.WebappClassLoaderBase.getResource(WebappClassLoaderBase.java:995)
		at com.mysql.cj.jdbc.AbandonedConnectionCleanupThread.checkThreadContextClassLoader(AbandonedConnectionCleanupThread.java:123)
		at com.mysql.cj.jdbc.AbandonedConnectionCleanupThread.run(AbandonedConnectionCleanupThread.java:90)
		at java.base/java.util.concurrent.ThreadPoolExecutor.runWorker(ThreadPoolExecutor.java:1136)
		at java.base/java.util.concurrent.ThreadPoolExecutor$Worker.run(ThreadPoolExecutor.java:635)
		at java.base/java.lang.Thread.run(Thread.java:833)
